PCC,SEPCC,quadratic,Zscore,NPL,profitability,profit_volat,capitalization,dummies,DtoD,Lerner,Hstatistic,Concentration,HHI,Boone,developed,undeveloped,GMM,SLS,Logit,FE,RE,OLS,T,endogeneity,macro,someAveraged,sampleyear,IFrecursive,citations,reviewed_journal,regulation,global,ownership,firstpub,lnobs
-0.05822503,0.01687682,0,0,1,0,0,0,0,0,1,0,0,0,0,0,0,0,1,0,0,0,0,2.0794415,1,0,0,9,0.134,2.5758784,1,1,1,1,5,8.1602325
-0.05800706,0.01807074,0,0,1,0,0,0,0,0,1,0,0,0,0,0,0,1,0,0,0,0,0,1.9459101,1,0,0,9.5,0.134,2.5758784,1,1,1,1,5,8.0235524
-0.04269229,0.01808471,1,0,1,0,0,0,0,0,1,0,0,0,0,0,0,1,0,0,0,0,0,1.9459101,1,0,0,9.5,0.134,2.5758784,1,1,1,1,5,8.0235524
-0.0519985,0.01688263,0,0,1,0,0,0,0,0,1,0,0,0,0,0,0,0,1,0,0,0,0,2.0794415,1,0,0,9,0.134,2.5758784,1,1,1,1,5,8.1602325
-0.05422376,0.01807459,0,0,1,0,0,0,0,0,1,0,0,0,0,0,0,1,0,0,0,0,0,1.9459101,1,0,0,9.5,0.134,2.5758784,1,1,1,1,5,8.0235524
-0.05879675,0.02202126,0,1,0,0,0,0,0,0,1,0,0,0,0,0,0,0,1,0,0,0,0,1.7917595,1,0,0,10,0.134,2.5758784,1,1,1,1,5,7.6280311
-0.0600495,0.0240198,0,1,0,0,0,0,0,0,1,0,0,0,0,0,0,1,0,0,0,0,0,1.6094379,1,0,0,10.5,0.134,2.5758784,1,1,1,1,5,7.4541411
-0.04947525,0.02403376,1,1,0,0,0,0,0,0,1,0,0,0,0,0,0,1,0,0,0,0,0,1.6094379,1,0,0,10.5,0.134,2.5758784,1,1,1,1,5,7.4541411
-0.05945507,0.0220204,0,1,0,0,0,0,0,0,1,0,0,0,0,0,0,0,1,0,0,0,0,1.7917595,1,0,0,10,0.134,2.5758784,1,1,1,1,5,7.6280311
-0.05909209,0.02402118,0,1,0,0,0,0,0,0,1,0,0,0,0,0,0,1,0,0,0,0,0,1.6094379,1,0,0,10.5,0.134,2.5758784,1,1,1,1,5,7.4541411
0.06923657,0.00893533,0,0,0,0,0,0,0,1,1,0,0,0,0,0,0,0,0,0,1,0,0,2.4849066,1,0,0,11,0.596,1.7917595,1,0,0,0,11,9.43068
0.0503214,0.00961878,0,0,0,0,0,0,0,1,1,0,0,0,0,0,0,0,0,0,1,0,0,2.4849066,1,0,0,11,0.596,1.7917595,1,0,1,0,11,9.2855406
0.04917293,0.00961933,0,0,0,0,0,0,0,1,1,0,0,0,0,0,0,0,0,0,1,0,0,2.4849066,1,0,0,11,0.596,1.7917595,1,0,1,0,11,9.2855406
0.02233449,0.00957192,0,0,0,0,0,0,0,0,1,0,0,0,0,0,0,0,0,0,1,0,0,2.4849066,1,0,0,11,0.596,1.7917595,1,0,1,0,11,9.2973434
0.02482909,0.00956917,0,0,0,0,0,0,0,1,1,0,0,0,0,0,0,0,0,0,1,0,0,2.4849066,1,0,0,11,0.596,1.7917595,1,0,1,0,11,9.2978016
-0.08421953,0.01112811,0,1,0,0,0,0,0,0,1,0,0,0,0,0,0,0,0,0,1,0,0,2.0794415,1,0,0,13,0.596,1.7917595,1,0,1,0,11,8.9894443
0.02191912,0.00917752,0,0,0,0,0,0,0,1,0,1,0,0,0,0,0,0,0,0,1,0,0,2.4849066,1,0,0,11,0.596,1.7917595,1,0,1,0,11,9.3815167
0.05917793,0.00905852,0,0,0,0,0,0,0,1,0,0,1,0,0,0,0,0,0,0,1,0,0,2.4849066,1,0,0,11,0.596,1.7917595,1,0,1,0,11,9.4045905
-0.00651758,0.00916371,0,0,0,0,0,0,0,1,0,0,0,1,0,0,0,0,0,0,1,0,0,2.4849066,1,0,0,11,0.596,1.7917595,1,0,1,0,11,9.3849657
0.00292581,0.00911501,0,0,0,0,0,0,0,1,0,0,0,0,0,0,0,0,0,0,1,0,0,2.4849066,1,0,0,11,0.596,1.7917595,1,1,1,0,11,9.3956574
0.0531622,0.00936494,0,0,0,0,0,0,0,1,0,0,0,0,0,0,0,0,0,0,1,0,0,2.4849066,1,0,0,11,0.596,1.7917595,1,1,1,0,11,9.3387336
0.01700047,0.00913577,0,0,0,0,0,0,0,1,0,0,0,0,0,0,0,0,0,0,1,0,0,2.4849066,1,0,0,11,0.596,1.7917595,1,0,1,0,11,9.3908269
0.03124515,0.0096894,0,0,0,0,0,0,0,1,1,0,0,0,0,0,0,0,0,0,1,0,0,2.4849066,1,0,0,11,0.596,1.7917595,1,1,1,0,11,9.2724697
0.00074082,0.00969413,0,0,0,0,0,0,0,1,1,0,0,0,0,0,0,0,0,0,1,0,0,2.4849066,1,0,0,11,0.596,1.7917595,1,1,1,0,11,9.2724697
-0.0008652,0.00969413,0,0,0,0,0,0,0,1,1,0,0,0,0,0,0,0,0,0,1,0,0,2.4849066,1,0,0,11,0.596,1.7917595,1,1,1,0,11,9.2724697
0.05335178,0.00968032,0,0,0,0,0,0,0,1,1,0,0,0,0,0,0,0,0,0,1,0,0,2.4849066,1,0,0,11,0.596,1.7917595,1,1,1,0,11,9.2724697
-0.06193448,0.01799292,0,0,0,0,0,0,0,1,1,0,0,0,0,0,0,0,0,0,1,0,0,2.4849066,1,0,0,11,0.596,1.7917595,1,1,1,0,11,8.0317104
-0.02163825,0.01553998,0,0,0,0,0,0,0,1,1,0,0,0,0,0,0,0,0,0,1,0,0,2.4849066,1,0,0,11,0.596,1.7917595,1,1,1,0,11,8.3282095
0.01870503,0.01027802,0,0,0,0,0,0,0,1,1,0,0,0,0,0,0,0,0,0,1,0,0,2.4849066,1,0,0,11,0.596,1.7917595,1,1,1,0,11,9.1551447
0.05098194,0.00961846,0,0,0,0,0,0,0,1,1,0,0,0,0,0,0,0,0,0,1,0,0,2.4849066,1,0,0,11,0.596,1.7917595,1,0,1,0,11,9.2855406
0.02520995,0.00962792,0,0,0,0,0,0,0,1,1,0,0,0,0,0,0,0,0,0,1,0,0,2.4849066,1,0,0,11,0.596,1.7917595,1,0,1,0,11,9.2855406
0.03152647,0.00962619,0,0,0,0,0,0,0,1,1,0,0,0,0,0,0,0,0,0,0,0,1,2.4849066,1,0,0,11,0.596,1.7917595,1,0,1,0,11,9.2855406
0.03313269,0.01014266,0,0,0,0,0,0,0,1,1,0,0,0,0,0,0,0,1,0,0,0,0,2.4849066,1,0,0,11,0.596,1.7917595,1,0,1,0,11,9.1809116
0.03579223,0.01423017,0,0,0,0,0,0,0,1,1,0,0,0,0,0,0,0,0,0,1,0,0,2.4849066,1,0,0,11,0.596,1.7917595,1,0,1,0,11,8.5034999
0.04507346,0.01066254,0,0,0,0,0,0,0,1,1,0,0,0,0,0,0,0,0,0,1,0,0,2.0794415,1,0,0,13,0.596,1.7917595,1,0,1,0,11,9.0800039
0.05646726,0.00999905,0,0,0,0,0,0,0,1,1,0,0,0,0,0,0,0,0,0,1,0,0,2.4849066,1,0,0,11,0.596,1.7917595,1,0,1,0,11,9.2073359
0.04618328,0.00928327,0,0,0,0,0,0,0,1,1,0,0,0,0,0,0,0,0,0,1,0,0,2.5649494,1,0,0,11.5,0.596,1.7917595,1,0,1,0,11,9.3569484
0.02533179,0.06187858,0,0,1,0,0,0,0,0,1,0,0,0,0,1,0,0,0,0,1,0,0,2.1972246,0,0,0,12.5,0.005,0.87546874,1,0,1,0,7,5.5645204
-0.00447147,0.06189783,0,0,1,0,0,0,0,0,1,0,0,0,0,1,0,0,0,0,0,1,0,2.1972246,0,0,0,12.5,0.005,0.87546874,1,0,1,1,7,5.5645204
-0.08254839,0.06585633,0,0,1,0,0,0,0,0,1,0,0,0,0,1,0,1,0,0,0,0,0,2.1972246,1,0,0,12.5,0.005,0.87546874,1,0,1,1,7,5.433722
-0.08431703,0.07028339,0,0,1,0,0,0,0,0,1,0,0,0,0,1,0,1,0,0,0,0,0,2.0794415,1,0,0,13,0.005,0.87546874,1,0,1,0,7,5.3033049
-0.03057813,0.07050158,0,0,1,0,0,0,0,0,1,0,0,0,0,1,0,1,0,0,0,0,0,2.0794415,1,0,0,13,0.005,0.87546874,1,0,1,0,7,5.3033049
0.07477882,0.06137343,0,0,1,0,0,0,0,0,0,0,0,0,0,1,0,0,0,0,1,0,0,2.1972246,0,0,0,12.5,0.005,0.87546874,1,0,1,0,7,5.5759491
0.08981293,0.06129702,0,0,1,0,0,0,0,0,0,0,0,0,0,1,0,0,0,0,0,1,0,2.1972246,0,0,0,12.5,0.005,0.87546874,1,0,1,1,7,5.5759491
0.14985023,0.06463391,0,0,1,0,0,0,0,0,0,0,0,0,0,1,0,1,0,0,0,0,0,2.1972246,1,0,0,12.5,0.005,0.87546874,1,0,1,1,7,5.4553211
0.07541073,0.06964416,0,0,1,0,0,0,0,0,0,0,0,0,0,1,0,1,0,0,0,0,0,2.0794415,1,0,0,13,0.005,0.87546874,1,0,1,0,7,5.32301
0.14289861,0.06912625,0,0,1,0,0,0,0,0,0,0,0,0,0,1,0,1,0,0,0,0,0,2.0794415,1,0,0,13,0.005,0.87546874,1,0,1,0,7,5.32301
0.10137231,0.06146195,0,1,0,0,0,0,0,0,1,0,0,0,0,1,0,0,0,0,1,0,0,2.1972246,0,0,0,12.5,0.005,0.87546874,1,0,1,0,7,5.5683445
0.1693445,0.06088791,0,1,0,0,0,0,0,0,1,0,0,0,0,1,0,0,0,0,0,1,0,2.1972246,0,0,0,12.5,0.005,0.87546874,1,0,1,1,7,5.5683445
0.14562993,0.06537737,0,1,0,0,0,0,0,0,1,0,0,0,0,1,0,1,0,0,0,0,0,2.1972246,1,0,0,12.5,0.005,0.87546874,1,0,1,1,7,5.433722
0.07838968,0.07031751,0,1,0,0,0,0,0,0,1,0,0,0,0,1,0,1,0,0,0,0,0,2.0794415,1,0,0,13,0.005,0.87546874,1,0,1,0,7,5.3033049
0.1602886,0.06962256,0,1,0,0,0,0,0,0,1,0,0,0,0,1,0,1,0,0,0,0,0,2.0794415,1,0,0,13,0.005,0.87546874,1,0,1,0,7,5.3033049
-0.1444048,0.06033202,0,1,0,0,0,0,0,0,0,0,0,0,0,1,0,0,0,0,1,0,0,2.1972246,0,0,0,12.5,0.005,0.87546874,1,0,1,0,7,5.5947114
-0.13897819,0.06037938,0,1,0,0,0,0,0,0,0,0,0,0,0,1,0,0,0,0,0,1,0,2.1972246,0,0,0,12.5,0.005,0.87546874,1,0,1,1,7,5.5947114
-0.08322025,0.06446024,0,1,0,0,0,0,0,0,0,0,0,0,0,1,0,1,0,0,0,0,0,2.1972246,1,0,0,12.5,0.005,0.87546874,1,0,1,1,7,5.4764636
-0.22706943,0.06720401,0,1,0,0,0,0,0,0,0,0,0,0,0,1,0,1,0,0,0,0,0,2.0794415,1,0,0,13,0.005,0.87546874,1,0,1,0,7,5.3471075
-0.1710244,0.06798987,0,1,0,0,0,0,0,0,0,0,0,0,0,1,0,1,0,0,0,0,0,2.0794415,1,0,0,13,0.005,0.87546874,1,0,1,0,7,5.3471075
-0.06505308,0.00351006,0,1,0,0,0,0,0,0,1,0,0,0,0,0,0,0,0,0,1,0,0,2.6390573,1,0,0,10,0.596,2.9957323,1,0,0,0,8,11.300004
-0.0252759,0.00351639,0,0,0,0,1,0,0,0,1,0,0,0,0,0,0,0,0,0,1,0,0,2.6390573,1,0,0,10,0.596,2.9957323,1,0,0,0,8,11.300004
-0.05368186,0.00351244,0,0,0,0,0,1,0,0,1,0,0,0,0,0,0,0,0,0,1,0,0,2.6390573,1,0,0,10,0.596,2.9957323,1,0,0,0,8,11.300004
-0.0662121,0.00409115,0,1,0,0,0,0,0,0,1,0,0,0,0,0,0,0,0,0,1,0,0,2.4849066,1,0,0,11,0.596,2.9957323,1,0,0,0,8,10.993463
-0.07582046,0.00360293,0,1,0,0,0,0,0,0,1,0,0,0,0,0,0,0,1,0,0,0,0,2.6390573,1,0,0,10,0.596,2.9957323,1,0,0,0,8,11.246248
-0.06399051,0.0035103,0,1,0,0,0,0,0,0,1,0,0,0,0,0,0,0,0,0,1,0,0,2.6390573,1,0,0,10,0.596,2.9957323,1,0,0,0,8,11.300004
-0.06402258,0.00351029,0,1,0,0,0,0,0,0,1,0,0,0,0,0,0,0,0,0,1,0,0,2.6390573,1,0,0,10,0.596,2.9957323,1,0,0,0,8,11.300004
-0.05870928,0.00351144,0,1,0,0,0,0,0,0,1,0,0,0,0,0,0,0,0,0,1,0,0,2.6390573,1,0,0,10,0.596,2.9957323,1,0,0,0,8,11.300004
-0.05690879,0.0035439,0,1,0,0,0,0,0,0,1,0,0,0,0,0,0,0,0,0,1,0,0,2.6390573,1,0,0,10,0.596,2.9957323,1,1,0,0,8,11.281813
-0.04831624,0.00352522,0,1,0,0,0,0,0,0,1,0,0,0,0,0,0,0,0,0,1,0,0,2.6390573,1,0,0,10,0.596,2.9957323,1,1,0,0,8,11.293288
-0.06758766,0.00358313,0,1,0,0,0,0,0,0,1,0,0,0,0,0,0,0,0,0,1,0,0,2.6390573,1,0,0,10,0.596,2.9957323,1,1,0,0,8,11.258459
-0.05913983,0.00351255,0,1,0,0,0,0,0,0,1,0,0,0,0,0,0,0,0,0,1,0,0,2.6390573,1,0,0,10,0.596,2.9957323,1,1,0,0,8,11.299324
-0.05406225,0.00358859,0,1,0,0,0,0,0,0,1,0,0,0,0,0,0,0,0,0,1,0,0,2.6390573,1,0,0,10,0.596,2.9957323,1,1,0,0,8,11.257065
-0.06459717,0.00358504,0,1,0,0,0,0,0,0,1,0,0,0,0,0,0,0,0,0,1,0,0,2.6390573,1,0,0,10,0.596,2.9957323,1,1,0,0,8,11.257788
-0.08286006,0.00359213,0,1,0,0,0,0,0,0,1,0,0,0,0,0,0,0,0,0,1,0,0,2.6390573,1,0,0,10,0.596,2.9957323,1,1,0,0,8,11.251132
-0.0718288,0.00350844,0,1,0,0,0,0,0,0,1,0,0,0,0,0,0,0,0,0,1,0,0,2.6390573,1,0,0,10,0.596,2.9957323,1,0,0,0,8,11.299992
-0.05077981,0.00354407,0,1,0,0,0,0,0,0,1,0,0,0,0,0,0,0,0,0,1,0,0,2.6390573,1,0,0,10,0.596,2.9957323,1,0,0,0,8,11.28238
-0.04163718,0.00364024,0,1,0,0,0,0,0,0,1,0,0,0,0,0,0,0,0,0,1,0,0,2.6390573,1,0,0,10,0.596,2.9957323,1,1,0,0,8,11.229674
-0.00690495,0.00364332,0,0,0,0,1,0,0,0,1,0,0,0,0,0,0,0,0,0,1,0,0,2.6390573,1,0,0,10,0.596,2.9957323,1,1,0,0,8,11.229674
-0.06535655,0.03173016,0,0,0,0,0,0,1,0,0,0,1,0,0,0,0,0,0,1,0,0,0,2.7725887,0,1,0,0,0.239,4.1640779,1,0,1,0,2,6.8966943
-0.08362552,0.02953962,0,0,0,0,0,0,1,0,0,0,1,0,0,0,0,0,0,1,0,0,0,2.7725887,0,1,0,0,0.239,4.1640779,1,0,1,0,2,7.0370276
-0.09000564,0.02947139,0,0,0,0,0,0,1,0,0,0,1,0,0,0,0,0,0,1,0,0,0,2.7725887,0,1,0,0,0.239,4.1640779,1,0,1,0,2,7.0405364
-0.05474855,0.03189592,0,0,0,0,0,0,1,0,0,0,1,0,0,0,0,0,0,1,0,0,0,2.7725887,0,1,0,0,0.239,4.1640779,1,0,1,0,2,6.8875526
-0.06790212,0.03172476,0,0,0,0,0,0,1,0,0,0,1,0,0,0,0,0,0,1,0,0,0,2.7725887,0,1,0,0,0.239,4.1640779,1,0,1,0,2,6.8966943
-0.06581332,0.03172921,0,0,0,0,0,0,1,0,0,0,1,0,0,0,0,0,0,1,0,0,0,2.7725887,0,1,0,0,0.239,4.1640779,1,0,1,0,2,6.8966943
-0.05237052,0.03175451,0,0,0,0,0,0,1,0,0,0,0,1,0,0,0,0,0,1,0,0,0,2.7725887,0,1,0,0,0.239,4.1640779,1,0,1,0,2,6.8966943
-0.06949111,0.03172128,0,0,0,0,0,0,1,0,0,0,1,0,0,0,0,0,0,1,0,0,0,2.7725887,0,1,0,0,0.239,4.1640779,1,0,1,0,2,6.8966943
-0.17732411,0.05989361,0,0,0,0,0,0,1,0,0,0,1,0,0,0,0,0,0,1,0,0,0,2.7725887,0,1,0,0,0.239,4.1640779,1,0,1,0,2,5.598422
-0.06116146,0.03466641,0,0,0,0,0,0,1,0,0,0,1,0,0,0,0,0,0,1,0,0,0,2.7725887,0,1,0,0,0.239,4.1640779,1,0,1,0,2,6.7202202
-0.06002822,0.03175687,0,0,0,0,0,0,1,0,0,0,1,0,0,0,0,0,0,1,0,0,0,2.7725887,0,1,0,0,0.239,4.1640779,1,0,1,0,2,6.8956827
-0.07866137,0.04128744,0,0,0,0,0,0,1,0,0,0,1,0,0,0,0,0,0,1,0,0,0,2.7725887,0,1,0,0,0.239,4.1640779,1,1,1,0,2,6.3681872
-0.0662516,0.03602858,0,0,0,0,0,0,1,0,0,0,1,0,0,0,0,0,0,1,0,0,0,2.7725887,0,1,0,0,0.239,4.1640779,1,1,1,0,2,6.6424868
-0.08333333,0.04166667,0,0,0,0,0,0,1,0,0,0,1,0,0,0,0,0,0,1,0,0,0,2.7725887,0,1,0,0,0.239,4.1640779,1,1,1,0,2,6.349139
-0.07823345,0.03628218,0,0,0,0,0,0,1,0,0,0,1,0,0,0,0,0,0,1,0,0,0,2.7725887,0,1,0,0,0.239,4.1640779,1,1,1,0,2,6.6267177
-0.07245746,0.03227418,0,0,0,0,0,0,1,0,0,0,1,0,0,0,0,0,0,1,0,0,0,2.7725887,0,1,0,0,0.239,4.1640779,1,1,1,0,2,6.8617113
-0.07060164,0.03227849,0,0,0,0,0,0,1,0,0,0,1,0,0,0,0,0,0,1,0,0,0,2.7725887,0,1,0,0,0.239,4.1640779,1,1,1,0,2,6.8617113
-0.06827828,0.03172394,0,0,0,0,0,0,1,0,0,0,1,0,0,0,0,0,0,1,0,0,0,2.7725887,0,1,0,0,0.239,4.1640779,1,1,1,0,2,6.8966943
-0.07309954,0.03227267,0,0,0,0,0,0,1,0,0,0,1,0,0,0,0,0,0,1,0,0,0,2.7725887,0,1,0,0,0.239,4.1640779,1,1,1,0,2,6.8617113
-0.09081092,0.03166676,0,0,0,0,0,0,1,0,0,0,1,0,0,0,0,0,0,1,0,0,0,2.7725887,0,1,0,0,0.239,4.1640779,1,0,1,0,2,6.8966943
-0.0685591,0.03172333,0,0,0,0,0,0,1,0,0,0,1,0,0,0,0,0,0,1,0,0,0,2.7725887,0,1,0,0,0.239,4.1640779,1,0,1,0,2,6.8966943
-0.10065055,0.03163667,0,0,0,0,0,0,1,0,0,0,1,0,0,0,0,0,0,1,0,0,0,2.7725887,0,1,0,0,0.239,4.1640779,1,0,1,0,2,6.8966943
-0.06855079,0.03196669,0,0,0,0,0,0,1,0,0,0,1,0,0,0,0,0,0,1,0,0,0,2.7725887,0,1,0,0,0.239,4.1640779,1,0,1,0,2,6.8814113
-0.10940255,0.03184974,0,0,0,0,0,0,1,0,0,0,1,0,0,0,0,0,0,1,0,0,0,2.7725887,0,1,0,0,0.239,4.1640779,1,0,1,0,2,6.8814113
-0.0774072,0.03170274,0,0,0,0,0,0,1,0,0,0,1,0,0,0,0,0,0,1,0,0,0,2.7725887,0,1,0,0,0.744,2.4510051,0,0,1,0,2,6.8966943
-0.10478751,0.02940285,0,0,0,0,0,0,1,0,0,0,1,0,0,0,0,0,0,1,0,0,0,2.7725887,0,1,0,0,0.744,2.4510051,0,0,1,0,2,7.0422862
-0.0669755,0.02949923,0,0,0,0,0,0,1,0,0,0,1,0,0,0,0,0,0,1,0,0,0,2.7725887,0,1,0,0,0.744,2.4510051,0,0,1,0,2,7.0422862
-0.12823523,0.04897873,0,0,0,0,0,0,1,0,0,0,1,0,0,0,0,0,0,1,0,0,0,2.7725887,0,1,0,0,0.744,2.4510051,0,0,1,0,2,6.0161572
-0.06335029,0.03173428,0,0,0,0,0,0,1,0,0,0,1,0,0,0,0,0,0,1,0,0,0,2.7725887,0,1,0,0,0.744,2.4510051,0,0,1,0,2,6.8966943
-0.0734119,0.03171235,0,0,0,0,0,0,1,0,0,0,1,0,0,0,0,0,0,1,0,0,0,2.7725887,0,1,0,0,0.744,2.4510051,0,0,1,0,2,6.8966943
-0.08228266,0.03169032,0,0,0,0,0,0,1,0,0,0,1,0,0,0,0,0,0,1,0,0,0,2.7725887,0,1,0,0,0.744,2.4510051,0,0,1,0,2,6.8966943
-0.06804982,0.04131976,0,0,0,0,0,0,1,0,0,0,1,0,0,0,0,0,0,1,0,0,0,2.7725887,0,1,0,0,0.744,2.4510051,0,1,1,0,2,6.3681872
-0.08752918,0.03596932,0,0,0,0,0,0,1,0,0,0,1,0,0,0,0,0,0,1,0,0,0,2.7725887,0,1,0,0,0.744,2.4510051,0,1,1,0,2,6.6424868
-0.0839094,0.03598057,0,0,0,0,0,0,1,0,0,0,1,0,0,0,0,0,0,1,0,0,0,2.7725887,0,1,0,0,0.744,2.4510051,0,1,1,0,2,6.6424868
-0.10367563,0.04158678,0,0,0,0,0,0,1,0,0,0,1,0,0,0,0,0,0,1,0,0,0,2.7725887,0,1,0,0,0.744,2.4510051,0,1,1,0,2,6.349139
-0.08381473,0.03626567,0,0,0,0,0,0,1,0,0,0,1,0,0,0,0,0,0,1,0,0,0,2.7725887,0,1,0,0,0.744,2.4510051,0,1,1,0,2,6.6267177
-0.09738257,0.03799871,0,0,0,0,0,0,1,0,0,0,1,0,0,0,0,0,0,1,0,0,0,2.7725887,0,1,0,0,0.744,2.4510051,0,0,1,1,2,6.5308776
-0.09402084,0.04034254,0,0,0,0,0,0,1,0,0,0,1,0,0,0,0,0,0,1,0,0,0,2.7725887,0,1,0,0,0.744,2.4510051,0,0,1,1,2,6.4118183
-0.07816901,0.03226022,0,0,0,0,0,0,1,0,0,0,1,0,0,0,0,0,0,1,0,0,0,2.7725887,0,1,0,0,0.744,2.4510051,0,1,1,0,2,6.8617113
-0.07696918,0.03226325,0,0,0,0,0,0,1,0,0,0,1,0,0,0,0,0,0,1,0,0,0,2.7725887,0,1,0,0,0.744,2.4510051,0,1,1,0,2,6.8617113
-0.07754514,0.0317024,0,0,0,0,0,0,1,0,0,0,1,0,0,0,0,0,0,1,0,0,0,2.7725887,0,1,0,0,0.744,2.4510051,0,1,1,0,2,6.8966943
-0.05620063,0.03176396,0,0,0,0,0,0,1,0,0,0,1,0,0,0,0,0,0,1,0,0,0,2.7725887,0,1,0,0,0.744,2.4510051,0,0,1,0,2,6.8956827
-0.05092181,0.0317569,0,0,0,0,0,0,1,0,0,0,1,0,0,0,0,0,0,1,0,0,0,2.7725887,0,1,0,0,0.744,2.4510051,0,0,1,0,2,6.8966943
-0.0782732,0.03599713,0,0,0,0,0,0,1,0,0,0,1,0,0,0,0,0,0,1,0,0,0,2.7725887,0,1,0,0,0.744,2.4510051,0,1,1,0,2,6.6424868
-0.05326331,0.03605665,0,0,0,0,0,0,1,0,0,0,1,0,0,0,0,0,0,1,0,0,0,2.7725887,0,1,0,0,0.744,2.4510051,0,1,1,0,2,6.6424868
-0.0692525,0.03602122,0,0,0,0,0,0,1,0,0,0,1,0,0,0,0,0,0,1,0,0,0,2.7725887,0,1,0,0,0.744,2.4510051,0,0,1,0,2,6.6424868
-0.07165678,0.03601509,0,0,0,0,0,0,1,0,0,0,1,0,0,0,0,0,0,1,0,0,0,2.7725887,0,1,0,0,0.744,2.4510051,0,1,1,0,2,6.6424868
-0.09393353,0.04336808,0,0,0,0,0,0,1,0,0,0,1,0,0,0,0,0,0,1,0,0,0,2.7725887,0,1,0,0,0.744,2.4510051,0,0,1,0,2,6.2672005
0.00813678,0.00434542,1,0,1,0,0,0,0,0,1,0,0,0,0,0,0,1,0,0,0,0,0,1.9459101,1,0,1,9.5,0.184,3.5634782,1,1,1,1,6,10.877198
0.01105391,0.00432477,1,0,1,0,0,0,0,0,0,0,0,1,0,0,0,1,0,0,0,0,0,1.9459101,1,0,1,9.5,0.184,3.5634782,1,1,1,1,6,10.88667
0.00922498,0.00432485,1,0,1,0,0,0,0,0,0,0,0,1,0,0,0,1,0,0,0,0,0,1.9459101,1,0,1,9.5,0.184,3.5634782,1,1,1,1,6,10.88667
-0.00347194,0.00421863,1,1,0,0,0,0,0,0,1,0,0,0,0,0,0,1,0,0,0,0,0,1.9459101,1,0,1,9.5,0.184,3.5634782,1,1,1,1,6,10.936476
-0.00748967,0.00419819,1,1,0,0,0,0,0,0,0,0,0,1,0,0,0,1,0,0,0,0,0,1.9459101,1,0,1,9.5,0.184,3.5634782,1,1,1,1,6,10.946147
-0.00691173,0.00419821,1,1,0,0,0,0,0,0,0,0,0,1,0,0,0,1,0,0,0,0,0,1.9459101,1,0,1,9.5,0.184,3.5634782,1,1,1,1,6,10.946147
-8.36E-05,0.00421866,1,0,0,0,0,1,0,0,1,0,0,0,0,0,0,1,0,0,0,0,0,1.9459101,1,0,1,9.5,0.184,3.5634782,1,1,1,1,6,10.936476
-0.00506597,0.00419826,1,0,0,0,0,1,0,0,0,0,0,1,0,0,0,1,0,0,0,0,0,1.9459101,1,0,1,9.5,0.184,3.5634782,1,1,1,1,6,10.946147
-0.01123685,0.00419804,1,0,0,0,0,1,0,0,0,0,0,1,0,0,0,1,0,0,0,0,0,1.9459101,1,0,1,9.5,0.184,3.5634782,1,1,1,1,6,10.946147
0.03960063,0.02000032,0,1,0,0,0,0,0,0,0,0,0,1,0,1,0,0,0,0,0,0,1,0,0,0,0,10.5,0.297,3.2750461,0,0,1,0,3,7.8224447
0.04,0.02,0,1,0,0,0,0,0,0,0,0,0,1,0,1,0,0,0,0,0,0,1,0,0,0,0,10.5,0.297,3.2750461,0,0,1,0,3,7.8224447
0.08812659,0.01993814,0,1,0,0,0,0,0,0,0,0,0,1,0,1,0,1,0,0,0,0,0,0,1,0,0,10.5,0.297,3.2750461,0,0,1,0,3,7.8224447
0.03780324,0.02000171,0,1,0,0,0,0,0,0,0,0,0,1,0,1,0,0,0,0,0,0,1,0,0,0,0,10.5,0.297,3.2750461,0,0,1,0,3,7.8224447
0.03840241,0.02000125,0,1,0,0,0,0,0,0,0,0,0,1,0,1,0,0,0,0,0,0,1,0,0,0,0,10.5,0.297,3.2750461,0,0,1,0,3,7.8224447
0.07167271,0.01996454,0,1,0,0,0,0,0,0,0,0,0,1,0,1,0,1,0,0,0,0,0,0,1,0,0,10.5,0.297,3.2750461,0,0,1,0,3,7.8224447
-0.03916992,0.01998465,0,0,0,1,0,0,0,0,0,0,0,1,0,1,0,0,0,0,0,0,1,0,0,0,0,10.5,0.297,3.2750461,0,0,1,0,3,7.824046
-0.03857128,0.01998512,0,0,0,1,0,0,0,0,0,0,0,1,0,1,0,0,0,0,0,0,1,0,0,0,0,10.5,0.297,3.2750461,0,0,1,0,3,7.824046
-0.03797259,0.01998558,0,0,0,1,0,0,0,0,0,0,0,1,0,1,0,1,0,0,0,0,0,0,1,0,0,10.5,0.297,3.2750461,0,0,1,0,3,7.824046
-0.03637591,0.01998676,0,0,0,1,0,0,0,0,0,0,0,1,0,1,0,0,0,0,0,0,1,0,0,0,0,10.5,0.297,3.2750461,0,0,1,0,3,7.824046
-0.03577708,0.0199872,0,0,0,1,0,0,0,0,0,0,0,1,0,1,0,0,0,0,0,0,1,0,0,0,0,10.5,0.297,3.2750461,0,0,1,0,3,7.824046
-0.02299392,0.01999471,0,0,0,1,0,0,0,0,0,0,0,1,0,1,0,1,0,0,0,0,0,0,1,0,0,10.5,0.297,3.2750461,0,0,1,0,3,7.824046
-0.0099995,0.019999,0,0,0,0,0,1,0,0,0,0,0,1,0,1,0,0,0,0,0,0,1,0,0,0,0,10.5,0.297,3.2750461,0,0,1,0,3,7.824046
-0.0099995,0.019999,0,0,0,0,0,1,0,0,0,0,0,1,0,1,0,0,0,0,0,0,1,0,0,0,0,10.5,0.297,3.2750461,0,0,1,0,3,7.824046
0.00319998,0.0199999,0,0,0,0,0,1,0,0,0,0,0,1,0,1,0,1,0,0,0,0,0,0,1,0,0,10.5,0.297,3.2750461,0,0,1,0,3,7.824046
-0.01099933,0.01999879,0,0,0,0,0,1,0,0,0,0,0,1,0,1,0,0,0,0,0,0,1,0,0,0,0,10.5,0.297,3.2750461,0,0,1,0,3,7.824046
-0.0111993,0.01999875,0,0,0,0,0,1,0,0,0,0,0,1,0,1,0,0,0,0,0,0,1,0,0,0,0,10.5,0.297,3.2750461,0,0,1,0,3,7.824046
-0.00919961,0.01999915,0,0,0,0,0,1,0,0,0,0,0,1,0,1,0,1,0,0,0,0,0,0,1,0,0,10.5,0.297,3.2750461,0,0,1,0,3,7.824046
0.04558907,0.01999521,0,0,0,0,1,0,0,0,0,0,0,1,0,1,0,0,0,0,0,0,1,0,0,0,0,10.5,0.297,3.2750461,0,0,1,0,3,7.8224447
0.04578861,0.01999503,0,0,0,0,1,0,0,0,0,0,0,1,0,1,0,0,0,0,0,0,1,0,0,0,0,10.5,0.297,3.2750461,0,0,1,0,3,7.8224447
0.08614774,0.01994161,0,0,0,0,1,0,0,0,0,0,0,1,0,1,0,1,0,0,0,0,0,0,1,0,0,10.5,0.297,3.2750461,0,0,1,0,3,7.8224447
0.04638718,0.01999447,0,0,0,0,1,0,0,0,0,0,0,1,0,1,0,0,0,0,0,0,1,0,0,0,0,10.5,0.297,3.2750461,0,0,1,0,3,7.8224447
0.0469857,0.01999391,0,0,0,0,1,0,0,0,0,0,0,1,0,1,0,0,0,0,0,0,1,0,0,0,0,10.5,0.297,3.2750461,0,0,1,0,3,7.8224447
0.10588659,0.01990349,0,0,0,0,1,0,0,0,0,0,0,1,0,1,0,1,0,0,0,0,0,0,1,0,0,10.5,0.297,3.2750461,0,0,1,0,3,7.8224447
-0.04916018,0.01998381,0,0,0,0,0,0,0,0,0,0,0,1,0,1,0,0,0,0,0,0,1,0,0,0,0,10.5,0.297,3.2750461,0,0,1,0,3,7.8232457
-0.04756515,0.01998536,0,0,0,0,0,0,0,0,0,0,0,1,0,1,0,0,0,0,0,0,1,0,0,0,0,10.5,0.297,3.2750461,0,0,1,0,3,7.8232457
-0.09855744,0.01991059,0,0,0,0,0,0,0,0,0,0,0,1,0,1,0,1,0,0,0,0,0,0,1,0,0,10.5,0.297,3.2750461,0,0,1,0,3,7.8232457
-0.05015688,0.01998282,0,0,0,0,0,0,0,0,0,0,0,1,0,1,0,0,0,0,0,0,1,0,0,0,0,10.5,0.297,3.2750461,0,0,1,0,3,7.8232457
-0.04716634,0.01998574,0,0,0,0,0,0,0,0,0,0,0,1,0,1,0,0,0,0,0,0,1,0,0,0,0,10.5,0.297,3.2750461,0,0,1,0,3,7.8232457
-0.1749315,0.01969949,0,0,0,0,0,0,0,0,0,0,0,1,0,1,0,1,0,0,0,0,0,0,1,0,0,10.5,0.297,3.2750461,0,0,1,0,3,7.8232457
0.03340111,0.00759116,0,1,0,0,0,0,0,0,0,0,0,1,0,0,1,0,0,0,1,0,0,2.3978953,0,0,0,6.5,0.297,3.2750461,0,0,0,0,3,9.7604252
0.02278028,0.00759343,0,1,0,0,0,0,0,0,0,0,0,1,0,0,1,0,0,0,1,0,0,2.3978953,0,0,0,6.5,0.297,3.2750461,0,0,0,0,3,9.7604252
0.02243604,0.00801287,0,1,0,0,0,0,0,0,0,0,0,1,0,0,1,0,0,0,1,0,0,2.3978953,0,0,0,6.5,0.297,3.2750461,0,0,1,0,3,9.6529086
0.02563921,0.00801225,0,1,0,0,0,0,0,0,0,0,0,1,0,0,1,0,0,0,1,0,0,2.3978953,0,0,0,6.5,0.297,3.2750461,0,0,1,0,3,9.6529086
0.02263278,0.00905311,0,1,0,0,0,0,0,0,0,0,0,1,0,0,1,0,0,0,1,0,0,2.3978953,0,0,0,6.5,0.297,3.2750461,0,0,1,0,3,9.4087813
0.01901297,0.00905379,0,1,0,0,0,0,0,0,0,0,0,1,0,0,1,0,0,0,1,0,0,2.3978953,0,0,0,6.5,0.297,3.2750461,0,0,1,0,3,9.4087813
0.02733322,0.00759256,0,1,0,0,0,0,0,0,0,0,0,1,0,0,1,0,0,0,1,0,0,2.3978953,0,0,0,6.5,0.297,3.2750461,0,0,0,0,3,9.7604252
0.01139236,0.00759491,0,1,0,0,0,0,0,0,0,0,0,1,0,0,1,0,0,0,1,0,0,2.3978953,0,0,0,6.5,0.297,3.2750461,0,0,0,0,3,9.7604252
0.01202147,0.00801431,0,1,0,0,0,0,0,0,0,0,0,1,0,0,1,0,0,0,1,0,0,2.3978953,0,0,0,6.5,0.297,3.2750461,0,0,1,0,3,9.6529086
0.01122014,0.00801438,0,1,0,0,0,0,0,0,0,0,0,1,0,0,1,0,0,0,1,0,0,2.3978953,0,0,0,6.5,0.297,3.2750461,0,0,1,0,3,9.6529086
0.00271662,0.0090554,0,1,0,0,0,0,0,0,0,0,0,1,0,0,1,0,0,0,1,0,0,2.3978953,0,0,0,6.5,0.297,3.2750461,0,0,1,0,3,9.4087813
0.00181108,0.00905542,0,1,0,0,0,0,0,0,0,0,0,1,0,0,1,0,0,0,1,0,0,2.3978953,0,0,0,6.5,0.297,3.2750461,0,0,1,0,3,9.4087813
0.02657451,0.00759272,0,1,0,0,0,0,0,0,0,0,0,1,0,0,1,0,0,0,1,0,0,2.3978953,0,0,0,6.5,0.297,3.2750461,0,0,0,0,3,9.7604252
0.01822593,0.00759414,0,1,0,0,0,0,0,0,0,0,0,1,0,0,1,0,0,0,1,0,0,2.3978953,0,0,0,6.5,0.297,3.2750461,0,0,0,0,3,9.7604252
0.01602772,0.00801386,0,1,0,0,0,0,0,0,0,0,0,1,0,0,1,0,0,0,1,0,0,2.3978953,0,0,0,6.5,0.297,3.2750461,0,0,1,0,3,9.6529086
0.02083419,0.00801315,0,1,0,0,0,0,0,0,0,0,0,1,0,0,1,0,0,0,1,0,0,2.3978953,0,0,0,6.5,0.297,3.2750461,0,0,1,0,3,9.6529086
0.01539241,0.00905436,0,1,0,0,0,0,0,0,0,0,0,1,0,0,1,0,0,0,1,0,0,2.3978953,0,0,0,6.5,0.297,3.2750461,0,0,1,0,3,9.4087813
0.00996048,0.00905498,0,1,0,0,0,0,0,0,0,0,0,1,0,0,1,0,0,0,1,0,0,2.3978953,0,0,0,6.5,0.297,3.2750461,0,0,1,0,3,9.4087813
0.00524837,0.00874728,0,0,0,1,0,0,0,0,0,0,0,1,0,0,1,0,0,0,1,0,0,2.3978953,0,0,0,6.5,0.297,3.2750461,0,0,1,0,3,9.4779983
0.00087474,0.00874739,0,0,0,1,0,0,0,0,0,0,0,1,0,0,1,0,0,0,1,0,0,2.3978953,0,0,0,6.5,0.297,3.2750461,0,0,1,0,3,9.4779983
0.03284941,0.00887822,0,0,0,0,0,1,0,0,0,0,0,1,0,0,1,0,0,0,1,0,0,2.3978953,0,0,0,6.5,0.297,3.2750461,0,0,1,0,3,9.447229
0.03639622,0.00887713,0,0,0,0,0,1,0,0,0,0,0,1,0,0,1,0,0,0,1,0,0,2.3978953,0,0,0,6.5,0.297,3.2750461,0,0,1,0,3,9.447229
0.02798071,0.00874397,0,0,0,0,1,0,0,0,0,0,0,1,0,0,1,0,0,0,1,0,0,2.3978953,0,0,0,6.5,0.297,3.2750461,0,0,1,0,3,9.4779983
0.00962169,0.00874699,0,0,0,0,1,0,0,0,0,0,0,1,0,0,1,0,0,0,1,0,0,2.3978953,0,0,0,6.5,0.297,3.2750461,0,0,1,0,3,9.4779983
-0.01661776,0.00874619,0,0,0,1,0,0,0,0,0,0,0,1,0,0,1,0,0,0,1,0,0,2.3978953,0,0,0,6.5,0.297,3.2750461,0,0,1,0,3,9.4779983
-0.029728,0.00874353,0,0,0,1,0,0,0,0,0,0,0,1,0,0,1,0,0,0,1,0,0,2.3978953,0,0,0,6.5,0.297,3.2750461,0,0,1,0,3,9.4779983
0.03816912,0.00887654,0,0,0,0,0,1,0,0,0,0,0,1,0,0,1,0,0,0,1,0,0,2.3978953,0,0,0,6.5,0.297,3.2750461,0,0,1,0,3,9.447229
0.04968344,0.00887204,0,0,0,0,0,1,0,0,0,0,0,1,0,0,1,0,0,0,1,0,0,2.3978953,0,0,0,6.5,0.297,3.2750461,0,0,1,0,3,9.447229
0.00874706,0.00874706,0,0,0,0,1,0,0,0,0,0,0,1,0,0,1,0,0,0,1,0,0,2.3978953,0,0,0,6.5,0.297,3.2750461,0,0,1,0,3,9.4779983
-0.01486893,0.00874643,0,0,0,0,1,0,0,0,0,0,0,1,0,0,1,0,0,0,1,0,0,2.3978953,0,0,0,6.5,0.297,3.2750461,0,0,1,0,3,9.4779983
-0.00699775,0.00874718,0,0,0,1,0,0,0,0,0,0,0,1,0,0,1,0,0,0,1,0,0,2.3978953,0,0,0,6.5,0.297,3.2750461,0,0,1,0,3,9.4779983
-0.01749212,0.00874606,0,0,0,1,0,0,0,0,0,0,0,1,0,0,1,0,0,0,1,0,0,2.3978953,0,0,0,6.5,0.297,3.2750461,0,0,1,0,3,9.4779983
0.03107553,0.00887872,0,0,0,0,0,1,0,0,0,0,0,1,0,0,1,0,0,0,1,0,0,2.3978953,0,0,0,6.5,0.297,3.2750461,0,0,1,0,3,9.447229
0.03994166,0.00887592,0,0,0,0,0,1,0,0,0,0,0,1,0,0,1,0,0,0,1,0,0,2.3978953,0,0,0,6.5,0.297,3.2750461,0,0,1,0,3,9.447229
0.01574336,0.00874631,0,0,0,0,1,0,0,0,0,0,0,1,0,0,1,0,0,0,1,0,0,2.3978953,0,0,0,6.5,0.297,3.2750461,0,0,1,0,3,9.4779983
-0.00437366,0.00874731,0,0,0,0,1,0,0,0,0,0,0,1,0,0,1,0,0,0,1,0,0,2.3978953,0,0,0,6.5,0.297,3.2750461,0,0,1,0,3,9.4779983
-0.04209353,0.00725751,0,0,0,0,0,0,0,0,0,0,0,1,0,0,1,0,0,0,1,0,0,2.3978953,0,0,0,6.5,0.297,3.2750461,0,0,0,0,3,9.8496647
-0.05945896,0.00725109,0,0,0,0,0,0,0,0,0,0,0,1,0,0,1,0,0,0,1,0,0,2.3978953,0,0,0,6.5,0.297,3.2750461,0,0,0,0,3,9.8496647
-0.04524187,0.00766811,0,0,0,0,0,0,0,0,0,0,0,1,0,0,1,0,0,0,1,0,0,2.3978953,0,0,0,6.5,0.297,3.2750461,0,0,1,0,3,9.7393202
-0.0551828,0.00766428,0,0,0,0,0,0,0,0,0,0,0,1,0,0,1,0,0,0,1,0,0,2.3978953,0,0,0,6.5,0.297,3.2750461,0,0,1,0,3,9.7393202
-0.05550997,0.00881111,0,0,0,0,0,0,0,0,0,0,0,1,0,0,1,0,0,0,1,0,0,2.3978953,0,0,0,6.5,0.297,3.2750461,0,0,1,0,3,9.4603985
-0.04759943,0.00881471,0,0,0,0,0,0,0,0,0,0,0,1,0,0,1,0,0,0,1,0,0,2.3978953,0,0,0,6.5,0.297,3.2750461,0,0,1,0,3,9.4603985
-0.03702072,0.00725896,0,0,0,0,0,0,0,0,0,0,0,1,0,0,1,0,0,0,1,0,0,2.3978953,0,0,0,6.5,0.297,3.2750461,0,0,0,0,3,9.8496647
-0.05150555,0.0072543,0,0,0,0,0,0,0,0,0,0,0,1,0,0,1,0,0,0,1,0,0,2.3978953,0,0,0,6.5,0.297,3.2750461,0,0,0,0,3,9.8496647
-0.04447659,0.00766838,0,0,0,0,0,0,0,0,0,0,0,1,0,0,1,0,0,0,1,0,0,2.3978953,0,0,0,6.5,0.297,3.2750461,0,0,1,0,3,9.7393202
-0.0467722,0.00766757,0,0,0,0,0,0,0,0,0,0,0,1,0,0,1,0,0,0,1,0,0,2.3978953,0,0,0,6.5,0.297,3.2750461,0,0,1,0,3,9.7393202
-0.05287421,0.00881237,0,0,0,0,0,0,0,0,0,0,0,1,0,0,1,0,0,0,1,0,0,2.3978953,0,0,0,6.5,0.297,3.2750461,0,0,1,0,3,9.4603985
-0.05375292,0.00881195,0,0,0,0,0,0,0,0,0,0,0,1,0,0,1,0,0,0,1,0,0,2.3978953,0,0,0,6.5,0.297,3.2750461,0,0,1,0,3,9.4603985
-0.02468988,0.00726173,0,0,0,0,0,0,0,0,0,0,0,1,0,0,1,0,0,0,1,0,0,2.3978953,0,0,0,6.5,0.297,3.2750461,0,0,0,0,3,9.8496647
-0.0355708,0.00725935,0,0,0,0,0,0,0,0,0,0,0,1,0,0,1,0,0,0,1,0,0,2.3978953,0,0,0,6.5,0.297,3.2750461,0,0,0,0,3,9.8496647
-0.03528749,0.00767119,0,0,0,0,0,0,0,0,0,0,0,1,0,0,1,0,0,0,1,0,0,2.3978953,0,0,0,6.5,0.297,3.2750461,0,0,1,0,3,9.7393202
-0.03681969,0.00767077,0,0,0,0,0,0,0,0,0,0,0,1,0,0,1,0,0,0,1,0,0,2.3978953,0,0,0,6.5,0.297,3.2750461,0,0,1,0,3,9.7393202
-0.03967993,0.00881776,0,0,0,0,0,0,0,0,0,0,0,1,0,0,1,0,0,0,1,0,0,2.3978953,0,0,0,6.5,0.297,3.2750461,0,0,1,0,3,9.4603985
-0.02029266,0.0088229,0,0,0,0,0,0,0,0,0,0,0,1,0,0,1,0,0,0,1,0,0,2.3978953,0,0,0,6.5,0.297,3.2750461,0,0,1,0,3,9.4603985
-0.15619259,0.02557985,1,1,0,0,0,0,0,0,0,0,0,0,1,0,1,0,0,0,0,0,0,1.7917595,0,0,0,13,0.239,1.8325815,1,0,0,1,8,7.3072023
0.11365768,0.02572988,1,1,0,0,0,0,0,0,0,0,0,0,1,0,1,0,0,0,0,0,0,1.7917595,0,0,0,13,0.239,1.8325815,1,0,0,1,8,7.3072023
-0.14033757,0.02564141,1,1,0,0,0,0,0,0,0,0,0,0,1,0,1,0,0,0,0,0,0,1.7917595,0,0,0,13,0.239,1.8325815,1,0,0,1,8,7.3072023
-0.15846736,0.02557046,1,1,0,0,0,0,0,0,0,0,0,0,1,0,1,0,0,0,0,0,0,1.7917595,0,0,0,13,0.239,1.8325815,1,0,0,1,8,7.3072023
0.07212949,0.01710016,0,1,0,0,0,0,0,0,1,0,0,0,0,0,0,1,0,0,0,0,0,1.7917595,1,0,0,14,0,0,0,0,1,0,7,8.1321188
0.01899236,0.01714172,0,1,0,0,0,0,0,0,1,0,0,0,0,0,0,1,0,0,0,0,0,1.7917595,1,0,0,14,0,0,0,0,1,0,7,8.1321188
0.08140561,0.03748405,0,0,0,0,0,0,1,0,0,1,0,0,0,0,0,0,0,1,0,0,0,3.2188758,0,1,0,0.5,0.661,3.3518515,1,0,1,0,3,6.5610307
0.09024482,0.03745541,0,0,0,0,0,0,1,0,0,1,0,0,0,0,0,0,0,1,0,0,0,3.2188758,0,1,0,0.5,0.661,3.3518515,1,0,1,0,3,6.5610307
0.1043546,0.03740353,0,0,0,0,0,0,1,0,0,1,0,0,0,0,0,0,0,1,0,0,0,3.2188758,0,1,0,0.5,0.661,3.3518515,1,0,1,0,3,6.5610307
0.10457933,0.03740264,0,0,0,0,0,0,1,0,0,1,0,0,0,0,0,0,0,1,0,0,0,3.2188758,0,1,0,0.5,0.661,3.3518515,1,0,1,0,3,6.5610307
0.08054546,0.04022559,0,0,0,0,0,0,1,0,0,1,0,0,0,0,0,0,0,1,0,0,0,3.2188758,0,1,0,0.5,0.661,3.3518515,1,0,1,0,3,6.4199949
0.11031085,0.04215063,0,0,0,0,0,0,1,0,0,1,0,0,0,0,0,0,0,1,0,0,0,3.2188758,0,1,0,0.5,0.661,3.3518515,1,0,1,0,3,6.3207683
0.10228304,0.0425716,0,0,0,0,0,0,1,0,0,1,0,0,0,0,0,0,0,1,0,0,0,3.2188758,0,1,0,0.5,0.661,3.3518515,1,0,1,0,3,6.302619
0.10310073,0.04439434,0,0,0,0,0,0,1,0,0,1,0,0,0,0,0,0,0,1,0,0,0,3.2188758,0,1,0,0.5,0.661,3.3518515,1,0,1,0,3,6.2186001
0.09312392,0.03896297,0,0,0,0,0,0,1,0,0,1,0,0,0,0,0,0,0,1,0,0,0,3.2188758,0,1,0,0.5,0.661,3.3518515,1,0,1,0,3,6.4815771
0.08090348,0.04012651,0,0,0,0,0,0,1,0,0,1,0,0,0,0,0,0,0,1,0,0,0,3.1780538,0,1,0,1,0.661,3.3518515,1,0,1,0,3,6.424869
0.08705103,0.03931703,0,0,0,0,0,0,1,0,0,1,0,0,0,0,0,0,0,1,0,0,0,3.1354942,0,1,0,0.5,0.661,3.3518515,1,0,1,0,3,6.4645883
0.16234835,0.03937495,0,0,0,0,0,0,1,0,0,1,0,0,0,0,0,0,0,1,0,0,0,3.2188758,0,1,0,0.5,0.661,3.3518515,1,0,1,0,3,6.4425402
0.06558805,0.03895937,0,0,0,0,0,0,1,0,0,1,0,0,0,0,0,0,0,1,0,0,0,3.2188758,0,1,0,0.5,0.661,3.3518515,1,0,1,0,3,6.4861608
0.07690551,0.03919762,0,0,0,0,0,0,1,0,0,1,0,0,0,0,0,0,0,1,0,0,0,3.2188758,0,1,0,0.5,0.661,3.3518515,1,1,1,0,3,6.4723463
0.06781868,0.03922354,0,0,0,0,0,0,1,0,0,1,0,0,0,0,0,0,0,1,0,0,0,3.2188758,0,1,0,0.5,0.661,3.3518515,1,1,1,0,3,6.4723463
0.07361134,0.04883735,0,0,0,0,0,0,1,0,0,1,0,0,0,0,0,0,0,1,0,0,0,3.2188758,0,1,0,0.5,0.661,3.3518515,1,0,1,1,3,6.0330862
0.07351763,0.03973314,0,0,0,0,0,0,1,0,0,1,0,0,0,0,0,0,0,1,0,0,0,3.2188758,0,1,0,0.5,0.661,3.3518515,1,0,1,1,3,6.4457198
0.07724645,0.03919659,0,0,0,0,0,0,1,0,0,1,0,0,0,0,0,0,0,1,0,0,0,3.2188758,0,1,0,0.5,0.661,3.3518515,1,1,1,0,3,6.4723463
0.07411649,0.04411572,0,0,0,0,0,0,1,0,0,1,0,0,0,0,0,0,0,1,0,0,0,3.2188758,0,1,0,0.5,0.661,3.3518515,1,1,1,0,3,6.2363696
0.09293466,0.04008425,0,0,0,0,0,0,1,0,0,1,0,0,0,0,0,0,0,1,0,0,0,3.2188758,0,1,0,0.5,0.661,3.3518515,1,1,1,0,3,6.424869
0.12320219,0.00740398,0,1,0,0,0,0,0,0,0,0,0,0,1,1,0,0,0,0,1,0,0,2.1972246,1,0,0,8.5,0.213,1.7346011,1,0,0,0,9,9.7961807
0.12218117,0.00740492,0,1,0,0,0,0,0,0,0,0,0,0,1,1,0,0,0,0,1,0,0,2.1972246,1,0,0,8.5,0.213,1.7346011,1,0,1,0,9,9.7961807
0.06249814,0.0075299,0,1,0,0,0,0,0,0,0,0,0,0,1,1,0,0,1,0,0,0,0,2.1972246,1,0,0,8.5,0.213,1.7346011,1,0,0,0,9,9.7738343
0.07897137,0.00752108,0,1,0,0,0,0,0,0,0,0,0,0,1,1,0,0,1,0,0,0,0,2.1972246,1,0,0,8.5,0.213,1.7346011,1,0,1,0,9,9.7738343
0.02820575,0.00754164,0,0,0,0,0,1,0,0,0,0,0,0,1,1,0,0,1,0,0,0,0,2.1972246,1,0,0,8.5,0.213,1.7346011,1,0,1,0,9,9.7738343
0.10986003,0.00749898,0,0,0,1,0,0,0,0,0,0,0,0,1,1,0,0,1,0,0,0,0,2.1972246,1,0,0,8.5,0.213,1.7346011,1,0,1,0,9,9.7738343
-0.00339507,0.0075446,0,0,0,0,1,0,0,0,0,0,0,0,1,1,0,0,1,0,0,0,0,2.1972246,1,0,0,8.5,0.213,1.7346011,1,0,1,0,9,9.7738343
0.02503778,0.00934246,0,0,1,0,0,0,0,0,0,0,0,0,1,1,0,0,1,0,0,0,0,2.1972246,1,0,1,8.5,0.213,1.7346011,1,0,1,0,9,9.345745
0.06015416,0.01868141,0,1,0,0,0,0,0,0,0,0,0,0,1,1,0,0,1,0,0,0,0,2.1972246,1,0,0,8.5,0.213,1.7346011,1,0,1,0,9,7.9568271
0.07959207,0.01328749,0,1,0,0,0,0,0,0,0,0,0,0,1,1,0,0,1,0,0,0,0,2.1972246,1,0,0,8.5,0.213,1.7346011,1,0,1,0,9,8.6355094
0.11772948,0.01041854,0,1,0,0,0,0,0,0,0,0,0,0,1,1,0,0,1,0,0,0,0,2.1972246,1,0,0,8.5,0.213,1.7346011,1,0,1,0,9,9.11438
0.06059292,0.01197489,0,1,0,0,0,0,0,0,0,0,0,0,1,1,0,0,1,0,0,0,0,2.1972246,1,0,0,8.5,0.213,1.7346011,1,0,1,0,9,8.8462091
0.081626,0.00967133,0,1,0,0,0,0,0,0,0,0,0,0,1,1,0,0,1,0,0,0,0,2.1972246,1,0,0,8.5,0.213,1.7346011,1,0,1,0,9,9.2704943
0.38365997,0.03441586,0,0,0,0,0,0,0,0,0,0,0,1,0,0,0,0,0,1,0,0,0,1.3862944,1,0,0,13,0.009,0.61903921,0,0,1,0,6,6.5792512
0.12574813,0.03697198,0,0,0,0,0,0,0,0,0,0,0,1,0,0,0,0,0,1,0,0,0,1.3862944,1,0,0,13,0.009,0.61903921,0,0,1,0,6,6.5792512
0.11966895,0.03699999,0,0,0,0,0,0,0,0,0,0,0,1,0,0,0,0,0,1,0,0,0,1.3862944,1,0,0,13,0.009,0.61903921,0,0,1,0,6,6.5792512
0.48345157,0.03262316,0,0,0,0,0,0,0,0,0,0,1,0,0,0,0,0,0,1,0,0,0,1.3862944,1,0,0,13,0.009,0.61903921,0,0,1,0,6,6.5792512
0.18780815,0.03660465,0,0,0,0,0,0,0,0,0,0,1,0,0,0,0,0,0,1,0,0,0,1.3862944,1,0,0,13,0.009,0.61903921,0,0,1,0,6,6.5792512
0.16156138,0.0367782,0,0,0,0,0,0,0,0,0,0,1,0,0,0,0,0,0,1,0,0,0,1.3862944,1,0,0,13,0.009,0.61903921,0,0,1,0,6,6.5792512
0.18129508,0.03665023,0,0,0,0,0,0,0,0,0,0,0,1,0,0,0,0,0,1,0,0,0,1.3862944,1,0,0,13,0.009,0.61903921,0,0,1,0,6,6.5792512
0.07062073,0.03717475,0,0,0,0,0,0,0,0,0,0,0,1,0,0,0,0,0,1,0,0,0,1.3862944,1,0,0,13,0.009,0.61903921,0,0,1,0,6,6.5792512
0.04927887,0.03722252,0,0,0,0,0,0,0,0,0,0,0,1,0,0,0,0,0,1,0,0,0,1.3862944,1,0,0,13,0.009,0.61903921,0,0,1,0,6,6.5792512
0.23053514,0.03626395,0,0,0,0,0,0,0,0,0,0,1,0,0,0,0,0,0,1,0,0,0,1.3862944,1,0,0,13,0.009,0.61903921,0,0,1,0,6,6.5792512
0.09281337,0.03710693,0,0,0,0,0,0,0,0,0,0,1,0,0,0,0,0,0,1,0,0,0,1.3862944,1,0,0,13,0.009,0.61903921,0,0,1,0,6,6.5792512
0.06493796,0.03718914,0,0,0,0,0,0,0,0,0,0,1,0,0,0,0,0,0,1,0,0,0,1.3862944,1,0,0,13,0.009,0.61903921,0,0,1,0,6,6.5792512
0.22761846,0.03628953,0,0,0,0,0,0,0,0,0,0,0,1,0,0,0,0,0,1,0,0,0,1.3862944,1,0,0,13,0.009,0.61903921,0,0,1,0,6,6.5792512
0.06838451,0.03718056,0,0,0,0,0,0,0,0,0,0,0,1,0,0,0,0,0,1,0,0,0,1.3862944,1,0,0,13,0.009,0.61903921,0,0,1,0,6,6.5792512
0.05176324,0.03721784,0,0,0,0,0,0,0,0,0,0,0,1,0,0,0,0,0,1,0,0,0,1.3862944,1,0,0,13,0.009,0.61903921,0,0,1,0,6,6.5792512
0.21243356,0.03641718,0,0,0,0,0,0,0,0,0,0,1,0,0,0,0,0,0,1,0,0,0,1.3862944,1,0,0,13,0.009,0.61903921,0,0,1,0,6,6.5792512
0.07798086,0.03715431,0,0,0,0,0,0,0,0,0,0,1,0,0,0,0,0,0,1,0,0,0,1.3862944,1,0,0,13,0.009,0.61903921,0,0,1,0,6,6.5792512
0.05374476,0.03721394,0,0,0,0,0,0,0,0,0,0,1,0,0,0,0,0,0,1,0,0,0,1.3862944,1,0,0,13,0.009,0.61903921,0,0,1,0,6,6.5792512
-0.06170568,0.03143702,0,1,0,0,0,0,0,0,1,0,0,0,0,0,1,1,0,0,0,0,0,1.7917595,1,0,0,15,0,0,1,1,1,1,10,6.9157234
0.00232593,0.03149695,0,1,0,0,0,0,0,0,0,0,0,1,0,0,1,1,0,0,0,0,0,1.7917595,1,0,0,15,0,0,1,1,1,1,10,6.9157234
-0.31684758,0.0298742,0,1,0,0,0,0,0,0,0,0,0,1,0,0,1,1,0,0,0,0,0,1.7917595,1,0,0,15,0,0,1,1,1,1,10,6.9157234
-0.06101151,0.03143836,0,0,1,0,0,0,0,0,1,0,0,0,0,0,1,1,0,0,0,0,0,1.7917595,1,0,0,15,0,0,1,1,1,1,10,6.9157234
-0.11956592,0.03127109,0,0,1,0,0,0,0,0,0,0,0,1,0,0,1,1,0,0,0,0,0,1.7917595,1,0,0,15,0,0,1,1,1,1,10,6.9157234
-0.13267895,0.03121858,0,0,1,0,0,0,0,0,0,0,0,1,0,0,1,1,0,0,0,0,0,1.7917595,1,0,0,15,0,0,1,1,1,1,10,6.9157234
-0.11079655,0.03130312,0,0,0,1,0,0,0,0,1,0,0,0,0,0,1,1,0,0,0,0,0,1.7917595,1,0,0,15,0,0,1,1,1,1,10,6.9157234
-0.12360137,0.03125552,0,0,0,1,0,0,0,0,0,0,0,1,0,0,1,1,0,0,0,0,0,1.7917595,1,0,0,15,0,0,1,1,1,1,10,6.9157234
-0.05882789,0.03144249,0,0,0,1,0,0,0,0,0,0,0,1,0,0,1,1,0,0,0,0,0,1.7917595,1,0,0,15,0,0,1,1,1,1,10,6.9157234
0.05865371,0.02087462,0,1,0,0,0,0,0,0,0,0,0,1,0,0,1,0,0,0,0,0,1,2.3978953,1,0,0,6.5,0.184,3.2580965,1,0,0,0,5,7.7349962
0.05865368,0.02087462,0,1,0,0,0,0,0,0,0,0,0,1,0,0,1,0,0,0,0,0,1,2.3978953,1,0,0,6.5,0.184,3.2580965,1,0,0,0,5,7.7349962
0.06311852,0.02294418,0,1,0,0,0,0,0,0,0,0,0,1,0,0,1,0,0,0,0,0,1,2.3978953,1,0,0,6.5,0.184,3.2580965,1,0,1,0,5,7.5453897
0.09049051,0.0321592,0,1,0,0,0,0,0,0,0,0,0,1,0,0,1,0,0,0,0,0,1,2.3978953,1,0,0,6.5,0.184,3.2580965,1,0,0,0,5,6.8658911
0.09049027,0.0321592,0,1,0,0,0,0,0,0,0,0,0,1,0,0,1,0,0,0,0,0,1,2.3978953,1,0,0,6.5,0.184,3.2580965,1,0,0,0,5,6.8658911
0.09879985,0.03509473,0,1,0,0,0,0,0,0,0,0,0,1,0,0,1,0,0,0,0,0,1,2.3978953,1,0,0,6.5,0.184,3.2580965,1,0,1,0,5,6.6895993
0.04381123,0.0273941,0,1,0,0,0,0,0,0,0,0,0,1,0,0,1,0,0,0,0,0,1,2.3978953,1,0,0,6.5,0.184,3.2580965,1,0,0,0,5,7.1929342
0.04381121,0.0273941,0,1,0,0,0,0,0,0,0,0,0,1,0,0,1,0,0,0,0,0,1,2.3978953,1,0,0,6.5,0.184,3.2580965,1,0,0,0,5,7.1929342
0.01098628,0.0303012,0,1,0,0,0,0,0,0,0,0,0,1,0,0,1,0,0,0,0,0,1,2.3978953,1,0,0,6.5,0.184,3.2580965,1,0,1,0,5,6.9930151
0.03384688,0.02062978,0,1,0,0,0,0,0,0,0,0,0,1,0,0,1,0,0,0,0,0,0,2.3978953,1,0,0,6.5,0.184,3.2580965,1,0,0,0,5,7.7608932
0.03384688,0.02062978,0,1,0,0,0,0,0,0,0,0,0,1,0,0,1,0,0,0,0,0,0,2.3978953,1,0,0,6.5,0.184,3.2580965,1,0,0,0,5,7.7608932
0.02351526,0.02230992,0,1,0,0,0,0,0,0,0,0,0,1,0,0,1,0,0,0,0,0,0,2.3978953,1,0,0,6.5,0.184,3.2580965,1,0,1,0,5,7.6048945
0.04107275,0.03188435,0,1,0,0,0,0,0,0,0,0,0,1,0,0,1,0,0,0,0,0,0,2.3978953,1,0,0,6.5,0.184,3.2580965,1,0,0,0,5,6.8895913
0.04109365,0.03190057,0,1,0,0,0,0,0,0,0,0,0,1,0,0,1,0,0,0,0,0,0,2.3978953,1,0,0,6.5,0.184,3.2580965,1,0,0,0,5,6.8885725
0.07096788,0.03449852,0,1,0,0,0,0,0,0,0,0,0,1,0,0,1,0,0,0,0,0,0,2.3978953,1,0,0,6.5,0.184,3.2580965,1,0,1,0,5,6.7286286
0.03029539,0.02705417,0,1,0,0,0,0,0,0,0,0,0,1,0,0,1,0,0,0,0,0,0,2.3978953,1,0,0,6.5,0.184,3.2580965,1,0,0,0,5,7.2189097
0.03029538,0.02705417,0,1,0,0,0,0,0,0,0,0,0,1,0,0,1,0,0,0,0,0,0,2.3978953,1,0,0,6.5,0.184,3.2580965,1,0,0,0,5,7.2189097
0.00076939,0.02922277,0,1,0,0,0,0,0,0,0,0,0,1,0,0,1,0,0,0,0,0,0,2.3978953,1,0,0,6.5,0.184,3.2580965,1,0,1,0,5,7.0656134
0.02836136,0.00711967,0,1,0,0,0,0,0,0,0,0,0,0,1,1,0,0,0,0,1,0,0,2.3978953,1,0,0,7.5,0.574,2.2284771,0,0,0,0,5,9.8889829
0.06534718,0.00710839,0,1,0,0,0,0,0,0,0,0,0,0,1,1,0,0,0,0,0,1,0,2.3978953,1,0,0,7.5,0.574,2.2284771,0,0,0,0,5,9.8886784
0.04580792,0.00848153,0,1,0,0,0,0,0,0,0,0,0,0,1,1,0,0,0,0,1,0,0,2.3978953,1,0,0,7.5,0.574,2.2284771,0,0,1,0,5,9.5376277
-0.00487502,0.00448213,0,1,0,0,0,0,0,0,0,0,0,0,1,1,0,0,0,0,1,0,0,2.3978953,1,0,0,7.5,0.574,2.2284771,0,0,0,0,5,10.815288
0.05903241,0.00446291,0,1,0,0,0,0,0,0,0,0,0,0,1,1,0,0,0,0,0,1,0,2.3978953,1,0,0,7.5,0.574,2.2284771,0,0,0,0,5,10.820418
0.0052067,0.00448213,0,1,0,0,0,0,0,0,0,0,0,0,1,1,0,0,0,0,1,0,0,2.3978953,1,0,0,7.5,0.574,2.2284771,0,0,1,0,5,10.815288
-0.01377649,0.02213827,0,1,0,0,0,0,0,0,0,0,0,0,1,1,0,0,0,0,1,0,0,2.3978953,1,0,0,7.5,0.574,2.2284771,0,0,1,0,5,7.6207051
0.04337936,0.01650942,0,1,0,0,0,0,0,0,0,0,0,0,1,1,0,0,0,0,1,0,0,2.3978953,1,0,0,7.5,0.574,2.2284771,0,0,1,0,5,8.2057647
0.08064493,0.01102737,0,1,0,0,0,0,0,0,0,0,0,0,1,1,0,0,0,0,1,0,0,2.3978953,1,0,0,7.5,0.574,2.2284771,0,0,1,0,5,9.0082242
0.04663489,0.00848427,0,1,0,0,0,0,0,0,0,0,0,0,1,1,0,0,0,0,1,0,0,2.3978953,1,0,0,7.5,0.574,2.2284771,0,0,1,0,5,9.5369066
0.06555284,0.01245561,0,1,0,0,0,0,0,0,0,0,0,0,1,1,0,0,0,0,1,0,0,2.3978953,1,0,0,7.5,0.574,2.2284771,0,0,1,0,5,8.7668618
0.04141902,0.00848316,0,1,0,0,0,0,0,0,0,0,0,0,1,1,0,0,0,0,1,0,0,2.3978953,1,0,0,7.5,0.574,2.2284771,0,0,1,0,5,9.5376277
0.0075709,0.00472806,0,1,0,0,0,0,0,0,0,0,0,0,1,1,0,0,0,0,1,0,0,2.3978953,1,0,0,7.5,0.574,2.2284771,0,0,1,0,5,10.708422
0.00690219,0.01409536,0,1,0,0,0,0,0,0,0,0,0,0,1,1,0,0,0,0,1,0,0,2.3978953,1,0,0,7.5,0.574,2.2284771,0,0,1,0,5,8.5237715
0.02254238,0.01982515,0,1,0,0,0,0,0,0,0,0,0,0,1,1,0,0,0,0,1,0,0,2.3978953,1,0,0,7.5,0.574,2.2284771,0,0,1,0,5,7.8410998
0.00540484,0.00448212,0,1,0,0,0,0,0,0,0,0,0,0,1,1,0,0,0,0,1,0,0,2.3978953,1,0,0,7.5,0.574,2.2284771,0,0,1,0,5,10.815288
0.01957481,0.00998611,0,1,0,0,0,0,0,0,0,0,0,1,0,0,1,0,0,0,1,0,0,2.3978953,1,0,0,6.5,0.297,2.8183983,0,0,1,0,4,9.2127375
0.01957481,0.00998611,0,1,0,0,0,0,0,0,0,0,0,1,0,0,1,0,0,0,1,0,0,2.3978953,1,0,0,6.5,0.297,2.8183983,0,0,1,1,4,9.2127375
0.01942163,0.00990787,0,1,0,0,0,0,0,0,0,0,0,1,0,0,1,0,0,0,1,0,0,2.3978953,1,0,0,6.5,0.297,2.8183983,0,0,1,0,4,9.2284749
0.02697222,0.01375834,0,0,1,0,0,0,0,0,0,0,0,1,0,0,1,0,0,0,1,0,0,2.3978953,1,0,0,6.5,0.297,2.8183983,0,0,1,0,4,8.571492
0.02697351,0.01375834,0,0,1,0,0,0,0,0,0,0,0,1,0,0,1,0,0,0,1,0,0,2.3978953,1,0,0,6.5,0.297,2.8183983,0,0,1,0,4,8.571492
0.01788048,0.00912193,0,1,0,0,0,0,0,0,0,0,0,1,0,0,1,0,0,0,1,0,0,2.3978953,1,0,0,6.5,0.297,2.8183983,0,0,1,0,4,9.3938279
0.01788062,0.00912193,0,1,0,0,0,0,0,0,0,0,0,1,0,0,1,0,0,0,1,0,0,2.3978953,1,0,0,6.5,0.297,2.8183983,0,0,1,0,4,9.3938279
0.00649367,0.00962721,0,0,0,1,0,0,0,0,0,0,0,1,0,0,1,0,0,0,1,0,0,2.3978953,1,0,0,6.5,0.297,2.8183983,0,0,1,0,4,9.2862824
0.00649367,0.00962721,0,0,0,1,0,0,0,0,0,0,0,1,0,0,1,0,0,0,1,0,0,2.3978953,1,0,0,6.5,0.297,2.8183983,0,0,1,1,4,9.2862824
-0.00644078,0.00954876,0,0,0,1,0,0,0,0,0,0,0,1,0,0,1,0,0,0,1,0,0,2.3978953,1,0,0,6.5,0.297,2.8183983,0,0,1,0,4,9.302646
0.01905629,0.00972165,0,0,0,0,0,1,0,0,0,0,0,1,0,0,1,0,0,0,1,0,0,2.3978953,1,0,0,6.5,0.297,2.8183983,0,0,1,0,4,9.2664371
0.01905629,0.00972165,0,0,0,0,0,1,0,0,0,0,0,1,0,0,1,0,0,0,1,0,0,2.3978953,1,0,0,6.5,0.297,2.8183983,0,0,1,1,4,9.2664371
0.01890518,0.00964448,0,0,0,0,0,1,0,0,0,0,0,1,0,0,1,0,0,0,1,0,0,2.3978953,1,0,0,6.5,0.297,2.8183983,0,0,1,0,4,9.2823819
0.01887603,0.00962971,0,0,0,0,1,0,0,0,0,0,0,1,0,0,1,0,0,0,1,0,0,2.3978953,1,0,0,6.5,0.297,2.8183983,0,0,1,0,4,9.2854478
0.01887603,0.00962971,0,0,0,0,1,0,0,0,0,0,0,1,0,0,1,0,0,0,1,0,0,2.3978953,1,0,0,6.5,0.297,2.8183983,0,0,1,1,4,9.2854478
0.00644342,0.00955268,0,0,0,0,1,0,0,0,0,0,0,1,0,0,1,0,0,0,1,0,0,2.3978953,1,0,0,6.5,0.297,2.8183983,0,0,1,0,4,9.3018251
-0.01864571,0.00951224,0,0,0,0,0,0,0,0,0,0,0,1,0,0,1,0,0,0,1,0,0,2.3978953,1,0,0,6.5,0.297,2.8183983,0,0,1,0,4,9.3100047
-0.01864571,0.00951224,0,0,0,0,0,0,0,0,0,0,0,1,0,0,1,0,0,0,1,0,0,2.3978953,1,0,0,6.5,0.297,2.8183983,0,0,1,1,4,9.3100047
-0.01864589,0.00951224,0,0,0,0,0,0,0,0,0,0,0,1,0,0,1,0,0,0,1,0,0,2.3978953,1,0,0,6.5,0.297,2.8183983,0,0,1,0,4,9.3100047
0.01852125,0.00944876,0,0,0,0,0,0,0,0,0,0,0,1,0,0,1,0,0,0,1,0,0,2.3978953,1,0,0,6.5,0.297,2.8183983,0,0,1,0,4,9.3234012
0.01852125,0.00944876,0,0,0,0,0,0,0,0,0,0,0,1,0,0,1,0,0,0,1,0,0,2.3978953,1,0,0,6.5,0.297,2.8183983,0,0,1,1,4,9.3234012
0.01554402,0.00944924,0,0,0,0,0,0,0,0,0,0,0,1,0,0,1,0,0,0,1,0,0,2.3978953,1,0,0,6.5,0.297,2.8183983,0,0,1,0,4,9.3234012
-0.01265499,0.10910021,1,1,0,0,0,0,0,0,1,0,0,0,0,1,0,1,0,0,0,0,0,1.9459101,1,0,0,12.5,0,0,0,0,0,1,9,4.4308168
-0.0215922,0.10908351,1,1,0,0,0,0,0,0,1,0,0,0,0,1,0,1,0,0,0,0,0,1.9459101,1,0,0,12.5,0,0,0,0,0,1,9,4.4308168
0.00703598,0.10910624,1,0,1,0,0,0,0,0,1,0,0,0,0,1,0,1,0,0,0,0,0,1.9459101,1,0,0,12.5,0,0,0,0,0,1,9,4.4308168
-0.01203095,0.10910105,1,0,1,0,0,0,0,0,1,0,0,0,0,1,0,1,0,0,0,0,0,1.9459101,1,0,0,12.5,0,0,0,0,0,1,9,4.4308168
-0.06946977,0.0274576,0,0,0,0,0,0,0,1,1,0,0,0,0,0,0,1,0,0,0,0,0,2.0794415,1,0,0,14,0.239,1.0986123,1,0,1,0,11,7.185387
-0.05524115,0.02748207,0,0,0,0,0,0,0,1,1,0,0,0,0,0,0,1,0,0,0,0,0,2.0794415,1,0,0,14,0.239,1.0986123,1,1,1,0,11,7.185387
-0.07726132,0.02744182,0,0,0,0,0,0,0,1,1,0,0,0,0,0,0,1,0,0,0,0,0,2.0794415,1,0,0,14,0.239,1.0986123,1,1,1,0,11,7.185387
-0.07752072,0.02744127,0,0,0,0,0,0,0,1,1,0,0,0,0,0,0,1,0,0,0,0,0,2.0794415,1,0,0,14,0.239,1.0986123,1,1,1,0,11,7.185387
-0.05115177,0.01738761,0,1,0,0,0,0,0,0,1,0,0,0,0,0,0,1,0,0,0,0,0,2.0794415,1,0,0,14,0.239,1.0986123,1,0,1,0,11,8.1013747
-0.0471762,0.01739102,0,1,0,0,0,0,0,0,1,0,0,0,0,0,0,1,0,0,0,0,0,2.0794415,1,0,0,14,0.239,1.0986123,1,1,1,0,11,8.1013747
-0.05154405,0.01738726,0,1,0,0,0,0,0,0,1,0,0,0,0,0,0,1,0,0,0,0,0,2.0794415,1,0,0,14,0.239,1.0986123,1,1,1,0,11,8.1013747
-0.04842557,0.01738998,0,1,0,0,0,0,0,0,1,0,0,0,0,0,0,1,0,0,0,0,0,2.0794415,1,0,0,14,0.239,1.0986123,1,1,1,0,11,8.1013747
-0.06975529,0.02745705,0,0,0,0,0,0,0,1,1,0,0,0,0,0,0,1,0,0,0,0,0,2.0794415,1,0,0,14,0.239,1.0986123,1,0,1,0,11,7.185387
-0.05558015,0.02748155,0,0,0,0,0,0,0,1,1,0,0,0,0,0,0,1,0,0,0,0,0,2.0794415,1,0,0,14,0.239,1.0986123,1,1,1,0,11,7.185387
-0.07754532,0.02744121,0,0,0,0,0,0,0,1,1,0,0,0,0,0,0,1,0,0,0,0,0,2.0794415,1,0,0,14,0.239,1.0986123,1,1,1,0,11,7.185387
-0.07776378,0.02744075,0,0,0,0,0,0,0,1,1,0,0,0,0,0,0,1,0,0,0,0,0,2.0794415,1,0,0,14,0.239,1.0986123,1,1,1,0,11,7.185387
-0.05134315,0.01738744,0,1,0,0,0,0,0,0,1,0,0,0,0,0,0,1,0,0,0,0,0,2.0794415,1,0,0,14,0.239,1.0986123,1,0,1,0,11,8.1013747
-0.04745065,0.01739079,0,1,0,0,0,0,0,0,1,0,0,0,0,0,0,1,0,0,0,0,0,2.0794415,1,0,0,14,0.239,1.0986123,1,1,1,0,11,8.1013747
-0.05169833,0.01738712,0,1,0,0,0,0,0,0,1,0,0,0,0,0,0,1,0,0,0,0,0,2.0794415,1,0,0,14,0.239,1.0986123,1,1,1,0,11,8.1013747
-0.04854306,0.01738988,0,1,0,0,0,0,0,0,1,0,0,0,0,0,0,1,0,0,0,0,0,2.0794415,1,0,0,14,0.239,1.0986123,1,1,1,0,11,8.1013747
-0.07203968,0.02745258,1,0,0,0,0,0,0,1,1,0,0,0,0,0,0,1,0,0,0,0,0,2.0794415,1,0,0,14,0.239,1.0986123,1,0,1,0,11,7.185387
-0.0843455,0.02742601,1,0,0,0,0,0,0,1,1,0,0,0,0,0,0,1,0,0,0,0,0,2.0794415,1,0,0,14,0.239,1.0986123,1,0,1,0,11,7.185387
-0.05257197,0.01738633,1,1,0,0,0,0,0,0,1,0,0,0,0,0,0,1,0,0,0,0,0,2.0794415,1,0,0,14,0.239,1.0986123,1,0,1,0,11,8.1013747
-0.05739316,0.01738171,1,1,0,0,0,0,0,0,1,0,0,0,0,0,0,1,0,0,0,0,0,2.0794415,1,0,0,14,0.239,1.0986123,1,0,1,0,11,8.1013747
-0.14509875,0.02554664,0,0,0,0,0,0,0,1,1,0,0,0,0,0,0,0,0,0,0,0,0,2.0794415,0,0,0,14,0.239,1.0986123,1,0,1,0,11,7.3132204
-0.14818439,0.02553483,0,0,0,0,0,0,0,1,1,0,0,0,0,0,0,0,0,0,0,0,0,2.0794415,0,0,0,14,0.239,1.0986123,1,0,1,0,11,7.3132204
-0.08140481,0.03555044,0,0,0,0,0,0,0,1,1,0,0,0,0,0,0,1,0,0,0,0,0,2.0794415,1,0,0,14,0.239,1.0986123,1,0,0,0,11,6.6669568
-0.07816072,0.0355597,0,0,0,0,0,0,0,1,1,0,0,0,0,0,0,1,0,0,0,0,0,2.0794415,1,0,0,14,0.239,1.0986123,1,0,0,0,11,6.6669568
-0.03768275,0.02170319,0,1,0,0,0,0,0,0,1,0,0,0,0,0,0,1,0,0,0,0,0,2.0794415,1,0,0,14,0.239,1.0986123,1,0,0,0,11,7.6591714
-0.03577493,0.02170471,0,1,0,0,0,0,0,0,1,0,0,0,0,0,0,1,0,0,0,0,0,2.0794415,1,0,0,14,0.239,1.0986123,1,0,0,0,11,7.6591714
0.18864372,0.02124366,0,1,0,0,0,0,0,0,0,0,0,0,0,1,0,0,0,0,0,0,1,3.4657359,0,0,0,15,0.082,0,1,0,1,0,10,7.6671583
0.16886547,0.0213214,0,1,0,0,0,0,0,0,0,0,0,0,1,1,0,0,0,0,0,0,1,3.4657359,0,0,0,15,0.082,0,1,0,1,0,10,7.6671583
0.1469978,0.02139706,0,1,0,0,0,0,0,0,0,0,0,0,0,1,0,0,0,0,1,0,0,3.4657359,0,0,0,15,0.082,0,1,0,1,0,10,7.6671583
0.13250725,0.0214413,0,1,0,0,0,0,0,0,0,0,0,0,1,1,0,0,0,0,1,0,0,3.4657359,0,0,0,15,0.082,0,1,0,1,0,10,7.6671583
0.2256895,0.02319522,0,1,0,0,0,0,0,0,0,0,0,0,0,1,0,0,0,0,0,0,1,3.3322045,0,0,0,15.5,0.082,0,1,0,1,0,10,7.4753392
0.17919463,0.02342413,0,1,0,0,0,0,0,0,0,0,0,0,1,1,0,0,0,0,0,0,1,3.3322045,0,0,0,15.5,0.082,0,1,0,1,0,10,7.4753392
0.18146039,0.02341424,0,1,0,0,0,0,0,0,0,0,0,0,0,1,0,0,0,0,1,0,0,3.3322045,0,0,0,15.5,0.082,0,1,0,1,0,10,7.4753392
0.15776125,0.02351136,0,1,0,0,0,0,0,0,0,0,0,0,1,1,0,0,0,0,1,0,0,3.3322045,0,0,0,15.5,0.082,0,1,0,1,0,10,7.4753392
0.15764825,0.02136155,0,1,0,0,0,0,0,0,0,0,1,0,0,1,0,0,0,0,0,0,1,3.4657359,0,0,0,15,0.082,0,1,0,1,0,10,7.6671583
0.1333497,0.02143886,0,1,0,0,0,0,0,0,0,0,0,1,0,1,0,0,0,0,0,0,1,3.4657359,0,0,0,15,0.082,0,1,0,1,0,10,7.6671583
0.0951796,0.02153385,0,1,0,0,0,0,0,0,0,0,1,0,0,1,0,0,0,0,1,0,0,3.4657359,0,0,0,15,0.082,0,1,0,1,0,10,7.6671583
0.07313627,0.02157412,0,1,0,0,0,0,0,0,0,0,0,1,0,1,0,0,0,0,1,0,0,3.4657359,0,0,0,15,0.082,0,1,0,1,0,10,7.6671583
0.16668274,0.02347644,0,1,0,0,0,0,0,0,0,0,1,0,0,1,0,0,0,0,0,0,1,3.3322045,0,0,0,15.5,0.082,0,1,0,1,0,10,7.4753392
0.12194031,0.02363184,0,1,0,0,0,0,0,0,0,0,0,1,0,1,0,0,0,0,0,0,1,3.3322045,0,0,0,15.5,0.082,0,1,0,1,0,10,7.4753392
0.10419171,0.02367993,0,1,0,0,0,0,0,0,0,0,1,0,0,1,0,0,0,0,1,0,0,3.3322045,0,0,0,15.5,0.082,0,1,0,1,0,10,7.4753392
0.06651901,0.02375679,0,1,0,0,0,0,0,0,0,0,0,1,0,1,0,0,0,0,1,0,0,3.3322045,0,0,0,15.5,0.082,0,1,0,1,0,10,7.4753392
-0.20776201,0.03600728,0,1,0,0,0,0,0,0,0,0,0,0,0,1,0,0,0,0,0,0,1,3.871201,0,0,0,13,0.082,0,1,0,1,1,10,6.6039438
-0.02853062,0.03679552,1,1,0,0,0,0,0,0,0,0,0,0,1,1,0,0,0,0,0,0,1,3.871201,0,0,0,13,0.082,0,1,0,1,1,10,6.6039438
-0.18695487,0.03616148,0,1,0,0,0,0,0,0,0,0,0,0,0,1,0,0,0,0,0,1,0,3.871201,0,0,0,13,0.082,0,1,0,1,1,10,6.6039438
-0.03609901,0.03678652,1,1,0,0,0,0,0,0,0,0,0,0,1,1,0,0,0,0,0,1,0,3.871201,0,0,0,13,0.082,0,1,0,1,1,10,6.6039438
-0.25163615,0.03705982,0,1,0,0,0,0,0,0,0,0,0,0,0,1,0,0,0,0,0,0,1,3.7841896,0,0,0,13.5,0.082,0,1,0,1,1,10,6.5250297
-0.03719947,0.03826548,1,1,0,0,0,0,0,0,0,0,0,0,1,1,0,0,0,0,0,0,1,3.7841896,0,0,0,13.5,0.082,0,1,0,1,1,10,6.5250297
-0.19311581,0.03757117,0,1,0,0,0,0,0,0,0,0,0,0,0,1,0,0,0,0,0,1,0,3.7841896,0,0,0,13.5,0.082,0,1,0,1,1,10,6.5250297
-0.0409149,0.03825991,1,1,0,0,0,0,0,0,0,0,0,0,1,1,0,0,0,0,0,1,0,3.7841896,0,0,0,13.5,0.082,0,1,0,1,0,10,6.5250297
0.06093711,0.02145673,0,1,0,0,0,0,0,0,0,0,0,0,0,1,0,0,0,0,0,0,1,3.4657359,0,0,0,15,0.082,0,1,0,1,0,10,7.6797136
0.07694429,0.02143295,0,1,0,0,0,0,0,0,0,0,0,0,1,1,0,0,0,0,0,0,1,3.4657359,0,0,0,15,0.082,0,1,0,1,0,10,7.6797136
0.05345022,0.02146595,0,1,0,0,0,0,0,0,0,0,0,0,0,1,0,0,0,0,1,0,0,3.4657359,0,0,0,15,0.082,0,1,0,1,0,10,7.6797136
0.07822246,0.02143081,0,1,0,0,0,0,0,0,0,0,0,0,1,1,0,0,0,0,1,0,0,3.4657359,0,0,0,15,0.082,0,1,0,1,0,10,7.6797136
-0.19496237,0.03610414,0,1,0,0,0,0,0,0,0,0,0,0,0,1,0,0,0,0,0,0,1,3.871201,0,0,0,13,0.082,0,1,0,1,1,10,6.6039438
0.00036147,0.03681051,1,1,0,0,0,0,0,0,0,0,0,0,1,1,0,0,0,0,0,0,1,3.871201,0,0,0,13,0.082,0,1,0,1,1,10,6.6039438
-0.10976426,0.03658809,0,1,0,0,0,0,0,0,0,0,0,0,0,1,0,0,0,0,0,1,0,3.871201,0,0,0,13,0.082,0,1,0,1,1,10,6.6039438
0.00960166,0.03680881,1,1,0,0,0,0,0,0,0,0,0,0,1,1,0,0,0,0,0,1,0,3.871201,0,0,0,13,0.082,0,1,0,1,1,10,6.6039438
0.09904028,0.02139099,0,1,0,0,0,0,0,0,0,0,0,0,0,1,0,0,0,0,0,0,1,3.4657359,0,0,0,15,0.082,0,1,0,1,0,10,7.6797136
0.08035189,0.02142717,0,1,0,0,0,0,0,0,0,0,0,0,0,1,0,0,0,0,1,0,0,3.4657359,0,0,0,15,0.082,0,1,0,1,0,10,7.6797136
-0.1725887,0.03625813,0,1,0,0,0,0,0,0,0,0,0,0,0,1,0,0,0,0,0,0,1,3.871201,0,0,0,13,0.082,0,1,0,1,1,10,6.6039438
-0.06830763,0.03672453,0,1,0,0,0,0,0,0,0,0,0,0,0,1,0,0,0,0,0,1,0,3.871201,0,0,0,13,0.082,0,1,0,1,1,10,6.6039438
1.50E-05,0.00811214,1,1,0,0,0,0,0,0,1,0,0,0,0,1,0,1,0,0,0,0,0,2.1972246,1,0,0,11.5,0.014,1.6486586,0,0,0,0,7,9.6287875
1.17E-05,0.00884817,1,1,0,0,0,0,0,0,1,0,0,0,0,1,0,1,0,0,0,0,0,2.1972246,1,0,0,11.5,0.014,1.6486586,0,0,1,0,7,9.4550888
0.02364584,0.00850279,1,0,0,1,0,0,0,0,1,0,0,0,0,1,0,1,0,0,0,0,0,2.1972246,1,0,0,11.5,0.014,1.6486586,0,0,1,0,7,9.5341615
0.00287346,0.00850514,1,0,0,0,0,1,0,0,1,0,0,0,0,1,0,1,0,0,0,0,0,2.1972246,1,0,0,11.5,0.014,1.6486586,0,0,1,0,7,9.5341615
-0.01266528,0.00850449,1,0,0,0,1,0,0,0,1,0,0,0,0,1,0,1,0,0,0,0,0,2.1972246,1,0,0,11.5,0.014,1.6486586,0,0,1,0,7,9.5341615
-0.00375107,0.00897225,1,1,0,0,0,0,0,0,1,0,0,0,0,1,0,1,0,0,0,0,0,2.1972246,1,0,0,11.5,0.014,1.6486586,0,0,1,0,7,9.4272244
-0.00216041,0.00978557,1,1,0,0,0,0,0,0,1,0,0,0,0,1,0,1,0,0,0,0,0,2.1972246,1,0,0,11.5,0.014,1.6486586,0,0,1,0,7,9.2536872
-0.0022881,0.0091585,1,1,0,0,0,0,0,0,1,0,0,0,0,1,0,1,0,0,0,0,0,2.1972246,1,0,0,11.5,0.014,1.6486586,0,0,1,0,7,9.3861407
-0.00438647,0.00958125,1,1,0,0,0,0,0,0,1,0,0,0,0,1,0,1,0,0,0,0,0,2.1972246,1,0,0,11.5,0.014,1.6486586,0,0,1,0,7,9.2958757
1.57E-05,0.00969595,1,1,0,0,0,0,0,0,1,0,0,0,0,1,0,1,0,0,0,0,0,2.1972246,1,0,0,11.5,0.014,1.6486586,0,0,1,0,7,9.2720938
0.00199013,0.00884815,1,1,0,0,0,0,0,0,1,0,0,0,0,1,0,1,0,0,0,0,0,2.1972246,1,0,0,11.5,0.014,1.6486586,0,0,1,0,7,9.4550888
0.00152139,0.0087297,1,1,0,0,0,0,0,0,1,0,0,0,0,1,0,0,0,0,0,1,0,2.1972246,1,0,0,11.5,0.014,1.6486586,0,0,1,0,7,9.4820455
-0.00306302,0.01653619,1,1,0,0,0,0,0,0,1,0,0,0,0,1,0,1,0,0,0,0,0,2.1972246,1,0,0,12.5,0.03,0.55961579,1,0,1,0,8,8.2043984
-0.01643283,0.01653404,1,1,0,0,0,0,0,0,1,0,0,0,0,1,0,1,0,0,0,0,0,2.1972246,1,0,0,12.5,0.03,0.55961579,1,0,1,0,8,8.2043984
-0.01790892,0.01656536,1,1,0,0,0,0,0,0,1,0,0,0,0,1,0,1,0,0,0,0,0,2.1972246,1,0,0,12.5,0.03,0.55961579,1,0,1,0,8,8.2005628
-0.01705291,0.01663193,1,1,0,0,0,0,0,0,1,0,0,0,0,1,0,1,0,0,0,0,0,2.1972246,1,0,0,12.5,0.03,0.55961579,1,0,1,0,8,8.1925705
-0.01531378,0.0178693,1,1,0,0,0,0,0,0,1,0,0,0,0,1,0,1,0,0,0,0,0,2.1972246,1,0,0,12.5,0.03,0.55961579,1,0,1,0,8,8.0491077
-0.01364495,0.01890322,1,1,0,0,0,0,0,0,1,0,0,0,0,1,0,1,0,0,0,0,0,2.1972246,1,0,0,12.5,0.03,0.55961579,1,0,1,0,8,7.9366602
0.04380767,0.01593221,0,1,0,0,0,0,0,0,1,0,0,0,0,1,0,1,0,0,0,0,0,2.1972246,1,0,0,12.5,0.03,0.55961579,1,0,1,0,8,8.2769035
0.09034516,0.03210944,0,0,0,0,0,0,0,0,0,1,0,0,0,0,1,0,0,0,0,0,1,2.3978953,0,0,0,10.5,0.041,1.178655,1,1,1,1,8,6.8690145
0.09034516,0.03210944,0,0,0,0,0,0,0,0,0,1,0,0,0,0,1,0,0,0,0,0,1,2.3978953,0,0,0,10.5,0.041,1.178655,1,1,1,1,8,6.8690145
0.09095975,0.03232681,0,0,0,0,0,0,0,0,0,1,0,0,0,0,1,0,0,0,0,0,1,2.3978953,0,0,0,10.5,0.041,1.178655,1,1,1,1,8,6.8554088
0.09095975,0.03232681,0,0,0,0,0,0,0,0,0,1,0,0,0,0,1,0,0,0,0,0,1,2.3978953,0,0,0,10.5,0.041,1.178655,1,1,1,1,8,6.8554088
0.08888385,0.03159253,0,0,0,0,1,0,0,0,0,1,0,0,0,0,1,0,0,0,0,0,1,2.3978953,0,0,0,10.5,0.041,1.178655,1,1,1,1,8,6.9017372
0.08888385,0.03159253,0,0,0,0,1,0,0,0,0,1,0,0,0,0,1,0,0,0,0,0,1,2.3978953,0,0,0,10.5,0.041,1.178655,1,1,1,1,8,6.9017372
0.03741605,0.03182419,0,1,0,0,0,0,0,0,0,1,0,0,0,0,1,0,0,0,0,0,1,2.3978953,0,0,0,10.5,0.041,1.178655,1,1,1,1,8,6.8936564
0.03348806,0.03182863,0,1,0,0,0,0,0,0,0,1,0,0,0,0,1,0,0,0,0,0,1,2.3978953,0,0,0,10.5,0.041,1.178655,1,1,1,1,8,6.8936564
0.09034516,0.03210944,0,0,0,0,0,0,0,0,0,1,0,0,0,0,1,0,0,0,0,0,1,2.3978953,0,0,0,10.5,0.041,1.178655,1,1,1,1,8,6.8690145
0.09034516,0.03210944,0,0,0,0,0,0,0,0,0,1,0,0,0,0,1,0,0,0,0,0,1,2.3978953,0,0,0,10.5,0.041,1.178655,1,1,1,1,8,6.8690145
0.0760517,0.03236736,0,0,0,0,0,0,0,0,0,1,0,0,0,0,1,0,0,0,0,0,1,2.3978953,0,0,0,10.5,0.041,1.178655,1,1,1,1,8,6.8554088
0.09095975,0.03232681,0,0,0,0,0,0,0,0,0,1,0,0,0,0,1,0,0,0,0,0,1,2.3978953,0,0,0,10.5,0.041,1.178655,1,1,1,1,8,6.8554088
0.08888385,0.03159253,0,0,0,0,1,0,0,0,0,1,0,0,0,0,1,0,0,0,0,0,1,2.3978953,0,0,0,10.5,0.041,1.178655,1,1,1,1,8,6.9017372
0.08888385,0.03159253,0,0,0,0,1,0,0,0,0,1,0,0,0,0,1,0,0,0,0,0,1,2.3978953,0,0,0,10.5,0.041,1.178655,1,1,1,1,8,6.9017372
0.04674992,0.03181167,0,1,0,0,0,0,0,0,0,1,0,0,0,0,1,0,0,0,0,0,1,2.3978953,0,0,0,10.5,0.041,1.178655,1,1,1,1,8,6.8936564
0.04298601,0.03181705,0,1,0,0,0,0,0,0,0,1,0,0,0,0,1,0,0,0,0,0,1,2.3978953,0,0,0,10.5,0.041,1.178655,1,1,1,1,8,6.8936564
0.09034516,0.03210944,0,0,0,0,0,0,0,0,0,1,0,0,0,0,1,0,0,0,0,0,1,2.3978953,0,0,0,10.5,0.041,1.178655,1,1,1,1,8,6.8690145
0.09034516,0.03210944,0,0,0,0,0,0,0,0,0,1,0,0,0,0,1,0,0,0,0,0,1,2.3978953,0,0,0,10.5,0.041,1.178655,1,1,1,1,8,6.8690145
0.09095975,0.03232681,0,0,0,0,0,0,0,0,0,1,0,0,0,0,1,0,0,0,0,0,1,2.3978953,0,0,0,10.5,0.041,1.178655,1,1,1,1,8,6.8554088
0.09095975,0.03232681,0,0,0,0,0,0,0,0,0,1,0,0,0,0,1,0,0,0,0,0,1,2.3978953,0,0,0,10.5,0.041,1.178655,1,1,1,1,8,6.8554088
0.08888385,0.03159253,0,0,0,0,1,0,0,0,0,1,0,0,0,0,1,0,0,0,0,0,1,2.3978953,0,0,0,10.5,0.041,1.178655,1,1,1,1,8,6.9017372
0.08888385,0.03159253,0,0,0,0,1,0,0,0,0,1,0,0,0,0,1,0,0,0,0,0,1,2.3978953,0,0,0,10.5,0.041,1.178655,1,1,1,1,8,6.9017372
0.03647786,0.03182529,0,1,0,0,0,0,0,0,0,1,0,0,0,0,1,0,0,0,0,0,1,2.3978953,0,0,0,10.5,0.041,1.178655,1,1,1,1,8,6.8936564
0.03321195,0.03182892,0,1,0,0,0,0,0,0,0,1,0,0,0,0,1,0,0,0,0,0,1,2.3978953,0,0,0,10.5,0.041,1.178655,1,1,1,1,8,6.8936564
-0.06457048,0.01877183,1,0,0,0,0,1,0,0,1,0,0,0,0,0,0,0,1,0,0,0,0,2.7725887,1,0,0,1.5,0.095,1.6094379,1,0,1,0,9,7.9466176
-0.04032448,0.01879579,0,0,0,0,0,1,0,0,1,0,0,0,0,0,0,0,1,0,0,0,0,2.7725887,1,0,0,1.5,0.095,1.6094379,1,0,1,0,9,7.9466176
-0.01296672,0.01539243,1,0,0,0,0,1,0,0,1,0,0,0,0,0,0,0,1,0,0,0,0,2.7725887,1,0,0,1.5,0.095,1.6094379,1,0,1,0,9,8.3475904
-0.06215185,0.01536397,0,0,0,0,0,1,0,0,1,0,0,0,0,0,0,0,1,0,0,0,0,2.7725887,1,0,0,1.5,0.095,1.6094379,1,0,1,0,9,8.3475904
0.00379235,0.01582315,1,0,0,0,1,0,0,0,1,0,0,0,0,0,0,0,1,0,0,0,0,2.6390573,1,0,0,10,0.095,1.6094379,1,0,1,0,9,8.2925485
0.05287215,0.01580113,0,0,0,0,1,0,0,0,1,0,0,0,0,0,0,0,1,0,0,0,0,2.6390573,1,0,0,10,0.095,1.6094379,1,0,1,0,9,8.2925485
0.01131365,0.01611124,1,0,0,0,1,0,0,0,1,0,0,0,0,0,0,0,1,0,0,0,0,2.6390573,1,0,0,10,0.095,1.6094379,1,0,1,0,9,8.2563478
0.03461902,0.01610262,0,0,0,0,1,0,0,0,1,0,0,0,0,0,0,0,1,0,0,0,0,2.6390573,1,0,0,10,0.095,1.6094379,1,0,1,0,9,8.2563478
0.03326222,0.0160019,1,1,0,0,0,0,0,0,1,0,0,0,0,0,0,0,1,0,0,0,0,2.6390573,1,0,0,10,0.095,1.6094379,1,0,1,0,9,8.2689882
0.0467467,0.01599326,0,1,0,0,0,0,0,0,1,0,0,0,0,0,0,0,1,0,0,0,0,2.6390573,1,0,0,10,0.095,1.6094379,1,0,1,0,9,8.2689882
0.03198211,0.0162696,1,1,0,0,0,0,0,0,1,0,0,0,0,0,0,0,1,0,0,0,0,2.6390573,1,0,0,10,0.095,1.6094379,1,0,1,0,9,8.2358907
0.02317191,0.01627355,0,1,0,0,0,0,0,0,1,0,0,0,0,0,0,0,1,0,0,0,0,2.6390573,1,0,0,10,0.095,1.6094379,1,0,1,0,9,8.2358907
0.02532698,0.04506902,1,0,0,0,0,1,0,0,1,0,0,0,0,0,0,0,1,0,0,0,0,1.0986123,1,0,0,5.5,0.095,1.6094379,1,0,1,0,9,6.1984787
0.17500744,0.04438771,0,0,0,0,0,1,0,0,1,0,0,0,0,0,0,0,1,0,0,0,0,1.0986123,1,0,0,5.5,0.095,1.6094379,1,0,1,0,9,6.1984787
0.09767879,0.03490382,1,0,0,0,0,1,0,0,1,0,0,0,0,0,0,0,1,0,0,0,0,1.0986123,1,0,0,5.5,0.095,1.6094379,1,0,1,0,9,6.7007311
0.16774213,0.0345746,0,0,0,0,0,1,0,0,1,0,0,0,0,0,0,0,1,0,0,0,0,1.0986123,1,0,0,5.5,0.095,1.6094379,1,0,1,0,9,6.7007311
0.08845425,0.03506369,1,0,0,0,1,0,0,0,1,0,0,0,0,0,0,0,1,0,0,0,0,1.0986123,1,0,0,5.5,0.095,1.6094379,1,0,1,0,9,6.6933237
0.06113283,0.03513583,0,0,0,0,1,0,0,0,1,0,0,0,0,0,0,0,1,0,0,0,0,1.0986123,1,0,0,5.5,0.095,1.6094379,1,0,1,0,9,6.6933237
-0.01075801,0.03624787,1,0,0,0,1,0,0,0,1,0,0,0,0,0,0,0,1,0,0,0,0,1.0986123,1,0,0,5.5,0.095,1.6094379,1,0,1,0,9,6.6346334
-0.07991044,0.03613405,0,0,0,0,1,0,0,0,1,0,0,0,0,0,0,0,1,0,0,0,0,1.0986123,1,0,0,5.5,0.095,1.6094379,1,0,1,0,9,6.6346334
-0.11479308,0.03518766,1,1,0,0,0,0,0,0,1,0,0,0,0,0,0,0,1,0,0,0,0,1.0986123,1,0,0,5.5,0.095,1.6094379,1,0,1,0,9,6.6808547
-0.07781881,0.0353144,0,1,0,0,0,0,0,0,1,0,0,0,0,0,0,0,1,0,0,0,0,1.0986123,1,0,0,5.5,0.095,1.6094379,1,0,1,0,9,6.6808547
-0.05877135,0.03652484,1,1,0,0,0,0,0,0,1,0,0,0,0,0,0,0,1,0,0,0,0,1.0986123,1,0,0,5.5,0.095,1.6094379,1,0,1,0,9,6.6160652
-0.17245805,0.03603988,0,1,0,0,0,0,0,0,1,0,0,0,0,0,0,0,1,0,0,0,0,1.0986123,1,0,0,5.5,0.095,1.6094379,1,0,1,0,9,6.6160652
0.00823105,0.03724068,1,0,0,0,0,1,0,0,1,0,0,0,0,0,0,0,1,0,0,0,0,1.0986123,1,0,0,15.5,0.095,1.6094379,1,0,1,0,9,6.5806391
-0.07962292,0.03712371,0,0,0,0,0,1,0,0,1,0,0,0,0,0,0,0,1,0,0,0,0,1.0986123,1,0,0,15.5,0.095,1.6094379,1,0,1,0,9,6.5806391
0.01428979,0.03393875,1,0,0,0,0,1,0,0,1,0,0,0,0,0,0,0,1,0,0,0,0,1.0986123,1,0,0,15.5,0.095,1.6094379,1,0,1,0,9,6.7661917
-0.00476781,0.03394183,0,0,0,0,0,1,0,0,1,0,0,0,0,0,0,0,1,0,0,0,0,1.0986123,1,0,0,15.5,0.095,1.6094379,1,0,1,0,9,6.7661917
0.0041367,0.03438041,1,0,0,0,1,0,0,0,1,0,0,0,0,0,0,0,1,0,0,0,0,1.0986123,1,0,0,15.5,0.095,1.6094379,1,0,1,0,9,6.7405194
-0.01461265,0.03437704,0,0,0,0,1,0,0,0,1,0,0,0,0,0,0,0,1,0,0,0,0,1.0986123,1,0,0,15.5,0.095,1.6094379,1,0,1,0,9,6.7405194
0.02367059,0.03461747,1,0,0,0,1,0,0,0,1,0,0,0,0,0,0,0,1,0,0,0,0,1.0986123,1,0,0,15.5,0.095,1.6094379,1,0,1,0,9,6.7262334
0.06292076,0.03455856,0,0,0,0,1,0,0,0,1,0,0,0,0,0,0,0,1,0,0,0,0,1.0986123,1,0,0,15.5,0.095,1.6094379,1,0,1,0,9,6.7262334
0.02152485,0.03455705,1,1,0,0,0,0,0,0,1,0,0,0,0,0,0,0,1,0,0,0,0,1.0986123,1,0,0,15.5,0.095,1.6094379,1,0,1,0,9,6.7298241
0.07933519,0.03445611,0,1,0,0,0,0,0,0,1,0,0,0,0,0,0,0,1,0,0,0,0,1.0986123,1,0,0,15.5,0.095,1.6094379,1,0,1,0,9,6.7298241
0.02167766,0.03489204,1,1,0,0,0,0,0,0,1,0,0,0,0,0,0,0,1,0,0,0,0,1.0986123,1,0,0,15.5,0.095,1.6094379,1,0,1,0,9,6.7105231
0.05208761,0.03485286,0,1,0,0,0,0,0,0,1,0,0,0,0,0,0,0,1,0,0,0,0,1.0986123,1,0,0,15.5,0.095,1.6094379,1,0,1,0,9,6.7105231
-0.08931594,0.01873591,0,0,0,0,0,1,0,0,1,0,0,0,0,0,0,0,1,0,0,0,0,2.7725887,1,0,0,9,0.095,1.6094379,1,0,1,0,9,7.9466176
-0.06320012,0.01536295,0,0,0,0,0,1,0,0,1,0,0,0,0,0,0,0,1,0,0,0,0,2.7725887,1,0,0,9,0.095,1.6094379,1,0,1,0,9,8.3475904
0.04190114,0.01580936,0,0,0,0,1,0,0,0,1,0,0,0,0,0,0,0,1,0,0,0,0,2.6390573,1,0,0,10,0.095,1.6094379,1,0,1,0,9,8.2925485
0.04195323,0.01609809,0,0,0,0,1,0,0,0,1,0,0,0,0,0,0,0,1,0,0,0,0,2.6390573,1,0,0,10,0.095,1.6094379,1,0,1,0,9,8.2563478
0.01113512,0.01600977,0,1,0,0,0,0,0,0,1,0,0,0,0,0,0,0,1,0,0,0,0,2.6390573,1,0,0,10,0.095,1.6094379,1,0,1,0,9,8.2689882
-0.00853437,0.01627733,0,1,0,0,0,0,0,0,1,0,0,0,0,0,0,0,1,0,0,0,0,2.6390573,1,0,0,10,0.095,1.6094379,1,0,1,0,9,8.2358907
0.10787817,0.04482038,0,0,0,0,0,1,0,0,1,0,0,0,0,0,0,0,1,0,0,0,0,1.0986123,1,0,0,5.5,0.095,1.6094379,1,0,1,0,9,6.1984787
0.01565717,0.03506723,0,0,0,0,0,1,0,0,1,0,0,0,0,0,0,0,1,0,0,0,0,1.0986123,1,0,0,5.5,0.095,1.6094379,1,0,1,0,9,6.7007311
-0.00676631,0.03520086,0,0,0,0,1,0,0,0,1,0,0,0,0,0,0,0,1,0,0,0,0,1.0986123,1,0,0,5.5,0.095,1.6094379,1,0,1,0,9,6.6933237
-0.09170141,0.03609723,0,0,0,0,1,0,0,0,1,0,0,0,0,0,0,0,1,0,0,0,0,1.0986123,1,0,0,5.5,0.095,1.6094379,1,0,1,0,9,6.6346334
-0.21483006,0.03459477,0,1,0,0,0,0,0,0,1,0,0,0,0,0,0,0,1,0,0,0,0,1.0986123,1,0,0,5.5,0.095,1.6094379,1,0,1,0,9,6.6808547
-0.13376054,0.03625929,0,1,0,0,0,0,0,0,1,0,0,0,0,0,0,0,1,0,0,0,0,1.0986123,1,0,0,5.5,0.095,1.6094379,1,0,1,0,9,6.6160652
0.00183193,0.03724188,0,0,0,0,0,1,0,0,1,0,0,0,0,0,0,0,1,0,0,0,0,1.0986123,1,0,0,15.5,0.095,1.6094379,1,0,1,0,9,6.5806391
0.04701562,0.03390468,0,0,0,0,0,1,0,0,1,0,0,0,0,0,0,0,1,0,0,0,0,1.0986123,1,0,0,15.5,0.095,1.6094379,1,0,1,0,9,6.7661917
0.03473449,0.03435996,0,0,0,0,1,0,0,0,1,0,0,0,0,0,0,0,1,0,0,0,0,1.0986123,1,0,0,15.5,0.095,1.6094379,1,0,1,0,9,6.7405194
0.05360876,0.03457737,0,0,0,0,1,0,0,0,1,0,0,0,0,0,0,0,1,0,0,0,0,1.0986123,1,0,0,15.5,0.095,1.6094379,1,0,1,0,9,6.7262334
0.04164239,0.03453507,0,1,0,0,0,0,0,0,1,0,0,0,0,0,0,0,1,0,0,0,0,1.0986123,1,0,0,15.5,0.095,1.6094379,1,0,1,0,9,6.7298241
0.05266457,0.03485181,0,1,0,0,0,0,0,0,1,0,0,0,0,0,0,0,1,0,0,0,0,1.0986123,1,0,0,15.5,0.095,1.6094379,1,0,1,0,9,6.7105231
0.09393688,0.01019886,0,1,0,0,0,0,0,0,1,0,0,0,0,0,0,0,0,0,0,0,1,1.7917595,1,0,0,15,0.066,0,0,1,1,0,10,9.1620951
-0.02199329,0.00914328,0,1,0,0,0,0,0,0,1,0,0,0,0,0,0,0,0,0,0,0,1,1.7917595,1,0,0,15,0.066,0,0,1,1,0,10,9.3889885
0.03054657,0.0094718,0,1,0,0,0,0,0,0,1,0,0,0,0,0,0,0,0,0,0,0,1,1.7917595,1,0,0,15,0.066,0,0,0,1,1,10,9.3179384
0.03581744,0.00913962,0,1,0,0,0,0,0,0,1,0,0,0,0,0,0,0,0,0,0,0,1,1.7917595,1,0,0,15,0.066,0,0,1,1,0,10,9.3889885
0.01397091,0.0091446,0,1,0,0,0,0,0,0,1,0,0,0,0,0,0,0,0,0,0,0,1,1.7917595,1,0,0,15,0.066,0,0,1,1,0,10,9.3889885
0.01745977,0.01071395,0,1,0,0,0,0,0,0,1,0,0,0,0,0,0,0,0,0,0,0,1,1.7917595,1,0,0,15,0.066,0,0,1,1,0,10,9.0721123
-0.08940217,0.00904778,0,1,0,0,0,0,0,0,1,0,0,0,0,0,0,0,0,0,0,0,1,1.7917595,1,0,0,15,0.066,0,0,0,0,0,10,9.4024472
-0.136475,0.01014831,0,1,0,0,0,0,0,0,1,0,0,0,0,0,0,0,0,0,0,0,1,1.7917595,1,0,0,15,0.066,0,0,0,0,0,10,9.1620951
-0.01910824,0.00914382,0,1,0,0,0,0,0,0,1,0,0,0,0,0,0,0,0,0,0,0,1,1.7917595,1,0,0,15,0.066,0,0,0,0,0,10,9.3889885
-0.00676032,0.00947601,0,1,0,0,0,0,0,0,1,0,0,0,0,0,0,0,0,0,0,0,1,1.7917595,1,0,0,15,0.066,0,0,0,0,0,10,9.3179384
-0.07203669,0.00912173,0,1,0,0,0,0,0,0,1,0,0,0,0,0,0,0,0,0,0,0,1,1.7917595,1,0,0,15,0.066,0,0,0,0,0,10,9.3889885
-0.08857217,0.00910955,0,1,0,0,0,0,0,0,1,0,0,0,0,0,0,0,0,0,0,0,1,1.7917595,1,0,0,15,0.066,0,0,0,0,0,10,9.3889885
-0.05116258,0.01070155,0,1,0,0,0,0,0,0,1,0,0,0,0,0,0,0,0,0,0,0,1,1.7917595,1,0,0,15,0.066,0,0,0,0,0,10,9.0721123
0.00707615,0.01071532,0,1,0,0,0,0,0,0,1,0,0,0,0,0,0,0,0,0,0,0,1,1.7917595,1,0,0,15,0.066,0,0,1,1,1,10,9.0721123
0.01448436,0.01071446,0,1,0,0,0,0,0,0,1,0,0,0,0,0,0,0,0,0,0,0,1,1.7917595,1,0,0,15,0.066,0,0,1,1,1,10,9.0721123
0.01011976,0.01071504,0,1,0,0,0,0,0,0,1,0,0,0,0,0,0,0,0,0,0,0,1,1.7917595,1,0,0,15,0.066,0,0,1,1,1,10,9.0721123
0.01964145,0.01071352,0,1,0,0,0,0,0,0,1,0,0,0,0,0,0,0,0,0,0,0,1,1.7917595,1,0,0,15,0.066,0,0,1,1,1,10,9.0721123
0.0027781,0.01071554,0,1,0,0,0,0,0,0,1,0,0,0,0,0,0,0,0,0,0,0,1,1.7917595,1,0,0,15,0.066,0,0,1,1,1,10,9.0721123
-0.07138028,0.01019718,0,0,0,1,0,0,0,0,1,0,0,0,0,0,0,0,0,0,0,0,1,1.7917595,1,0,0,15,0.066,0,0,1,1,1,10,9.1661795
0.00146024,0.01022165,0,0,0,0,0,1,0,0,1,0,0,0,0,0,0,0,0,0,0,0,1,1.7917595,1,0,0,15,0.066,0,0,1,1,1,10,9.166493
-0.00106691,0.01066913,0,0,0,0,1,0,0,0,1,0,0,0,0,0,0,0,0,0,0,0,1,1.7917595,1,0,0,15,0.066,0,0,1,1,1,10,9.080801
-0.01150041,0.01022258,0,0,0,0,0,0,0,0,1,0,0,0,0,0,0,0,0,0,0,0,1,1.7917595,1,0,0,15,0.066,0,0,1,1,1,10,9.1661795
0.0465069,0.0102122,0,1,0,0,0,0,0,0,1,0,0,0,0,0,0,0,0,0,0,0,1,1.7917595,1,0,0,15,0.066,0,0,1,1,1,10,9.1661795
-0.01106112,0.01463238,1,1,0,0,0,0,0,0,1,0,0,0,0,0,1,0,0,0,0,0,0,1.9459101,1,0,0,9.5,0.239,3.1354942,1,1,1,1,6,8.4489144
-0.01142465,0.01463232,1,1,0,0,0,0,0,0,1,0,0,0,0,0,1,0,0,0,0,0,0,1.9459101,1,0,0,9.5,0.239,3.1354942,1,1,1,1,6,8.4489144
-0.01675697,0.01463122,1,1,0,0,0,0,0,0,1,0,0,0,0,0,1,0,0,0,0,0,0,1.9459101,1,0,0,9.5,0.239,3.1354942,1,1,1,1,6,8.4489144
-0.00881837,0.01463271,1,0,0,1,0,0,0,0,1,0,0,0,0,0,1,0,0,0,0,0,0,1.9459101,1,0,0,9.5,0.239,3.1354942,1,1,1,1,6,8.4489144
-0.00559694,0.01463305,1,0,0,1,0,0,0,0,1,0,0,0,0,0,1,0,0,0,0,0,0,1.9459101,1,0,0,9.5,0.239,3.1354942,1,1,1,1,6,8.4489144
-0.01105913,0.01463238,1,0,0,1,0,0,0,0,1,0,0,0,0,0,1,0,0,0,0,0,0,1.9459101,1,0,0,9.5,0.239,3.1354942,1,1,1,1,6,8.4489144
0.02887291,0.04277821,0,0,1,0,0,0,0,0,0,0,0,1,0,1,0,1,0,0,0,0,0,2.3025851,1,0,0,15,0.001,0,1,0,0,0,10,6.302619
0.02887291,0.04277821,0,0,1,0,0,0,0,0,0,0,0,1,0,1,0,1,0,0,0,0,0,2.3025851,1,0,0,15,0.001,0,1,0,0,0,10,6.302619
-0.02887291,0.04277821,0,0,1,0,0,0,0,0,0,0,0,1,0,1,0,1,0,0,0,0,0,2.3025851,1,0,0,15,0.001,0,1,0,0,0,10,6.302619
-0.02887291,0.04277821,0,1,0,0,0,0,0,0,0,0,0,1,0,1,0,1,0,0,0,0,0,2.3025851,1,0,0,15,0.001,0,1,0,0,0,10,6.302619
0.02887291,0.04277821,0,1,0,0,0,0,0,0,0,0,0,1,0,1,0,1,0,0,0,0,0,2.3025851,1,0,0,15,0.001,0,1,0,0,0,10,6.302619
0.02887291,0.04277821,0,1,0,0,0,0,0,0,0,0,0,1,0,1,0,1,0,0,0,0,0,2.3025851,1,0,0,15,0.001,0,1,0,0,0,10,6.302619
0.22215538,0.07370392,0,1,0,0,0,0,0,0,0,0,1,0,0,0,0,0,0,0,0,1,0,1.9459101,0,1,0,9.5,0.239,3.2321211,1,0,1,0,5,5.164786
0.16639489,0.07453907,0,1,0,0,0,0,0,0,0,0,1,0,0,0,0,0,0,0,0,1,0,1.9459101,0,1,0,9.5,0.239,3.2321211,1,0,1,0,5,5.164786
0.13202478,0.07493119,0,1,0,0,0,0,0,0,0,0,1,0,0,0,0,0,0,0,0,1,0,1.9459101,0,1,0,9.5,0.239,3.2321211,1,0,1,0,5,5.164786
0.18460087,0.07429372,0,1,0,0,0,0,0,0,0,0,0,1,0,0,0,0,0,0,0,1,0,1.9459101,0,1,0,9.5,0.239,3.2321211,1,0,1,0,5,5.164786
0.15619761,0.07466505,0,1,0,0,0,0,0,0,0,0,1,0,0,0,0,0,0,0,0,1,0,1.9459101,0,1,0,9.5,0.239,3.2321211,1,0,1,0,5,5.164786
0.18376456,0.07746891,0,1,0,0,0,0,0,0,0,0,1,0,0,0,0,0,1,0,0,0,0,1.9459101,1,1,0,9.5,0.239,3.2321211,1,0,1,0,5,5.0814044
0.19603101,0.07412622,0,1,0,0,0,0,0,0,0,0,1,0,0,0,0,0,1,0,0,0,0,1.9459101,1,1,0,9.5,0.239,3.2321211,1,0,1,0,5,5.164786
-0.09725357,0.07523456,0,0,0,1,0,0,0,0,0,0,1,0,0,0,0,0,0,0,0,1,0,1.9459101,0,1,0,9.5,0.239,3.2321211,1,0,1,0,5,5.164786
-0.19335924,0.07416631,0,0,0,1,0,0,0,0,0,0,0,0,0,0,0,0,0,0,0,1,0,1.9459101,0,1,0,9.5,0.239,3.2321211,1,0,1,0,5,5.164786
-0.18865742,0.07423547,0,0,0,0,0,1,0,0,0,0,1,0,0,0,0,0,0,0,0,1,0,1.9459101,0,1,0,9.5,0.239,3.2321211,1,0,1,0,5,5.164786
0.12990689,0.07495234,0,0,0,0,1,0,0,0,0,0,1,0,0,0,0,0,0,0,0,1,0,1.9459101,0,1,0,9.5,0.239,3.2321211,1,0,1,0,5,5.164786
0.18587472,0.08304261,0,1,0,0,0,0,0,0,0,0,1,0,0,0,0,0,0,0,0,1,0,1.9459101,0,1,0,9.5,0.239,3.2321211,1,1,1,0,5,4.9416424
0.17194598,0.08325668,0,1,0,0,0,0,0,0,0,0,1,0,0,0,0,0,0,0,0,1,0,1.9459101,0,1,0,9.5,0.239,3.2321211,1,1,1,0,5,4.9416424
0.15902611,0.08343991,0,1,0,0,0,0,0,0,0,0,1,0,0,1,0,0,0,0,0,1,0,1.9459101,0,1,0,9.5,0.239,3.2321211,1,1,1,0,5,4.9416424
0.22926346,0.08028174,0,1,0,0,0,0,0,0,0,0,1,0,0,0,0,0,0,0,0,1,0,1.9459101,0,1,0,9.5,0.239,3.2321211,1,1,1,0,5,4.9904326
0.19735642,0.0808564,0,1,0,0,0,0,0,0,0,0,1,0,0,0,0,0,0,0,0,1,0,1.9459101,0,1,0,9.5,0.239,3.2321211,1,1,1,0,5,4.9904326
0.19070278,0.08096495,0,1,0,0,0,0,0,0,0,0,1,0,0,1,0,0,0,0,0,1,0,1.9459101,0,1,0,9.5,0.239,3.2321211,1,1,1,0,5,4.9904326
0.19556799,0.08088596,0,1,0,0,0,0,0,0,0,0,1,0,0,0,0,0,0,0,0,1,0,1.9459101,0,1,0,9.5,0.239,3.2321211,1,1,1,0,5,4.9904326
0.25176656,0.07982181,0,1,0,0,0,0,0,0,0,0,1,0,0,0,0,0,0,0,0,1,0,1.9459101,0,1,0,9.5,0.239,3.2321211,1,1,1,0,5,4.9904326
0.14125883,0.08165157,0,1,0,0,0,0,0,0,0,0,1,0,0,1,0,0,0,0,0,1,0,1.9459101,0,1,0,9.5,0.239,3.2321211,1,1,1,0,5,4.9904326
0.19482075,0.07567336,0,1,0,0,0,0,0,0,0,0,1,0,0,0,0,0,0,0,0,1,0,1.9459101,0,1,0,9.5,0.239,3.2321211,1,1,1,1,5,5.123964
0.18838144,0.07577035,0,1,0,0,0,0,0,0,0,0,1,0,0,0,0,0,0,0,0,1,0,1.9459101,0,1,0,9.5,0.239,3.2321211,1,1,1,0,5,5.123964
0.18305541,0.07584801,0,1,0,0,0,0,0,0,0,0,1,0,0,1,0,0,0,0,0,1,0,1.9459101,0,1,0,9.5,0.239,3.2321211,1,1,1,0,5,5.123964
0.21561473,0.07381484,0,1,0,0,0,0,0,0,0,0,1,0,0,0,0,0,0,0,0,1,0,1.9459101,0,1,0,9.5,0.239,3.2321211,1,1,1,0,5,5.164786
0.16234785,0.07459005,0,1,0,0,0,0,0,0,0,0,1,0,0,0,0,0,0,0,0,1,0,1.9459101,0,1,0,9.5,0.239,3.2321211,1,1,1,0,5,5.164786
0.15704175,0.07465494,0,1,0,0,0,0,0,0,0,0,1,0,0,1,0,0,0,0,0,1,0,1.9459101,0,1,0,9.5,0.239,3.2321211,1,1,1,0,5,5.164786
0.21561473,0.07381484,0,1,0,0,0,0,0,0,0,0,1,0,0,0,0,0,0,0,0,1,0,1.9459101,0,1,0,9.5,0.239,3.2321211,1,0,1,0,5,5.164786
0.19899553,0.07408107,0,1,0,0,0,0,0,0,0,0,1,0,0,0,0,0,0,0,0,1,0,1.9459101,0,1,0,9.5,0.239,3.2321211,1,0,1,0,5,5.164786
0.22217626,0.07370356,0,1,0,0,0,0,0,0,0,0,1,0,0,0,0,0,0,0,0,1,0,1.9459101,0,1,0,9.5,0.239,3.2321211,1,0,1,0,5,5.164786
0.22217626,0.07370356,0,1,0,0,0,0,0,0,0,0,1,0,0,0,0,0,0,0,0,1,0,1.9459101,0,1,0,9.5,0.239,3.2321211,1,0,1,0,5,5.164786
0.21561473,0.07381484,0,1,0,0,0,0,0,0,0,0,1,0,0,0,0,0,0,0,0,1,0,1.9459101,0,1,0,9.5,0.239,3.2321211,1,0,1,0,5,5.164786
-0.01471954,0.00694369,0,0,0,0,0,0,1,0,1,0,0,0,0,0,1,0,0,1,0,0,0,1.9459101,1,0,0,11.5,0.097,1.6094379,0,0,0,0,6,9.9396266
-0.03095594,0.00717762,0,0,0,0,0,0,1,0,1,0,0,0,0,0,1,0,0,1,0,0,0,1.9459101,1,0,0,11.5,0.097,1.6094379,0,0,0,0,6,9.8726159
-0.03230824,0.0073809,0,0,0,0,0,0,1,0,1,0,0,0,0,0,1,0,0,1,0,0,0,1.9459101,1,0,0,11.5,0.097,1.6094379,0,0,0,0,6,9.8166762
-0.01500461,0.00758601,0,0,0,0,0,0,1,0,1,0,0,0,0,0,1,0,0,1,0,0,0,1.7917595,1,0,0,12,0.097,1.6094379,0,0,0,0,6,9.7626726
-0.02016121,0.00758533,0,0,0,0,0,0,1,0,0,0,0,1,0,0,1,0,0,1,0,0,0,1.7917595,1,0,0,12,0.097,1.6094379,0,0,0,0,6,9.7626726
-0.03129991,0.00758315,0,0,0,0,0,0,1,0,0,0,1,0,0,0,1,0,0,1,0,0,0,1.7917595,1,0,0,12,0.097,1.6094379,0,0,0,0,6,9.7626726
-0.01272919,0.00758625,0,0,0,0,0,0,1,0,1,0,0,0,0,0,1,0,0,1,0,0,0,1.7917595,1,0,0,12,0.097,1.6094379,0,0,0,0,6,9.7626726
-0.00544154,0.00758676,1,0,0,0,0,0,1,0,1,0,0,0,0,0,1,0,0,1,0,0,0,1.7917595,1,0,0,12,0.097,1.6094379,0,0,0,0,6,9.7626726
-0.01217387,0.00758631,0,0,0,0,0,0,1,0,1,0,0,0,0,0,1,0,0,1,0,0,0,1.7917595,1,0,0,12,0.097,1.6094379,0,0,0,0,6,9.7626726
-0.01504663,0.00758601,0,0,0,0,0,0,1,0,1,0,0,0,0,0,1,0,0,1,0,0,0,1.7917595,1,0,0,12,0.097,1.6094379,0,0,0,0,6,9.7626726
-0.01367746,0.00758616,0,0,0,0,0,0,1,0,1,0,0,0,0,0,1,0,0,1,0,0,0,1.7917595,1,0,0,12,0.097,1.6094379,0,0,0,0,6,9.7626726
-0.0146137,0.00758606,0,0,0,0,0,0,1,0,1,0,0,0,0,0,1,0,0,1,0,0,0,1.7917595,1,0,0,12,0.097,1.6094379,0,0,0,0,6,9.7626726
-0.01495321,0.00758602,0,0,0,0,0,0,1,0,1,0,0,0,0,0,1,0,0,1,0,0,0,1.7917595,1,0,0,12,0.097,1.6094379,0,0,0,0,6,9.7626726
-0.03187116,0.00776739,0,0,0,0,0,0,1,0,1,0,0,0,0,0,1,0,0,1,0,0,0,1.7917595,1,0,0,12,0.097,1.6094379,0,0,0,0,6,9.7146246
-0.01807525,0.00801075,0,0,0,0,0,0,1,0,1,0,0,0,0,0,1,0,0,1,0,0,0,1.7917595,1,0,0,12,0.097,1.6094379,0,0,0,0,6,9.6536149
-0.02404649,0.00827792,0,0,0,0,0,0,1,0,1,0,0,0,0,0,1,0,0,1,0,0,0,1.7917595,1,0,0,12,0.097,1.6094379,0,0,0,0,6,9.5877489
-0.01877194,0.00856492,0,0,0,0,0,0,1,0,1,0,0,0,0,0,1,0,0,1,0,0,0,1.6094379,1,0,0,12.5,0.097,1.6094379,0,0,0,0,6,9.5198084
-0.04171044,0.02092906,0,1,0,0,0,0,0,0,0,1,0,0,0,0,0,0,0,0,0,0,0,2.3025851,0,0,1,5,0.239,2.9957323,1,0,1,0,0,7.731492
-0.04539043,0.0209257,0,1,0,0,0,0,0,0,0,1,0,0,0,0,0,0,0,0,0,0,0,2.3025851,0,0,1,5,0.239,2.9957323,1,0,1,0,0,7.731492
-0.03768815,0.02093241,0,1,0,0,0,0,0,0,0,1,0,0,0,0,0,0,0,0,0,0,0,2.3025851,0,0,1,5,0.239,2.9957323,1,0,1,0,0,7.731492
-0.04178628,0.02101214,0,1,0,0,0,0,0,0,0,1,0,0,0,0,0,0,0,0,0,0,0,2.3025851,0,0,1,5,0.239,2.9957323,1,0,1,1,0,7.7235625
-0.03483513,0.02101774,0,1,0,0,0,0,0,0,0,1,0,0,0,0,0,0,0,0,0,0,0,2.3025851,0,0,1,5,0.239,2.9957323,1,0,1,1,0,7.7235625
-0.09939957,0.03152929,0,0,1,0,0,0,0,0,0,1,0,0,0,0,0,0,0,0,0,0,0,2.3025851,0,0,1,5,0.239,2.9957323,1,0,1,0,0,6.9037473
-0.26654138,0.1405881,0,1,0,0,0,0,0,0,0,1,0,0,0,0,0,0,0,0,0,0,0,2.3025851,0,1,0,5,0.239,2.9957323,1,0,1,0,0,3.8501476
-0.31212512,0.13857772,0,1,0,0,0,0,0,0,0,1,0,0,0,0,0,0,0,0,0,0,0,2.3025851,0,1,0,5,0.239,2.9957323,1,0,1,0,0,3.8501476
-0.11039466,0.14497344,0,1,0,0,0,0,0,0,0,1,0,0,0,0,0,0,0,0,0,0,0,2.3025851,0,1,0,5,0.239,2.9957323,1,0,1,0,0,3.8501476
-0.09231914,0.02367432,0,1,0,0,0,0,0,0,0,0,1,0,0,0,0,0,0,0,0,0,1,3.0445224,0,0,0,4.5,0.001,0.87546874,1,0,1,0,7,7.4781697
-0.09517552,0.02440323,0,1,0,0,0,0,0,0,0,0,1,0,0,0,0,0,0,0,0,0,1,2.9957323,1,0,0,5,0.001,0.87546874,1,0,1,0,7,7.4169796
-0.09850347,0.02525207,0,1,0,0,0,0,0,0,0,0,1,0,0,0,0,0,0,0,0,0,1,2.944439,1,0,0,5.5,0.001,0.87546874,1,0,1,0,7,7.3479438
-0.10238369,0.02624118,0,1,0,0,0,0,0,0,0,0,1,0,0,0,0,0,0,0,0,0,1,2.8903718,1,0,0,6,0.001,0.87546874,1,0,1,0,7,7.2703129
