PCC,SEPCC,dummies,Hstatistic,developed,undeveloped,Logit,lnobs,citations,firstpub,quadratic,Boone,IFrecursive,regulation,OLS,reviewed_journal,ownership,Concentration,FE,endogeneity,NPL,Lerner,global,HHI,macro,Zscore,RE,T,DtoD,sampleyear,GMM,someAveraged,profit_volat,profitability,SLS,capitalization
-0.05822503,0.01687682,0,0,0,1,0,8.1602325,2.5758784,5,0,0,0.134,1,0,1,1,0,0,1,1,1,1,0,0,0,0,2.0794415,0,9,0,0,0,0,1,0
-0.05800706,0.01807074,0,0,0,1,0,8.0235524,2.5758784,5,0,0,0.134,1,0,1,1,0,0,1,1,1,1,0,0,0,0,2.0794415,0,9,1,0,0,0,0,0
-0.04323241,0.01808429,0,0,0,1,0,8.0235524,2.5758784,5,1,0,0.134,1,0,1,1,0,0,1,1,1,1,0,0,0,0,2.0794415,0,9,1,0,0,0,0,0
-0.0519985,0.01688263,0,0,0,1,0,8.1602325,2.5758784,5,0,0,0.134,1,0,1,1,0,0,1,1,1,1,0,0,0,0,2.0794415,0,9,0,0,0,0,1,0
-0.05422376,0.01807459,0,0,0,1,0,8.0235524,2.5758784,5,0,0,0.134,1,0,1,1,0,0,1,1,1,1,0,0,0,0,2.0794415,0,9,1,0,0,0,0,0
-0.05879675,0.02202126,0,0,0,1,0,7.6280311,2.5758784,5,0,0,0.134,1,0,1,1,0,0,1,0,1,1,0,0,1,0,2.0794415,0,9,0,0,0,0,1,0
-0.0600495,0.0240198,0,0,0,1,0,7.4541411,2.5758784,5,0,0,0.134,1,0,1,1,0,0,1,0,1,1,0,0,1,0,2.0794415,0,9,1,0,0,0,0,0
-0.04998176,0.02403315,0,0,0,1,0,7.4541411,2.5758784,5,1,0,0.134,1,0,1,1,0,0,1,0,1,1,0,0,1,0,2.0794415,0,9,1,0,0,0,0,0
-0.05945507,0.0220204,0,0,0,1,0,7.6280311,2.5758784,5,0,0,0.134,1,0,1,1,0,0,1,0,1,1,0,0,1,0,2.0794415,0,9,0,0,0,0,1,0
-0.05909209,0.02402118,0,0,0,1,0,7.4541411,2.5758784,5,0,0,0.134,1,0,1,1,0,0,1,0,1,1,0,0,1,0,2.0794415,0,9,1,0,0,0,0,0
0.06923657,0.00893533,0,0,0,0,0,9.43068,1.7917595,11,0,0,0.596,0,0,1,0,0,1,1,0,1,1,0,0,0,0,2.5649494,1,10.5,0,0,0,0,0,0
0.0503214,0.00961878,0,0,0,0,0,9.2855406,1.7917595,11,0,0,0.596,0,0,1,0,0,1,1,0,1,1,0,0,0,0,2.5649494,1,10.5,0,0,0,0,0,0
0.04917293,0.00961933,0,0,0,0,0,9.2855406,1.7917595,11,0,0,0.596,0,0,1,0,0,1,1,0,1,1,0,0,0,0,2.5649494,1,10.5,0,0,0,0,0,0
0.02233449,0.00957192,0,0,0,0,0,9.2973434,1.7917595,11,0,0,0.596,0,0,1,0,0,1,1,0,1,1,0,0,0,0,2.5649494,0,10.5,0,0,0,0,0,0
0.02482909,0.00956917,0,0,0,0,0,9.2978016,1.7917595,11,0,0,0.596,0,0,1,0,0,1,1,0,1,1,0,0,0,0,2.5649494,1,10.5,0,0,0,0,0,0
-0.08421953,0.01112811,0,0,0,0,0,8.9894443,1.7917595,11,0,0,0.596,0,0,1,0,0,1,1,0,1,1,0,0,1,0,2.5649494,0,10.5,0,0,0,0,0,0
0.02191912,0.00917752,0,1,0,0,0,9.3815167,1.7917595,11,0,0,0.596,0,0,1,0,0,1,1,0,0,1,0,0,0,0,2.5649494,1,10.5,0,0,0,0,0,0
0.05917793,0.00905852,0,0,0,0,0,9.4045905,1.7917595,11,0,0,0.596,0,0,1,0,1,1,1,0,0,1,0,0,0,0,2.5649494,1,10.5,0,0,0,0,0,0
-0.00651758,0.00916371,0,0,0,0,0,9.3849657,1.7917595,11,0,0,0.596,0,0,1,0,0,1,1,0,0,1,1,0,0,0,2.5649494,1,10.5,0,0,0,0,0,0
0.00292581,0.00911501,0,0,0,0,0,9.3956574,1.7917595,11,0,0,0.596,0,0,1,0,0,1,1,0,0,1,0,0,0,0,2.5649494,1,10.5,0,0,0,0,0,0
0.0531622,0.00936494,0,0,0,0,0,9.3387336,1.7917595,11,0,0,0.596,0,0,1,0,0,1,1,0,0,1,0,0,0,0,2.5649494,1,10.5,0,0,0,0,0,0
0.01700047,0.00913577,0,0,0,0,0,9.3908269,1.7917595,11,0,0,0.596,0,0,1,0,0,1,1,0,0,1,0,0,0,0,2.5649494,1,10.5,0,0,0,0,0,0
0.03124515,0.0096894,0,0,0,0,0,9.2724697,1.7917595,11,0,0,0.596,1,0,1,0,0,1,1,0,1,1,0,0,0,0,2.5649494,1,10.5,0,0,0,0,0,0
0.00074082,0.00969413,0,0,0,0,0,9.2724697,1.7917595,11,0,0,0.596,1,0,1,0,0,1,1,0,1,1,0,0,0,0,2.5649494,1,10.5,0,0,0,0,0,0
-0.0008652,0.00969413,0,0,0,0,0,9.2724697,1.7917595,11,0,0,0.596,1,0,1,0,0,1,1,0,1,1,0,0,0,0,2.5649494,1,10.5,0,0,0,0,0,0
0.05335178,0.00968032,0,0,0,0,0,9.2724697,1.7917595,11,0,0,0.596,1,0,1,0,0,1,1,0,1,1,0,0,0,0,2.5649494,1,10.5,0,0,0,0,0,0
-0.06193448,0.01799292,0,0,0,0,0,8.0317104,1.7917595,11,0,0,0.596,1,0,1,0,0,1,1,0,1,1,0,0,0,0,2.5649494,1,10.5,0,0,0,0,0,0
-0.02163825,0.01553998,0,0,0,0,0,8.3282095,1.7917595,11,0,0,0.596,1,0,1,0,0,1,1,0,1,1,0,0,0,0,2.5649494,1,10.5,0,0,0,0,0,0
0.01870503,0.01027802,0,0,0,0,0,9.1551447,1.7917595,11,0,0,0.596,1,0,1,0,0,1,1,0,1,1,0,0,0,0,2.5649494,1,10.5,0,0,0,0,0,0
0.05098194,0.00961846,0,0,0,0,0,9.2855406,1.7917595,11,0,0,0.596,0,0,1,0,0,1,1,0,1,1,0,0,0,0,2.5649494,1,10.5,0,0,0,0,0,0
0.02520995,0.00962792,0,0,0,0,0,9.2855406,1.7917595,11,0,0,0.596,0,0,1,0,0,1,1,0,1,1,0,0,0,0,2.5649494,1,10.5,0,0,0,0,0,0
0.03152647,0.00962619,0,0,0,0,0,9.2855406,1.7917595,11,0,0,0.596,0,0,1,0,0,1,1,0,1,1,0,0,0,0,2.5649494,1,10.5,0,0,0,0,0,0
0.03313269,0.01014266,0,0,0,0,0,9.1809116,1.7917595,11,0,0,0.596,0,0,1,0,0,0,1,0,1,1,0,0,0,0,2.5649494,1,10.5,0,0,0,0,1,0
0.03579223,0.01423017,0,0,0,0,0,8.5034999,1.7917595,11,0,0,0.596,0,0,1,0,0,1,1,0,1,1,0,0,0,0,2.5649494,1,10.5,0,0,0,0,0,0
0.04507346,0.01066254,0,0,0,0,0,9.0800039,1.7917595,11,0,0,0.596,0,0,1,0,0,1,1,0,1,1,0,0,0,0,2.1972246,1,10.5,0,0,0,0,0,0
0.05646726,0.00999905,0,0,0,0,0,9.2073359,1.7917595,11,0,0,0.596,0,0,1,0,0,1,1,0,1,1,0,0,0,0,2.5649494,1,10.5,0,0,0,0,0,0
0.04618328,0.00928327,0,0,0,0,0,9.3569484,1.7917595,11,0,0,0.596,0,0,1,0,0,1,1,0,1,1,0,0,0,0,2.6390573,1,10.5,0,0,0,0,0,0
0.02533179,0.06187858,0,0,0,1,0,5.5645204,0.87546874,7,0,0,0.005,0,0,1,0,0,1,0,1,1,1,0,0,0,0,2.1972246,0,12.5,0,0,0,0,0,0
-0.00447147,0.06189783,0,0,0,1,0,5.5645204,0.87546874,7,0,0,0.005,0,0,1,1,0,0,0,1,1,1,0,0,0,1,2.1972246,0,12.5,0,0,0,0,0,0
-0.08254839,0.06585633,0,0,0,1,0,5.433722,0.87546874,7,0,0,0.005,0,0,1,1,0,0,1,1,1,1,0,0,0,0,2.1972246,0,12.5,1,0,0,0,0,0
-0.08431703,0.07028339,0,0,0,1,0,5.3033049,0.87546874,7,0,0,0.005,0,0,1,0,0,0,1,1,1,1,0,0,0,0,2.1972246,0,12.5,1,0,0,0,0,0
-0.03057813,0.07050158,0,0,0,1,0,5.3033049,0.87546874,7,0,0,0.005,0,0,1,0,0,0,1,1,1,1,0,0,0,0,2.1972246,0,12.5,1,0,0,0,0,0
0.07477882,0.06137343,0,0,0,1,0,5.5759491,0.87546874,7,0,0,0.005,0,0,1,0,0,1,0,1,0,1,0,0,0,0,2.1972246,0,12.5,0,0,0,0,0,0
0.08981293,0.06129702,0,0,0,1,0,5.5759491,0.87546874,7,0,0,0.005,0,0,1,1,0,0,0,1,0,1,0,0,0,1,2.1972246,0,12.5,0,0,0,0,0,0
0.14985023,0.06463391,0,0,0,1,0,5.4553211,0.87546874,7,0,0,0.005,0,0,1,1,0,0,1,1,0,1,0,0,0,0,2.1972246,0,12.5,1,0,0,0,0,0
0.07541073,0.06964416,0,0,0,1,0,5.32301,0.87546874,7,0,0,0.005,0,0,1,0,0,0,1,1,0,1,0,0,0,0,2.1972246,0,12.5,1,0,0,0,0,0
0.14289861,0.06912625,0,0,0,1,0,5.32301,0.87546874,7,0,0,0.005,0,0,1,0,0,0,1,1,0,1,0,0,0,0,2.1972246,0,12.5,1,0,0,0,0,0
0.10137231,0.06146195,0,0,0,1,0,5.5683445,0.87546874,7,0,0,0.005,0,0,1,0,0,1,0,0,1,1,0,0,1,0,2.1972246,0,12.5,0,0,0,0,0,0
0.1693445,0.06088791,0,0,0,1,0,5.5683445,0.87546874,7,0,0,0.005,0,0,1,1,0,0,0,0,1,1,0,0,1,1,2.1972246,0,12.5,0,0,0,0,0,0
0.14562993,0.06537737,0,0,0,1,0,5.433722,0.87546874,7,0,0,0.005,0,0,1,1,0,0,1,0,1,1,0,0,1,0,2.1972246,0,12.5,1,0,0,0,0,0
0.07838968,0.07031751,0,0,0,1,0,5.3033049,0.87546874,7,0,0,0.005,0,0,1,0,0,0,1,0,1,1,0,0,1,0,2.1972246,0,12.5,1,0,0,0,0,0
0.1602886,0.06962256,0,0,0,1,0,5.3033049,0.87546874,7,0,0,0.005,0,0,1,0,0,0,1,0,1,1,0,0,1,0,2.1972246,0,12.5,1,0,0,0,0,0
-0.1444048,0.06033202,0,0,0,1,0,5.5947114,0.87546874,7,0,0,0.005,0,0,1,0,0,1,0,0,0,1,0,0,1,0,2.1972246,0,12.5,0,0,0,0,0,0
-0.13897819,0.06037938,0,0,0,1,0,5.5947114,0.87546874,7,0,0,0.005,0,0,1,1,0,0,0,0,0,1,0,0,1,1,2.1972246,0,12.5,0,0,0,0,0,0
-0.08322025,0.06446024,0,0,0,1,0,5.4764636,0.87546874,7,0,0,0.005,0,0,1,1,0,0,1,0,0,1,0,0,1,0,2.1972246,0,12.5,1,0,0,0,0,0
-0.22706943,0.06720401,0,0,0,1,0,5.3471075,0.87546874,7,0,0,0.005,0,0,1,0,0,0,1,0,0,1,0,0,1,0,2.1972246,0,12.5,1,0,0,0,0,0
-0.1710244,0.06798987,0,0,0,1,0,5.3471075,0.87546874,7,0,0,0.005,0,0,1,0,0,0,1,0,0,1,0,0,1,0,2.1972246,0,12.5,1,0,0,0,0,0
-0.06505308,0.00351006,0,0,0,0,0,11.300004,2.9957323,8,0,0,0.596,0,0,1,0,0,1,1,0,1,0,0,0,1,0,2.7725887,0,9,0,0,0,0,0,0
-0.0252759,0.00351639,0,0,0,0,0,11.300004,2.9957323,8,0,0,0.596,0,0,1,0,0,1,1,0,1,0,0,0,0,0,2.7725887,0,9,0,0,1,0,0,0
-0.05368186,0.00351244,0,0,0,0,0,11.300004,2.9957323,8,0,0,0.596,0,0,1,0,0,1,1,0,1,0,0,0,0,0,2.7725887,0,9,0,0,0,0,0,1
-0.0662121,0.00409115,0,0,0,0,0,10.993463,2.9957323,8,0,0,0.596,0,0,1,0,0,1,1,0,1,0,0,0,1,0,2.7725887,0,9,0,0,0,0,0,0
-0.07582046,0.00360293,0,0,0,0,0,11.246248,2.9957323,8,0,0,0.596,0,0,1,0,0,0,1,0,1,0,0,0,1,0,2.7725887,0,9,0,0,0,0,1,0
-0.06399051,0.0035103,0,0,0,0,0,11.300004,2.9957323,8,0,0,0.596,0,0,1,0,0,1,1,0,1,0,0,0,1,0,2.7725887,0,9,0,0,0,0,0,0
-0.06402258,0.00351029,0,0,0,0,0,11.300004,2.9957323,8,0,0,0.596,0,0,1,0,0,1,1,0,1,0,0,0,1,0,2.7725887,0,9,0,0,0,0,0,0
-0.05870928,0.00351144,0,0,0,0,0,11.300004,2.9957323,8,0,0,0.596,0,0,1,0,0,1,1,0,1,0,0,0,1,0,2.7725887,0,9,0,0,0,0,0,0
-0.05690879,0.0035439,0,0,0,0,0,11.281813,2.9957323,8,0,0,0.596,1,0,1,0,0,1,1,0,1,0,0,0,1,0,2.7725887,0,9,0,0,0,0,0,0
-0.04831624,0.00352522,0,0,0,0,0,11.293288,2.9957323,8,0,0,0.596,1,0,1,0,0,1,1,0,1,0,0,0,1,0,2.7725887,0,9,0,0,0,0,0,0
-0.06758766,0.00358313,0,0,0,0,0,11.258459,2.9957323,8,0,0,0.596,1,0,1,0,0,1,1,0,1,0,0,0,1,0,2.7725887,0,9,0,0,0,0,0,0
-0.05913983,0.00351255,0,0,0,0,0,11.299324,2.9957323,8,0,0,0.596,1,0,1,0,0,1,1,0,1,0,0,0,1,0,2.7725887,0,9,0,0,0,0,0,0
-0.05406225,0.00358859,0,0,0,0,0,11.257065,2.9957323,8,0,0,0.596,1,0,1,0,0,1,1,0,1,0,0,0,1,0,2.7725887,0,9,0,0,0,0,0,0
-0.06459717,0.00358504,0,0,0,0,0,11.257788,2.9957323,8,0,0,0.596,1,0,1,0,0,1,1,0,1,0,0,0,1,0,2.7725887,0,9,0,0,0,0,0,0
-0.08286006,0.00359213,0,0,0,0,0,11.251132,2.9957323,8,0,0,0.596,1,0,1,0,0,1,1,0,1,0,0,0,1,0,2.7725887,0,9,0,0,0,0,0,0
-0.0718288,0.00350844,0,0,0,0,0,11.299992,2.9957323,8,0,0,0.596,0,0,1,0,0,1,1,0,1,0,0,0,1,0,2.7725887,0,9,0,0,0,0,0,0
-0.05077981,0.00354407,0,0,0,0,0,11.28238,2.9957323,8,0,0,0.596,0,0,1,0,0,1,1,0,1,0,0,0,1,0,2.7725887,0,9,0,0,0,0,0,0
-0.04163718,0.00364024,0,0,0,0,0,11.229674,2.9957323,8,0,0,0.596,1,0,1,0,0,1,1,0,1,0,0,0,1,0,2.7725887,0,9,0,0,0,0,0,0
-0.00690495,0.00364332,0,0,0,0,0,11.229674,2.9957323,8,0,0,0.596,1,0,1,0,0,1,1,0,1,0,0,0,0,0,2.7725887,0,9,0,0,1,0,0,0
-0.06535655,0.03173016,1,0,0,0,1,6.8966943,4.1640779,3,0,0,0.239,0,0,1,0,1,0,0,0,0,1,0,1,0,0,2.3025851,0,0,0,0,0,0,0,0
-0.08362552,0.02953962,1,0,0,0,1,7.0370276,4.1640779,3,0,0,0.239,0,0,1,0,1,0,0,0,0,1,0,1,0,0,2.3025851,0,0,0,0,0,0,0,0
-0.09000564,0.02947139,1,0,0,0,1,7.0405364,4.1640779,3,0,0,0.239,0,0,1,0,1,0,0,0,0,1,0,1,0,0,2.3025851,0,0,0,0,0,0,0,0
-0.05474855,0.03189592,1,0,0,0,1,6.8875526,4.1640779,3,0,0,0.239,0,0,1,0,1,0,0,0,0,1,0,1,0,0,2.3025851,0,0,0,0,0,0,0,0
-0.06790212,0.03172476,1,0,0,0,1,6.8966943,4.1640779,3,0,0,0.239,0,0,1,0,1,0,0,0,0,1,0,1,0,0,2.3025851,0,0,0,0,0,0,0,0
-0.06581332,0.03172921,1,0,0,0,1,6.8966943,4.1640779,3,0,0,0.239,0,0,1,0,1,0,0,0,0,1,0,1,0,0,2.3025851,0,0,0,0,0,0,0,0
-0.05237052,0.03175451,1,0,0,0,1,6.8966943,4.1640779,3,0,0,0.239,0,0,1,0,0,0,0,0,0,1,1,1,0,0,2.3025851,0,0,0,0,0,0,0,0
-0.06949111,0.03172128,1,0,0,0,1,6.8966943,4.1640779,3,0,0,0.239,0,0,1,0,1,0,0,0,0,1,0,1,0,0,2.3025851,0,0,0,0,0,0,0,0
-0.17732411,0.05989361,1,0,0,0,1,5.598422,4.1640779,3,0,0,0.239,0,0,1,0,1,0,0,0,0,1,0,1,0,0,2.3025851,0,0,0,0,0,0,0,0
-0.06116146,0.03466641,1,0,0,0,1,6.7202202,4.1640779,3,0,0,0.239,0,0,1,0,1,0,0,0,0,1,0,1,0,0,2.3025851,0,0,0,0,0,0,0,0
0.06002822,0.03175687,1,0,0,0,1,6.8956827,4.1640779,3,0,0,0.239,0,0,1,0,1,0,0,0,0,1,0,1,0,0,2.3025851,0,0,0,0,0,0,0,0
-0.07866137,0.04128744,1,0,0,0,1,6.3681872,4.1640779,3,0,0,0.239,1,0,1,0,1,0,0,0,0,1,0,1,0,0,2.3025851,0,0,0,0,0,0,0,0
-0.0662516,0.03602858,1,0,0,0,1,6.6424868,4.1640779,3,0,0,0.239,1,0,1,0,1,0,0,0,0,1,0,1,0,0,2.3025851,0,0,0,0,0,0,0,0
-0.08333333,0.04166667,1,0,0,0,1,6.349139,4.1640779,3,0,0,0.239,1,0,1,0,1,0,0,0,0,1,0,1,0,0,2.3025851,0,0,0,0,0,0,0,0
-0.07823345,0.03628218,1,0,0,0,1,6.6267177,4.1640779,3,0,0,0.239,1,0,1,0,1,0,0,0,0,1,0,1,0,0,2.3025851,0,0,0,0,0,0,0,0
-0.07245746,0.03227418,1,0,0,0,1,6.8617113,4.1640779,3,0,0,0.239,1,0,1,0,1,0,0,0,0,1,0,1,0,0,2.3025851,0,0,0,0,0,0,0,0
-0.07060164,0.03227849,1,0,0,0,1,6.8617113,4.1640779,3,0,0,0.239,1,0,1,0,1,0,0,0,0,1,0,1,0,0,2.3025851,0,0,0,0,0,0,0,0
-0.06827828,0.03172394,1,0,0,0,1,6.8966943,4.1640779,3,0,0,0.239,1,0,1,0,1,0,0,0,0,1,0,1,0,0,2.3025851,0,0,0,0,0,0,0,0
-0.07309954,0.03227267,1,0,0,0,1,6.8617113,4.1640779,3,0,0,0.239,1,0,1,0,1,0,0,0,0,1,0,1,0,0,2.3025851,0,0,0,0,0,0,0,0
-0.09081092,0.03166676,1,0,0,0,1,6.8966943,4.1640779,3,0,0,0.239,0,0,1,0,1,0,0,0,0,1,0,1,0,0,2.3025851,0,0,0,0,0,0,0,0
-0.0685591,0.03172333,1,0,0,0,1,6.8966943,4.1640779,3,0,0,0.239,0,0,1,0,1,0,0,0,0,1,0,1,0,0,2.3025851,0,0,0,0,0,0,0,0
-0.10065055,0.03163667,1,0,0,0,1,6.8966943,4.1640779,3,0,0,0.239,0,0,1,0,1,0,0,0,0,1,0,1,0,0,2.3025851,0,0,0,0,0,0,0,0
-0.06855079,0.03196669,1,0,0,0,1,6.8814113,4.1640779,3,0,0,0.239,0,0,1,0,1,0,0,0,0,1,0,1,0,0,2.3025851,0,0,0,0,0,0,0,0
-0.10940255,0.03184974,1,0,0,0,1,6.8814113,4.1640779,3,0,0,0.239,0,0,1,0,1,0,0,0,0,1,0,1,0,0,2.3025851,0,0,0,0,0,0,0,0
-0.0774072,0.03170274,1,0,0,0,1,6.8966943,2.4510051,2,0,0,0.744,0,0,0,0,1,0,0,0,0,1,0,1,0,0,2.3025851,0,0,0,0,0,0,0,0
-0.10478751,0.02940285,1,0,0,0,1,7.0422862,2.4510051,2,0,0,0.744,0,0,0,0,1,0,0,0,0,1,0,1,0,0,2.3025851,0,0,0,0,0,0,0,0
-0.0669755,0.02949923,1,0,0,0,1,7.0422862,2.4510051,2,0,0,0.744,0,0,0,0,1,0,0,0,0,1,0,1,0,0,2.3025851,0,0,0,0,0,0,0,0
-0.12823523,0.04897873,1,0,0,0,1,6.0161572,2.4510051,2,0,0,0.744,0,0,0,0,1,0,1,0,0,1,0,1,0,0,2.3025851,0,0,0,0,0,0,0,0
-0.06335029,0.03173428,1,0,0,0,1,6.8966943,2.4510051,2,0,0,0.744,0,0,0,0,1,0,0,0,0,1,0,1,0,0,2.3025851,0,0,0,0,0,0,0,0
-0.0734119,0.03171235,1,0,0,0,1,6.8966943,2.4510051,2,0,0,0.744,0,0,0,0,1,0,0,0,0,1,0,1,0,0,2.3025851,0,0,0,0,0,0,0,0
-0.08228266,0.03169032,1,0,0,0,1,6.8966943,2.4510051,2,0,0,0.744,1,0,0,0,1,0,0,0,0,1,0,1,0,0,2.3025851,0,0,0,0,0,0,0,0
-0.06804982,0.04131976,1,0,0,0,1,6.3681872,2.4510051,2,0,0,0.744,1,0,0,0,1,0,0,0,0,1,0,1,0,0,2.3025851,0,0,0,0,0,0,0,0
-0.08752918,0.03596932,1,0,0,0,1,6.6424868,2.4510051,2,0,0,0.744,1,0,0,0,1,0,0,0,0,1,0,1,0,0,2.3025851,0,0,0,0,0,0,0,0
-0.0839094,0.03598057,1,0,0,0,1,6.6424868,2.4510051,2,0,0,0.744,1,0,0,0,1,0,0,0,0,1,0,1,0,0,2.3025851,0,0,0,0,0,0,0,0
-0.10367563,0.04158678,1,0,0,0,1,6.349139,2.4510051,2,0,0,0.744,1,0,0,0,1,0,0,0,0,1,0,1,0,0,2.3025851,0,0,0,0,0,0,0,0
-0.08381473,0.03626567,1,0,0,0,1,6.6267177,2.4510051,2,0,0,0.744,1,0,0,0,1,0,0,0,0,1,0,1,0,0,2.3025851,0,0,0,0,0,0,0,0
-0.09738257,0.03799871,1,0,0,0,1,6.5308776,2.4510051,2,0,0,0.744,0,0,0,1,1,0,0,0,0,1,0,1,0,0,2.3025851,0,0,0,0,0,0,0,0
-0.09402084,0.04034254,1,0,0,0,1,6.4118183,2.4510051,2,0,0,0.744,0,0,0,1,1,0,0,0,0,1,0,1,0,0,2.3025851,0,0,0,0,0,0,0,0
-0.07816901,0.03226022,1,0,0,0,1,6.8617113,2.4510051,2,0,0,0.744,1,0,0,0,1,0,0,0,0,1,0,1,0,0,2.3025851,0,0,0,0,0,0,0,0
-0.07696918,0.03226325,1,0,0,0,1,6.8617113,2.4510051,2,0,0,0.744,1,0,0,0,1,0,0,0,0,1,0,1,0,0,2.3025851,0,0,0,0,0,0,0,0
-0.07754514,0.0317024,1,0,0,0,1,6.8966943,2.4510051,2,0,0,0.744,1,0,0,0,1,0,0,0,0,1,0,1,0,0,2.3025851,0,0,0,0,0,0,0,0
-0.05620063,0.03176396,1,0,0,0,1,6.8956827,2.4510051,2,0,0,0.744,0,0,0,0,1,0,0,0,0,1,0,1,0,0,2.3025851,0,0,0,0,0,0,0,0
-0.05092181,0.0317569,1,0,0,0,1,6.8966943,2.4510051,2,0,0,0.744,0,0,0,0,1,0,0,0,0,1,0,1,0,0,2.3025851,0,0,0,0,0,0,0,0
-0.0782732,0.03599713,1,0,0,0,1,6.6424868,2.4510051,2,0,0,0.744,0,0,0,0,1,0,0,0,0,1,0,1,0,0,2.3025851,0,0,0,0,0,0,0,0
-0.05326331,0.03605665,1,0,0,0,1,6.6424868,2.4510051,2,0,0,0.744,0,0,0,0,1,0,0,0,0,1,0,1,0,0,2.3025851,0,0,0,0,0,0,0,0
-0.0692525,0.03602122,1,0,0,0,1,6.6424868,2.4510051,2,0,0,0.744,0,0,0,0,1,0,0,0,0,1,0,1,0,0,2.3025851,0,0,0,0,0,0,0,0
-0.07165678,0.03601509,1,0,0,0,1,6.6424868,2.4510051,2,0,0,0.744,0,0,0,0,1,0,0,0,0,1,0,1,0,0,2.3025851,0,0,0,0,0,0,0,0
-0.09393353,0.04336808,1,0,0,0,1,6.2672005,2.4510051,2,0,0,0.744,0,0,0,0,1,0,0,0,0,1,0,1,0,0,2.3025851,0,0,0,0,0,0,0,0
0.00829536,0.00434456,0,0,1,0,0,10.877594,3.5634782,5,1,0,0.184,1,0,1,1,0,0,1,1,1,1,0,0,0,0,1.9459101,0,9.5,1,1,0,0,0,0
0.01068532,0.00432366,0,0,1,0,0,10.887194,3.5634782,5,1,0,0.184,1,0,1,1,0,0,1,1,0,1,1,0,0,0,1.9459101,0,9.5,1,1,0,0,0,0
0.00916967,0.00432372,0,0,1,0,0,10.887194,3.5634782,5,1,0,0.184,1,0,1,1,0,0,1,1,0,1,1,0,0,0,1.9459101,0,9.5,1,1,0,0,0,0
-0.00353322,0.00421784,0,0,1,0,0,10.93685,3.5634782,5,1,0,0.184,1,0,1,1,0,0,1,0,1,1,0,0,1,0,1.9459101,0,9.5,1,1,0,0,0,0
-0.00874138,0.00419711,0,0,1,0,0,10.94664,3.5634782,5,1,0,0.184,1,0,1,1,0,0,1,0,0,1,1,0,1,0,1.9459101,0,9.5,1,1,0,0,0,0
-0.01202863,0.00419697,0,0,1,0,0,10.94664,3.5634782,5,1,0,0.184,1,0,1,1,0,0,1,0,0,1,1,0,1,0,1.9459101,0,9.5,1,1,0,0,0,0
-2.96E-05,0.00421787,0,0,1,0,0,10.93685,3.5634782,5,1,0,0.184,1,0,1,1,0,0,1,0,1,1,0,0,0,0,1.9459101,0,9.5,1,1,0,0,0,1
-0.00884647,0.00419711,0,0,1,0,0,10.94664,3.5634782,5,1,0,0.184,1,0,1,1,0,0,1,0,0,1,1,0,0,0,1.9459101,0,9.5,1,1,0,0,0,1
-0.02207165,0.00419625,0,0,1,0,0,10.94664,3.5634782,5,1,0,0.184,1,0,1,1,0,0,1,0,0,1,1,0,0,0,1.9459101,0,9.5,1,1,0,0,0,1
0.03960063,0.02000032,0,0,1,0,0,7.8224447,3.2750461,3,0,0,0.297,0,1,0,0,0,0,0,0,0,1,1,1,1,0,0,0,10.5,0,1,0,0,0,0
0.03780324,0.02000171,0,0,1,0,0,7.8224447,3.2750461,3,0,0,0.297,0,1,0,0,0,0,0,0,0,1,1,1,1,0,0,0,10.5,0,1,0,0,0,0
0.04,0.02,0,0,1,0,0,7.8224447,3.2750461,3,0,0,0.297,0,1,0,0,0,0,0,0,0,1,1,1,1,0,0,0,10.5,0,1,0,0,0,0
0.03840241,0.02000125,0,0,1,0,0,7.8224447,3.2750461,3,0,0,0.297,0,1,0,0,0,0,0,0,0,1,1,1,1,0,0,0,10.5,0,1,0,0,0,0
0.08812659,0.01993814,0,0,1,0,0,7.8224447,3.2750461,3,0,0,0.297,0,0,0,0,0,0,1,0,0,1,1,1,1,0,0,0,10.5,1,1,0,0,0,0
0.07167271,0.01996454,0,0,1,0,0,7.8224447,3.2750461,3,0,0,0.297,0,0,0,0,0,0,1,0,0,1,1,1,1,0,0,0,10.5,1,1,0,0,0,0
-0.03916992,0.01998465,0,0,1,0,0,7.824046,3.2750461,3,0,0,0.297,0,1,0,0,0,0,0,0,0,1,1,1,0,0,0,0,10.5,0,1,0,1,0,0
-0.03637591,0.01998676,0,0,1,0,0,7.824046,3.2750461,3,0,0,0.297,0,1,0,0,0,0,0,0,0,1,1,1,0,0,0,0,10.5,0,1,0,1,0,0
-0.03857128,0.01998512,0,0,1,0,0,7.824046,3.2750461,3,0,0,0.297,0,1,0,0,0,0,0,0,0,1,1,1,0,0,0,0,10.5,0,1,0,1,0,0
-0.03577708,0.0199872,0,0,1,0,0,7.824046,3.2750461,3,0,0,0.297,0,1,0,0,0,0,0,0,0,1,1,1,0,0,0,0,10.5,0,1,0,1,0,0
-0.03797259,0.01998558,0,0,1,0,0,7.824046,3.2750461,3,0,0,0.297,0,0,0,0,0,0,1,0,0,1,1,1,0,0,0,0,10.5,1,1,0,1,0,0
-0.02299392,0.01999471,0,0,1,0,0,7.824046,3.2750461,3,0,0,0.297,0,0,0,0,0,0,1,0,0,1,1,1,0,0,0,0,10.5,1,1,0,1,0,0
-0.0099995,0.019999,0,0,1,0,0,7.824046,3.2750461,3,0,0,0.297,0,1,0,0,0,0,0,0,0,1,1,1,0,0,0,0,10.5,0,1,0,0,0,1
-0.01099933,0.01999879,0,0,1,0,0,7.824046,3.2750461,3,0,0,0.297,0,1,0,0,0,0,0,0,0,1,1,1,0,0,0,0,10.5,0,1,0,0,0,1
-0.0099995,0.019999,0,0,1,0,0,7.824046,3.2750461,3,0,0,0.297,0,1,0,0,0,0,0,0,0,1,1,1,0,0,0,0,10.5,0,1,0,0,0,1
-0.0111993,0.01999875,0,0,1,0,0,7.824046,3.2750461,3,0,0,0.297,0,1,0,0,0,0,0,0,0,1,1,1,0,0,0,0,10.5,0,1,0,0,0,1
0.00319998,0.0199999,0,0,1,0,0,7.824046,3.2750461,3,0,0,0.297,0,0,0,0,0,0,1,0,0,1,1,1,0,0,0,0,10.5,1,1,0,0,0,1
-0.00919961,0.01999915,0,0,1,0,0,7.824046,3.2750461,3,0,0,0.297,0,0,0,0,0,0,1,0,0,1,1,1,0,0,0,0,10.5,1,1,0,0,0,1
0.04558907,0.01999521,0,0,1,0,0,7.8224447,3.2750461,3,0,0,0.297,0,1,0,0,0,0,0,0,0,1,1,1,0,0,0,0,10.5,0,1,1,0,0,0
0.04638718,0.01999447,0,0,1,0,0,7.8224447,3.2750461,3,0,0,0.297,0,1,0,0,0,0,0,0,0,1,1,1,0,0,0,0,10.5,0,1,1,0,0,0
0.04578861,0.01999503,0,0,1,0,0,7.8224447,3.2750461,3,0,0,0.297,0,1,0,0,0,0,0,0,0,1,1,1,0,0,0,0,10.5,0,1,1,0,0,0
0.0469857,0.01999391,0,0,1,0,0,7.8224447,3.2750461,3,0,0,0.297,0,1,0,0,0,0,0,0,0,1,1,1,0,0,0,0,10.5,0,1,1,0,0,0
0.08614774,0.01994161,0,0,1,0,0,7.8224447,3.2750461,3,0,0,0.297,0,0,0,0,0,0,1,0,0,1,1,1,0,0,0,0,10.5,1,1,1,0,0,0
0.10588659,0.01990349,0,0,1,0,0,7.8224447,3.2750461,3,0,0,0.297,0,0,0,0,0,0,1,0,0,1,1,1,0,0,0,0,10.5,1,1,1,0,0,0
-0.04916018,0.01998381,0,0,1,0,0,7.8232457,3.2750461,3,0,0,0.297,0,1,0,0,0,0,0,0,0,1,1,1,0,0,0,0,10.5,0,1,0,0,0,0
-0.05015688,0.01998282,0,0,1,0,0,7.8232457,3.2750461,3,0,0,0.297,0,1,0,0,0,0,0,0,0,1,1,1,0,0,0,0,10.5,0,1,0,0,0,0
-0.04756515,0.01998536,0,0,1,0,0,7.8232457,3.2750461,3,0,0,0.297,0,1,0,0,0,0,0,0,0,1,1,1,0,0,0,0,10.5,0,1,0,0,0,0
-0.04716634,0.01998574,0,0,1,0,0,7.8232457,3.2750461,3,0,0,0.297,0,1,0,0,0,0,0,0,0,1,1,1,0,0,0,0,10.5,0,1,0,0,0,0
-0.09855744,0.01991059,0,0,1,0,0,7.8232457,3.2750461,3,0,0,0.297,0,0,0,0,0,0,1,0,0,1,1,1,0,0,0,0,10.5,1,1,0,0,0,0
-0.1749315,0.01969949,0,0,1,0,0,7.8232457,3.2750461,3,0,0,0.297,0,0,0,0,0,0,1,0,0,1,1,1,0,0,0,0,10.5,1,1,0,0,0,0
0.03340111,0.00759116,0,0,0,1,0,9.7604252,3.2750461,3,0,0,0.297,0,0,0,0,0,1,0,0,0,0,1,1,1,0,2.4849066,0,6,0,0,0,0,0,0
0.02733322,0.00759256,0,0,0,1,0,9.7604252,3.2750461,3,0,0,0.297,0,0,0,0,0,1,0,0,0,0,1,1,1,0,2.4849066,0,6,0,0,0,0,0,0
0.02657451,0.00759272,0,0,0,1,0,9.7604252,3.2750461,3,0,0,0.297,0,0,0,0,0,1,0,0,0,0,1,1,1,0,2.4849066,0,6,0,0,0,0,0,0
0.02278028,0.00759343,0,0,0,1,0,9.7604252,3.2750461,3,0,0,0.297,0,0,0,0,0,1,0,0,0,0,1,1,1,0,2.4849066,0,6,0,0,0,0,0,0
0.01139236,0.00759491,0,0,0,1,0,9.7604252,3.2750461,3,0,0,0.297,0,0,0,0,0,1,0,0,0,0,1,1,1,0,2.4849066,0,6,0,0,0,0,0,0
0.01822593,0.00759414,0,0,0,1,0,9.7604252,3.2750461,3,0,0,0.297,0,0,0,0,0,1,0,0,0,0,1,1,1,0,2.4849066,0,6,0,0,0,0,0,0
0.02243604,0.00801287,0,0,0,1,0,9.6529086,3.2750461,3,0,0,0.297,0,0,0,0,0,1,0,0,0,1,1,1,1,0,2.4849066,0,6,0,0,0,0,0,0
0.01202147,0.00801431,0,0,0,1,0,9.6529086,3.2750461,3,0,0,0.297,0,0,0,0,0,1,0,0,0,1,1,1,1,0,2.4849066,0,6,0,0,0,0,0,0
0.01602772,0.00801386,0,0,0,1,0,9.6529086,3.2750461,3,0,0,0.297,0,0,0,0,0,1,0,0,0,1,1,1,1,0,2.4849066,0,6,0,0,0,0,0,0
0.02563921,0.00801225,0,0,0,1,0,9.6529086,3.2750461,3,0,0,0.297,0,0,0,0,0,1,0,0,0,1,1,1,1,0,2.4849066,0,6,0,0,0,0,0,0
0.01122014,0.00801438,0,0,0,1,0,9.6529086,3.2750461,3,0,0,0.297,0,0,0,0,0,1,0,0,0,1,1,1,1,0,2.4849066,0,6,0,0,0,0,0,0
0.02083419,0.00801315,0,0,0,1,0,9.6529086,3.2750461,3,0,0,0.297,0,0,0,0,0,1,0,0,0,1,1,1,1,0,2.4849066,0,6,0,0,0,0,0,0
0.02263278,0.00905311,0,0,0,1,0,9.4087813,3.2750461,3,0,0,0.297,0,0,0,0,0,1,0,0,0,1,1,1,1,0,2.4849066,0,6,0,1,0,0,0,0
0.00271662,0.0090554,0,0,0,1,0,9.4087813,3.2750461,3,0,0,0.297,0,0,0,0,0,1,0,0,0,1,1,1,1,0,2.4849066,0,6,0,1,0,0,0,0
0.01539241,0.00905436,0,0,0,1,0,9.4087813,3.2750461,3,0,0,0.297,0,0,0,0,0,1,0,0,0,1,1,1,1,0,2.4849066,0,6,0,1,0,0,0,0
0.01901297,0.00905379,0,0,0,1,0,9.4087813,3.2750461,3,0,0,0.297,0,0,0,0,0,1,0,0,0,1,1,1,1,0,2.4849066,0,6,0,1,0,0,0,0
0.00181108,0.00905542,0,0,0,1,0,9.4087813,3.2750461,3,0,0,0.297,0,0,0,0,0,1,0,0,0,1,1,1,1,0,2.4849066,0,6,0,1,0,0,0,0
0.00996048,0.00905498,0,0,0,1,0,9.4087813,3.2750461,3,0,0,0.297,0,0,0,0,0,1,0,0,0,1,1,1,1,0,2.4849066,0,6,0,1,0,0,0,0
0.00524837,0.00874728,0,0,0,1,0,9.4779983,3.2750461,3,0,0,0.297,0,0,0,0,0,1,0,0,0,1,1,1,0,0,2.4849066,0,6,0,1,0,1,0,0
-0.01661776,0.00874619,0,0,0,1,0,9.4779983,3.2750461,3,0,0,0.297,0,0,0,0,0,1,0,0,0,1,1,1,0,0,2.4849066,0,6,0,1,0,1,0,0
-0.00699775,0.00874718,0,0,0,1,0,9.4779983,3.2750461,3,0,0,0.297,0,0,0,0,0,1,0,0,0,1,1,1,0,0,2.4849066,0,6,0,1,0,1,0,0
0.00087474,0.00874739,0,0,0,1,0,9.4779983,3.2750461,3,0,0,0.297,0,0,0,0,0,1,0,0,0,1,1,1,0,0,2.4849066,0,6,0,1,0,1,0,0
-0.029728,0.00874353,0,0,0,1,0,9.4779983,3.2750461,3,0,0,0.297,0,0,0,0,0,1,0,0,0,1,1,1,0,0,2.4849066,0,6,0,1,0,1,0,0
-0.01749212,0.00874606,0,0,0,1,0,9.4779983,3.2750461,3,0,0,0.297,0,0,0,0,0,1,0,0,0,1,1,1,0,0,2.4849066,0,6,0,1,0,1,0,0
0.03284941,0.00887822,0,0,0,1,0,9.447229,3.2750461,3,0,0,0.297,0,0,0,0,0,1,0,0,0,1,1,1,0,0,2.4849066,0,6,0,1,0,0,0,1
0.03816912,0.00887654,0,0,0,1,0,9.447229,3.2750461,3,0,0,0.297,0,0,0,0,0,1,0,0,0,1,1,1,0,0,2.4849066,0,6,0,1,0,0,0,1
0.03107553,0.00887872,0,0,0,1,0,9.447229,3.2750461,3,0,0,0.297,0,0,0,0,0,1,0,0,0,1,1,1,0,0,2.4849066,0,6,0,1,0,0,0,1
0.03639622,0.00887713,0,0,0,1,0,9.447229,3.2750461,3,0,0,0.297,0,0,0,0,0,1,0,0,0,1,1,1,0,0,2.4849066,0,6,0,1,0,0,0,1
0.04968344,0.00887204,0,0,0,1,0,9.447229,3.2750461,3,0,0,0.297,0,0,0,0,0,1,0,0,0,1,1,1,0,0,2.4849066,0,6,0,1,0,0,0,1
0.03994166,0.00887592,0,0,0,1,0,9.447229,3.2750461,3,0,0,0.297,0,0,0,0,0,1,0,0,0,1,1,1,0,0,2.4849066,0,6,0,1,0,0,0,1
0.02798071,0.00874397,0,0,0,1,0,9.4779983,3.2750461,3,0,0,0.297,0,0,0,0,0,1,0,0,0,1,1,1,0,0,2.4849066,0,6,0,1,1,0,0,0
0.00874706,0.00874706,0,0,0,1,0,9.4779983,3.2750461,3,0,0,0.297,0,0,0,0,0,1,0,0,0,1,1,1,0,0,2.4849066,0,6,0,1,1,0,0,0
0.01574336,0.00874631,0,0,0,1,0,9.4779983,3.2750461,3,0,0,0.297,0,0,0,0,0,1,0,0,0,1,1,1,0,0,2.4849066,0,6,0,1,1,0,0,0
0.00962169,0.00874699,0,0,0,1,0,9.4779983,3.2750461,3,0,0,0.297,0,0,0,0,0,1,0,0,0,1,1,1,0,0,2.4849066,0,6,0,1,1,0,0,0
-0.01486893,0.00874643,0,0,0,1,0,9.4779983,3.2750461,3,0,0,0.297,0,0,0,0,0,1,0,0,0,1,1,1,0,0,2.4849066,0,6,0,1,1,0,0,0
-0.00437366,0.00874731,0,0,0,1,0,9.4779983,3.2750461,3,0,0,0.297,0,0,0,0,0,1,0,0,0,1,1,1,0,0,2.4849066,0,6,0,1,1,0,0,0
-0.0384704,0.00725857,0,0,0,1,0,9.8496647,3.2750461,3,0,0,0.297,0,0,0,0,0,1,0,0,0,0,1,1,0,0,2.4849066,0,6,0,0,0,0,0,0
-0.03702072,0.00725896,0,0,0,1,0,9.8496647,3.2750461,3,0,0,0.297,0,0,0,0,0,1,0,0,0,0,1,1,0,0,2.4849066,0,6,0,0,0,0,0,0
-0.02468988,0.00726173,0,0,0,1,0,9.8496647,3.2750461,3,0,0,0.297,0,0,0,0,0,1,0,0,0,0,1,1,0,0,2.4849066,0,6,0,0,0,0,0,0
-0.05945896,0.00725109,0,0,0,1,0,9.8496647,3.2750461,3,0,0,0.297,0,0,0,0,0,1,0,0,0,0,1,1,0,0,2.4849066,0,6,0,0,0,0,0,0
-0.05150555,0.0072543,0,0,0,1,0,9.8496647,3.2750461,3,0,0,0.297,0,0,0,0,0,1,0,0,0,0,1,1,0,0,2.4849066,0,6,0,0,0,0,0,0
-0.0355708,0.00725935,0,0,0,1,0,9.8496647,3.2750461,3,0,0,0.297,0,0,0,0,0,1,0,0,0,0,1,1,0,0,2.4849066,0,6,0,0,0,0,0,0
-0.04281796,0.00725728,0,0,0,1,0,9.8496647,3.2750461,3,0,0,0.297,0,0,0,0,0,1,0,0,0,1,1,1,0,0,2.4849066,0,6,0,0,0,0,0,0
-0.04447659,0.00766838,0,0,0,1,0,9.7393202,3.2750461,3,0,0,0.297,0,0,0,0,0,1,0,0,0,1,1,1,0,0,2.4849066,0,6,0,0,0,0,0,0
-0.03528749,0.00767119,0,0,0,1,0,9.7393202,3.2750461,3,0,0,0.297,0,0,0,0,0,1,0,0,0,1,1,1,0,0,2.4849066,0,6,0,0,0,0,0,0
-0.0551828,0.00766428,0,0,0,1,0,9.7393202,3.2750461,3,0,0,0.297,0,0,0,0,0,1,0,0,0,1,1,1,0,0,2.4849066,0,6,0,0,0,0,0,0
-0.0467722,0.00766757,0,0,0,1,0,9.7393202,3.2750461,3,0,0,0.297,0,0,0,0,0,1,0,0,0,1,1,1,0,0,2.4849066,0,6,0,0,0,0,0,0
-0.03681969,0.00767077,0,0,0,1,0,9.7393202,3.2750461,3,0,0,0.297,0,0,0,0,0,1,0,0,0,1,1,1,0,0,2.4849066,0,6,0,0,0,0,0,0
-0.05550997,0.00881111,0,0,0,1,0,9.4603985,3.2750461,3,0,0,0.297,0,0,0,0,0,1,0,0,0,1,1,1,0,0,2.4849066,0,6,0,0,0,0,0,0
-0.05287421,0.00881237,0,0,0,1,0,9.4603985,3.2750461,3,0,0,0.297,0,0,0,0,0,1,0,0,0,1,1,1,0,0,2.4849066,0,6,0,0,0,0,0,0
-0.03967993,0.00881776,0,0,0,1,0,9.4603985,3.2750461,3,0,0,0.297,0,0,0,0,0,1,0,0,0,1,1,1,0,0,2.4849066,0,6,0,0,0,0,0,0
-0.04759943,0.00881471,0,0,0,1,0,9.4603985,3.2750461,3,0,0,0.297,0,0,0,0,0,1,0,0,0,1,1,1,0,0,2.4849066,0,6,0,0,0,0,0,0
-0.05375292,0.00881195,0,0,0,1,0,9.4603985,3.2750461,3,0,0,0.297,0,0,0,0,0,1,0,0,0,1,1,1,0,0,2.4849066,0,6,0,0,0,0,0,0
-0.02029266,0.0088229,0,0,0,1,0,9.4603985,3.2750461,3,0,0,0.297,0,0,0,0,0,1,0,0,0,1,1,1,0,0,2.4849066,0,6,0,0,0,0,0,0
-0.15619259,0.02557985,0,0,0,1,0,7.3072023,1.8325815,8,1,1,0.239,0,0,1,1,0,0,0,0,0,0,0,0,1,0,1.7917595,0,13,0,0,0,0,0,0
0.11365768,0.02572988,0,0,0,1,0,7.3072023,1.8325815,8,1,1,0.239,0,0,1,1,0,0,0,0,0,0,0,0,1,0,1.7917595,0,13,0,0,0,0,0,0
-0.14033757,0.02564141,0,0,0,1,0,7.3072023,1.8325815,8,1,1,0.239,0,0,1,1,0,0,0,0,0,0,0,0,1,0,1.7917595,0,13,0,0,0,0,0,0
-0.15846736,0.02557046,0,0,0,1,0,7.3072023,1.8325815,8,1,1,0.239,0,0,1,1,0,0,0,0,0,0,0,0,1,0,1.7917595,0,13,0,0,0,0,0,0
0.05240415,0.01242376,0,0,1,0,0,8.7735394,0,7,0,0,0,0,0,0,0,0,0,1,0,1,1,0,0,1,0,1.9459101,0,13,1,0,0,0,0,0
0.01378267,0.01243967,0,0,1,0,0,8.7735394,0,7,0,0,0,0,0,0,0,0,0,1,0,1,1,0,0,1,0,1.9459101,0,13,1,0,0,0,0,0
0.08140561,0.03748405,1,1,0,0,1,6.5610307,3.3518515,3,0,0,0.661,1,0,1,0,0,0,0,0,0,1,0,1,0,0,3.2580965,0,0,0,0,0,0,0,0
0.09024482,0.03745541,1,1,0,0,1,6.5610307,3.3518515,3,0,0,0.661,1,0,1,0,0,0,0,0,0,1,0,1,0,0,3.2580965,0,0,0,0,0,0,0,0
0.1043546,0.03740353,1,1,0,0,1,6.5610307,3.3518515,3,0,0,0.661,1,0,1,0,0,0,0,0,0,1,0,1,0,0,3.2580965,0,0,0,0,0,0,0,0
0.10457933,0.03740264,1,1,0,0,1,6.5610307,3.3518515,3,0,0,0.661,1,0,1,0,0,0,0,0,0,1,0,1,0,0,3.2580965,0,0,0,0,0,0,0,0
0.08054546,0.04022559,1,1,0,0,1,6.4199949,3.3518515,3,0,0,0.661,1,0,1,0,0,0,0,0,0,1,0,1,0,0,3.2580965,0,0,0,0,0,0,0,0
0.11031085,0.04215063,1,1,0,0,1,6.3207683,3.3518515,3,0,0,0.661,1,0,1,0,0,0,0,0,0,1,0,1,0,0,3.2580965,0,0,0,0,0,0,0,0
0.10228304,0.0425716,1,1,0,0,1,6.302619,3.3518515,3,0,0,0.661,1,0,1,0,0,0,0,0,0,1,0,1,0,0,3.2580965,0,0,0,0,0,0,0,0
0.10310073,0.04439434,1,1,0,0,1,6.2186001,3.3518515,3,0,0,0.661,1,0,1,0,0,0,0,0,0,1,0,1,0,0,3.2580965,0,0,0,0,0,0,0,0
0.09312392,0.03896297,1,1,0,0,1,6.4815771,3.3518515,3,0,0,0.661,1,0,1,0,0,0,0,0,0,1,0,1,0,0,3.2580965,0,0,0,0,0,0,0,0
0.08090348,0.04012651,1,1,0,0,1,6.424869,3.3518515,3,0,0,0.661,1,0,1,0,0,0,0,0,0,1,0,1,0,0,3.2580965,0,0,0,0,0,0,0,0
0.08705103,0.03931703,1,1,0,0,1,6.4645883,3.3518515,3,0,0,0.661,1,0,1,0,0,0,0,0,0,1,0,1,0,0,3.1780538,0,0,0,0,0,0,0,0
0.16234835,0.03937495,1,1,0,0,1,6.4425402,3.3518515,3,0,0,0.661,1,0,1,0,0,0,0,0,0,1,0,1,0,0,3.2580965,0,0,0,0,0,0,0,0
0.06558805,0.03895937,1,1,0,0,1,6.4861608,3.3518515,3,0,0,0.661,1,0,1,0,0,0,0,0,0,1,0,1,0,0,3.2580965,0,0,0,0,0,0,0,0
0.07690551,0.03919762,1,1,0,0,1,6.4723463,3.3518515,3,0,0,0.661,1,0,1,0,0,0,0,0,0,1,0,1,0,0,3.2580965,0,0,0,0,0,0,0,0
0.06781868,0.03922354,1,1,0,0,1,6.4723463,3.3518515,3,0,0,0.661,1,0,1,0,0,0,0,0,0,1,0,1,0,0,3.2580965,0,0,0,0,0,0,0,0
0.07361134,0.04883735,1,1,0,0,1,6.0330862,3.3518515,3,0,0,0.661,1,0,1,0,0,0,0,0,0,1,0,1,0,0,3.2580965,0,0,0,0,0,0,0,0
0.07351763,0.03973314,1,1,0,0,1,6.4457198,3.3518515,3,0,0,0.661,1,0,1,0,0,0,0,0,0,1,0,1,0,0,3.2580965,0,0,0,0,0,0,0,0
0.07724645,0.03919659,1,1,0,0,1,6.4723463,3.3518515,3,0,0,0.661,1,0,1,0,0,0,0,0,0,1,0,1,0,0,3.2580965,0,0,0,0,0,0,0,0
0.07411649,0.04411572,1,1,0,0,1,6.2363696,3.3518515,3,0,0,0.661,1,0,1,0,0,0,0,0,0,1,0,1,0,0,3.2580965,0,0,0,0,0,0,0,0
0.09293466,0.04008425,1,1,0,0,1,6.424869,3.3518515,3,0,0,0.661,1,0,1,0,0,0,0,0,0,1,0,1,0,0,3.2580965,0,0,0,0,0,0,0,0
0.12320219,0.00740398,0,0,1,0,0,9.7961807,1.7346011,9,0,1,0.213,0,0,1,0,0,1,1,0,0,1,0,0,1,0,2.3978953,0,7.5,0,0,0,0,0,0
0.12218117,0.00740492,0,0,1,0,0,9.7961807,1.7346011,9,0,1,0.213,0,0,1,0,0,1,1,0,0,1,0,0,1,0,2.3978953,0,7.5,0,0,0,0,0,0
0.06249814,0.0075299,0,0,1,0,0,9.7738343,1.7346011,9,0,1,0.213,0,0,1,0,0,0,1,0,0,1,0,0,1,0,2.3978953,0,7.5,0,0,0,0,1,0
0.07897137,0.00752108,0,0,1,0,0,9.7738343,1.7346011,9,0,1,0.213,0,0,1,0,0,0,1,0,0,1,0,0,1,0,2.3978953,0,7.5,0,0,0,0,1,0
0.02820575,0.00754164,0,0,1,0,0,9.7738343,1.7346011,9,0,1,0.213,0,0,1,0,0,0,1,0,0,1,0,0,0,0,2.3978953,0,7.5,0,0,0,0,1,1
0.10986003,0.00749898,0,0,1,0,0,9.7738343,1.7346011,9,0,1,0.213,0,0,1,0,0,0,1,0,0,1,0,0,0,0,2.3978953,0,7.5,0,0,0,1,1,0
-0.00339507,0.0075446,0,0,1,0,0,9.7738343,1.7346011,9,0,1,0.213,0,0,1,0,0,0,1,0,0,1,0,0,0,0,2.3978953,0,7.5,0,0,1,0,1,0
0.02503778,0.00934246,0,0,1,0,0,9.345745,1.7346011,9,0,1,0.213,0,0,1,0,0,0,1,1,0,1,0,0,0,0,2.3978953,0,7.5,0,0,0,0,1,0
0.06015416,0.01868141,0,0,1,0,0,7.9568271,1.7346011,9,0,1,0.213,0,0,1,0,0,0,1,0,0,1,0,0,1,0,2.3978953,0,7.5,0,0,0,0,1,0
0.07959207,0.01328749,0,0,1,0,0,8.6355094,1.7346011,9,0,1,0.213,0,0,1,0,0,0,1,0,0,1,0,0,1,0,2.3978953,0,7.5,0,0,0,0,1,0
0.11772948,0.01041854,0,0,1,0,0,9.11438,1.7346011,9,0,1,0.213,0,0,1,0,0,0,1,0,0,1,0,0,1,0,2.3978953,0,7.5,0,0,0,0,1,0
0.06059292,0.01197489,0,0,1,0,0,8.8462091,1.7346011,9,0,1,0.213,0,0,1,0,0,0,1,0,0,1,0,0,1,0,2.3978953,0,7.5,0,0,0,0,1,0
0.081626,0.00967133,0,0,1,0,0,9.2704943,1.7346011,9,0,1,0.213,0,0,1,0,0,0,1,0,0,1,0,0,1,0,2.3978953,0,7.5,0,0,0,0,1,0
-0.38365997,0.03441586,0,0,1,0,1,6.5792512,0.61903921,5,0,0,0.009,0,0,0,0,0,0,1,0,0,1,1,0,0,0,1.6094379,0,12.333,0,0,0,0,0,0
-0.12574813,0.03697198,0,0,1,0,1,6.5792512,0.61903921,5,0,0,0.009,0,0,0,0,0,0,1,0,0,1,1,0,0,0,1.6094379,0,12.333,0,0,0,0,0,0
-0.11966895,0.03699999,0,0,1,0,1,6.5792512,0.61903921,5,0,0,0.009,0,0,0,0,0,0,1,0,0,1,1,0,0,0,1.6094379,0,12.333,0,0,0,0,0,0
-0.48345157,0.03262316,0,0,1,0,1,6.5792512,0.61903921,5,0,0,0.009,0,0,0,0,1,0,1,0,0,1,0,0,0,0,1.6094379,0,12.333,0,0,0,0,0,0
-0.18780815,0.03660465,0,0,1,0,1,6.5792512,0.61903921,5,0,0,0.009,0,0,0,0,1,0,1,0,0,1,0,0,0,0,1.6094379,0,12.333,0,0,0,0,0,0
-0.16156138,0.0367782,0,0,1,0,1,6.5792512,0.61903921,5,0,0,0.009,0,0,0,0,1,0,1,0,0,1,0,0,0,0,1.6094379,0,12.333,0,0,0,0,0,0
-0.18129508,0.03665023,0,0,1,0,1,6.5792512,0.61903921,5,0,0,0.009,0,0,0,0,0,0,1,0,0,1,1,0,0,0,1.6094379,0,12.333,0,0,0,0,0,0
-0.07062073,0.03717475,0,0,1,0,1,6.5792512,0.61903921,5,0,0,0.009,0,0,0,0,0,0,1,0,0,1,1,0,0,0,1.6094379,0,12.333,0,0,0,0,0,0
-0.04927887,0.03722252,0,0,1,0,1,6.5792512,0.61903921,5,0,0,0.009,0,0,0,0,0,0,1,0,0,1,1,0,0,0,1.6094379,0,12.333,0,0,0,0,0,0
-0.23053514,0.03626395,0,0,1,0,1,6.5792512,0.61903921,5,0,0,0.009,0,0,0,0,1,0,1,0,0,1,0,0,0,0,1.6094379,0,12.333,0,0,0,0,0,0
-0.09281337,0.03710693,0,0,1,0,1,6.5792512,0.61903921,5,0,0,0.009,0,0,0,0,1,0,1,0,0,1,0,0,0,0,1.6094379,0,12.333,0,0,0,0,0,0
-0.06493796,0.03718914,0,0,1,0,1,6.5792512,0.61903921,5,0,0,0.009,0,0,0,0,1,0,1,0,0,1,0,0,0,0,1.6094379,0,12.333,0,0,0,0,0,0
-0.22761846,0.03628953,0,0,1,0,1,6.5792512,0.61903921,5,0,0,0.009,0,0,0,0,0,0,1,0,0,1,1,0,0,0,1.6094379,0,12.333,0,0,0,0,0,0
-0.06838451,0.03718056,0,0,1,0,1,6.5792512,0.61903921,5,0,0,0.009,0,0,0,0,0,0,1,0,0,1,1,0,0,0,1.6094379,0,12.333,0,0,0,0,0,0
-0.05176324,0.03721784,0,0,1,0,1,6.5792512,0.61903921,5,0,0,0.009,0,0,0,0,0,0,1,0,0,1,1,0,0,0,1.6094379,0,12.333,0,0,0,0,0,0
-0.21243356,0.03641718,0,0,1,0,1,6.5792512,0.61903921,5,0,0,0.009,0,0,0,0,1,0,1,0,0,1,0,0,0,0,1.6094379,0,12.333,0,0,0,0,0,0
-0.07798086,0.03715431,0,0,1,0,1,6.5792512,0.61903921,5,0,0,0.009,0,0,0,0,1,0,1,0,0,1,0,0,0,0,1.6094379,0,12.333,0,0,0,0,0,0
-0.05374476,0.03721394,0,0,1,0,1,6.5792512,0.61903921,5,0,0,0.009,0,0,0,0,1,0,1,0,0,1,0,0,0,0,1.6094379,0,12.333,0,0,0,0,0,0
-0.06170568,0.03143702,0,0,0,1,0,6.9157234,0,10,0,0,0,1,0,1,1,0,0,1,0,1,1,0,0,1,0,1.7917595,0,15,1,0,0,0,0,0
0.00232593,0.03149695,0,0,0,1,0,6.9157234,0,10,0,0,0,1,0,1,1,0,0,1,0,0,1,1,0,1,0,1.7917595,0,15,1,0,0,0,0,0
-0.31684758,0.0298742,0,0,0,1,0,6.9157234,0,10,0,0,0,1,0,1,1,0,0,1,0,0,1,1,0,1,0,1.7917595,0,15,1,0,0,0,0,0
-0.06101151,0.03143836,0,0,0,1,0,6.9157234,0,10,0,0,0,1,0,1,1,0,0,1,1,1,1,0,0,0,0,1.7917595,0,15,1,0,0,0,0,0
-0.11956592,0.03127109,0,0,0,1,0,6.9157234,0,10,0,0,0,1,0,1,1,0,0,1,1,0,1,1,0,0,0,1.7917595,0,15,1,0,0,0,0,0
-0.13267895,0.03121858,0,0,0,1,0,6.9157234,0,10,0,0,0,1,0,1,1,0,0,1,1,0,1,1,0,0,0,1.7917595,0,15,1,0,0,0,0,0
-0.11079655,0.03130312,0,0,0,1,0,6.9157234,0,10,0,0,0,1,0,1,1,0,0,1,0,1,1,0,0,0,0,1.7917595,0,15,1,0,0,1,0,0
-0.12360137,0.03125552,0,0,0,1,0,6.9157234,0,10,0,0,0,1,0,1,1,0,0,1,0,0,1,1,0,0,0,1.7917595,0,15,1,0,0,1,0,0
-0.05882789,0.03144249,0,0,0,1,0,6.9157234,0,10,0,0,0,1,0,1,1,0,0,1,0,0,1,1,0,0,0,1.7917595,0,15,1,0,0,1,0,0
0.0573632,0.02087619,0,0,0,1,0,7.7349962,3.2580965,5,0,0,0.184,0,1,1,0,0,0,1,0,0,0,1,0,1,0,2.4849066,0,6,0,0,0,0,0,0
0.0573632,0.02087619,0,0,0,1,0,7.7349962,3.2580965,5,0,0,0.184,0,1,1,0,0,0,1,0,0,0,1,0,1,0,2.4849066,0,6,0,0,0,0,0,0
0.06304589,0.02294429,0,0,0,1,0,7.5453897,3.2580965,5,0,0,0.184,0,1,1,0,0,0,1,0,0,1,1,0,1,0,2.4849066,0,6,0,0,0,0,0,0
0.08838325,0.03216531,0,0,0,1,0,6.8658911,3.2580965,5,0,0,0.184,0,1,1,0,0,0,1,0,0,0,1,0,1,0,2.4849066,0,6,0,0,0,0,0,0
0.08838325,0.03216531,0,0,0,1,0,6.8658911,3.2580965,5,0,0,0.184,0,1,1,0,0,0,1,0,0,0,1,0,1,0,2.4849066,0,6,0,0,0,0,0,0
0.09645494,0.03510284,0,0,0,1,0,6.6895993,3.2580965,5,0,0,0.184,0,1,1,0,0,0,1,0,0,1,1,0,1,0,2.4849066,0,6,0,0,0,0,0,0
0.04378111,0.02739413,0,0,0,1,0,7.1929342,3.2580965,5,0,0,0.184,0,1,1,0,0,0,1,0,0,0,1,0,1,0,2.4849066,0,6,0,0,0,0,0,0
0.04378111,0.02739413,0,0,0,1,0,7.1929342,3.2580965,5,0,0,0.184,0,1,1,0,0,0,1,0,0,0,1,0,1,0,2.4849066,0,6,0,0,0,0,0,0
0.01098331,0.0303012,0,0,0,1,0,6.9930151,3.2580965,5,0,0,0.184,0,1,1,0,0,0,1,0,0,1,1,0,1,0,2.4849066,0,6,0,0,0,0,0,0
0.03383336,0.02062979,0,0,0,1,0,7.7608932,3.2580965,5,0,0,0.184,0,0,1,0,0,0,1,0,0,0,1,0,1,0,2.4849066,0,6,0,0,0,0,0,0
0.03383336,0.02062979,0,0,0,1,0,7.7608932,3.2580965,5,0,0,0.184,0,0,1,0,0,0,1,0,0,0,1,0,1,0,2.4849066,0,6,0,0,0,0,0,0
0.02350896,0.02230992,0,0,0,1,0,7.6048945,3.2580965,5,0,0,0.184,0,0,1,0,0,0,1,0,0,1,1,0,1,0,2.4849066,0,6,0,0,0,0,0,0
0.04104384,0.03188439,0,0,0,1,0,6.8895913,3.2580965,5,0,0,0.184,0,0,1,0,0,0,1,0,0,0,1,0,1,0,2.4849066,0,6,0,0,0,0,0,0
0.04106472,0.03190061,0,0,0,1,0,6.8885725,3.2580965,5,0,0,0.184,0,0,1,0,0,0,1,0,0,0,1,0,1,0,2.4849066,0,6,0,0,0,0,0,0
0.07085188,0.0344988,0,0,0,1,0,6.7286286,3.2580965,5,0,0,0.184,0,0,1,0,0,0,1,0,0,1,1,0,1,0,2.4849066,0,6,0,0,0,0,0,0
0.03028252,0.02705418,0,0,0,1,0,7.2189097,3.2580965,5,0,0,0.184,0,0,1,0,0,0,1,0,0,0,1,0,1,0,2.4849066,0,6,0,0,0,0,0,0
0.03028252,0.02705418,0,0,0,1,0,7.2189097,3.2580965,5,0,0,0.184,0,0,1,0,0,0,1,0,0,0,1,0,1,0,2.4849066,0,6,0,0,0,0,0,0
0.00076922,0.02922277,0,0,0,1,0,7.0656134,3.2580965,5,0,0,0.184,0,0,1,0,0,0,1,0,0,1,1,0,1,0,2.4849066,0,6,0,0,0,0,0,0
0.02875767,0.00721916,0,0,1,0,0,9.8612062,2.2284771,5,0,1,0.574,0,0,0,0,0,0,1,0,0,0,0,0,1,0,2.3978953,0,7.5,0,0,0,0,1,0
0.06534718,0.00710839,0,0,1,0,0,9.8886784,2.2284771,5,0,1,0.574,0,0,0,0,0,0,1,0,0,0,0,0,1,0,2.3978953,0,7.5,0,0,0,0,1,0
0.04580792,0.00848153,0,0,1,0,0,9.5376277,2.2284771,5,0,1,0.574,0,0,0,0,0,0,1,0,0,1,0,0,1,0,2.3978953,0,7.5,0,0,0,0,1,0
-0.00487502,0.00448213,0,0,1,0,0,10.815288,2.2284771,5,0,1,0.574,0,0,0,0,0,0,1,0,0,0,0,0,1,0,2.3978953,0,7.5,0,0,0,0,1,0
0.05903241,0.00446291,0,0,1,0,0,10.820418,2.2284771,5,0,1,0.574,0,0,0,0,0,0,1,0,0,0,0,0,1,0,2.3978953,0,7.5,0,0,0,0,1,0
0.0052067,0.00448213,0,0,1,0,0,10.815288,2.2284771,5,0,1,0.574,0,0,0,0,0,0,1,0,0,1,0,0,1,0,2.3978953,0,7.5,0,0,0,0,1,0
-0.01377649,0.02213827,0,0,1,0,0,7.6207051,2.2284771,5,0,1,0.574,0,0,0,0,0,0,1,0,0,1,0,0,1,0,2.3978953,0,7.5,0,0,0,0,1,0
0.04337936,0.01650942,0,0,1,0,0,8.2057647,2.2284771,5,0,1,0.574,0,0,0,0,0,0,1,0,0,1,0,0,1,0,2.3978953,0,7.5,0,0,0,0,1,0
0.08064493,0.01102737,0,0,1,0,0,9.0082242,2.2284771,5,0,1,0.574,0,0,0,0,0,0,1,0,0,1,0,0,1,0,2.3978953,0,7.5,0,0,0,0,1,0
0.04663489,0.00848427,0,0,1,0,0,9.5369066,2.2284771,5,0,1,0.574,0,0,0,0,0,0,1,0,0,1,0,0,1,0,2.3978953,0,7.5,0,0,0,0,1,0
0.06555284,0.01245561,0,0,1,0,0,8.7668618,2.2284771,5,0,1,0.574,0,0,0,0,0,0,1,0,0,1,0,0,1,0,2.3978953,0,7.5,0,0,0,0,1,0
0.04141902,0.00848316,0,0,1,0,0,9.5376277,2.2284771,5,0,1,0.574,0,0,0,0,0,0,1,0,0,1,0,0,1,0,2.3978953,0,7.5,0,0,0,0,1,0
0.0075709,0.00472806,0,0,1,0,0,10.708422,2.2284771,5,0,1,0.574,0,0,0,0,0,0,1,0,0,1,0,0,1,0,2.3978953,0,7.5,0,0,0,0,1,0
0.00690219,0.01409536,0,0,1,0,0,8.5237715,2.2284771,5,0,1,0.574,0,0,0,0,0,0,1,0,0,1,0,0,1,0,2.3978953,0,7.5,0,0,0,0,1,0
0.02254238,0.01982515,0,0,1,0,0,7.8410998,2.2284771,5,0,1,0.574,0,0,0,0,0,0,1,0,0,1,0,0,1,0,2.3978953,0,7.5,0,0,0,0,1,0
0.00540484,0.00448212,0,0,1,0,0,10.815288,2.2284771,5,0,1,0.574,0,0,0,0,0,0,1,0,0,1,0,0,1,0,2.3978953,0,7.5,0,0,0,0,1,0
0.01965854,0.00998609,0,0,0,1,0,9.2127375,2.8183983,4,0,0,0.297,0,0,0,0,0,1,1,0,0,1,1,0,1,0,2.4849066,0,6,0,0,0,0,0,0
0.01965854,0.00998609,0,0,0,1,0,9.2127375,2.8183983,4,0,0,0.297,0,0,0,1,0,1,1,0,0,1,1,0,1,0,2.4849066,0,6,0,0,0,0,0,0
0.01950451,0.00990785,0,0,0,1,0,9.2284749,2.8183983,4,0,0,0.297,0,0,0,0,0,1,1,0,0,1,1,0,1,0,2.4849066,0,6,0,0,0,0,0,0
0.02708448,0.0137583,0,0,0,1,0,8.571492,2.8183983,4,0,0,0.297,0,0,0,0,0,1,1,1,0,1,1,0,0,0,2.4849066,0,6,0,0,0,0,0,0
0.02708448,0.0137583,0,0,0,1,0,8.571492,2.8183983,4,0,0,0.297,0,0,0,0,0,1,1,1,0,1,1,0,0,0,2.4849066,0,6,0,0,0,0,0,0
0.01795733,0.00912192,0,0,0,1,0,9.3938279,2.8183983,4,0,0,0.297,0,0,0,0,0,1,1,0,0,1,1,0,1,0,2.4849066,0,6,0,0,0,0,0,0
0.01795733,0.00912192,0,0,0,1,0,9.3938279,2.8183983,4,0,0,0.297,0,0,0,0,0,1,1,0,0,1,1,0,1,0,2.4849066,0,6,0,0,0,0,0,0
0.00649345,0.00962721,0,0,0,1,0,9.2862824,2.8183983,4,0,0,0.297,0,0,0,0,0,1,1,0,0,1,1,0,0,0,2.4849066,0,6,0,0,0,1,0,0
0.00649345,0.00962721,0,0,0,1,0,9.2862824,2.8183983,4,0,0,0.297,0,0,0,1,0,1,1,0,0,1,1,0,0,0,2.4849066,0,6,0,0,0,1,0,0
-0.00644054,0.00954876,0,0,0,1,0,9.302646,2.8183983,4,0,0,0.297,0,0,0,0,0,1,1,0,0,1,1,0,0,0,2.4849066,0,6,0,0,0,1,0,0
0.01913792,0.00972163,0,0,0,1,0,9.2664371,2.8183983,4,0,0,0.297,0,0,0,0,0,1,1,0,0,1,1,0,0,0,2.4849066,0,6,0,0,0,0,0,1
0.01913792,0.00972163,0,0,0,1,0,9.2664371,2.8183983,4,0,0,0.297,0,0,0,1,0,1,1,0,0,1,1,0,0,0,2.4849066,0,6,0,0,0,0,0,1
0.01898601,0.00964446,0,0,0,1,0,9.2823819,2.8183983,4,0,0,0.297,0,0,0,0,0,1,1,0,0,1,1,0,0,0,2.4849066,0,6,0,0,0,0,0,1
0.01895694,0.0096297,0,0,0,1,0,9.2854478,2.8183983,4,0,0,0.297,0,0,0,0,0,1,1,0,0,1,1,0,0,0,2.4849066,0,6,0,0,1,0,0,0
0.01895694,0.0096297,0,0,0,1,0,9.2854478,2.8183983,4,0,0,0.297,0,0,0,1,0,1,1,0,0,1,1,0,0,0,2.4849066,0,6,0,0,1,0,0,0
0.00644319,0.00955268,0,0,0,1,0,9.3018251,2.8183983,4,0,0,0.297,0,0,0,0,0,1,1,0,0,1,1,0,0,0,2.4849066,0,6,0,0,1,0,0,0
-0.01872568,0.00951222,0,0,0,1,0,9.3100047,2.8183983,4,0,0,0.297,0,0,0,0,0,1,1,0,0,1,1,0,0,0,2.4849066,0,6,0,0,0,0,0,0
-0.01872568,0.00951222,0,0,0,1,0,9.3100047,2.8183983,4,0,0,0.297,0,0,0,1,0,1,1,0,0,1,1,0,0,0,2.4849066,0,6,0,0,0,0,0,0
-0.01872568,0.00951222,0,0,0,1,0,9.3100047,2.8183983,4,0,0,0.297,0,0,0,0,0,1,1,0,0,1,1,0,0,0,2.4849066,0,6,0,0,0,0,0,0
0.01860072,0.00944874,0,0,0,1,0,9.3234012,2.8183983,4,0,0,0.297,0,0,0,0,0,1,1,0,0,1,1,0,0,0,2.4849066,0,6,0,0,0,0,0,0
0.01860072,0.00944874,0,0,0,1,0,9.3234012,2.8183983,4,0,0,0.297,0,0,0,1,0,1,1,0,0,1,1,0,0,0,2.4849066,0,6,0,0,0,0,0,0
0.01558859,0.00944923,0,0,0,1,0,9.3234012,2.8183983,4,0,0,0.297,0,0,0,0,0,1,1,0,0,1,1,0,0,0,2.4849066,0,6,0,0,0,0,0,0
-0.01251098,0.10910041,0,0,1,0,0,4.4308168,0,9,1,0,0,0,0,0,1,0,0,1,0,1,0,0,0,1,0,2.0794415,0,12,1,0,0,0,0,0
-0.02134209,0.10908409,0,0,1,0,0,4.4308168,0,9,1,0,0,0,0,0,1,0,0,1,0,1,0,0,0,1,0,2.0794415,0,12,1,0,0,0,0,0
0.00696492,0.1091063,0,0,1,0,0,4.4308168,0,9,1,0,0,0,0,0,1,0,0,1,1,1,0,0,0,0,0,2.0794415,0,12,1,0,0,0,0,0
-0.00941812,0.10910411,0,0,1,0,0,4.4308168,0,9,1,0,0,0,0,0,1,0,0,1,1,1,0,0,0,0,0,2.0794415,0,12,1,0,0,0,0,0
-0.06946977,0.0274576,0,0,0,0,0,7.185387,1.0986123,11,0,0,0.239,0,0,1,0,0,0,1,0,1,1,0,0,0,0,2.0794415,1,14,1,0,0,0,0,0
-0.05524115,0.02748207,0,0,0,0,0,7.185387,1.0986123,11,0,0,0.239,1,0,1,0,0,0,1,0,1,1,0,0,0,0,2.0794415,1,14,1,0,0,0,0,0
-0.07726132,0.02744182,0,0,0,0,0,7.185387,1.0986123,11,0,0,0.239,1,0,1,0,0,0,1,0,1,1,0,0,0,0,2.0794415,1,14,1,0,0,0,0,0
-0.07752072,0.02744127,0,0,0,0,0,7.185387,1.0986123,11,0,0,0.239,1,0,1,0,0,0,1,0,1,1,0,0,0,0,2.0794415,1,14,1,0,0,0,0,0
-0.05115177,0.01738761,0,0,0,0,0,8.1013747,1.0986123,11,0,0,0.239,0,0,1,0,0,0,1,0,1,1,0,0,1,0,2.0794415,0,14,1,0,0,0,0,0
-0.0471762,0.01739102,0,0,0,0,0,8.1013747,1.0986123,11,0,0,0.239,1,0,1,0,0,0,1,0,1,1,0,0,1,0,2.0794415,0,14,1,0,0,0,0,0
-0.05154405,0.01738726,0,0,0,0,0,8.1013747,1.0986123,11,0,0,0.239,1,0,1,0,0,0,1,0,1,1,0,0,1,0,2.0794415,0,14,1,0,0,0,0,0
-0.04842557,0.01738998,0,0,0,0,0,8.1013747,1.0986123,11,0,0,0.239,1,0,1,0,0,0,1,0,1,1,0,0,1,0,2.0794415,0,14,1,0,0,0,0,0
-0.06975529,0.02745705,0,0,0,0,0,7.185387,1.0986123,11,0,0,0.239,0,0,1,0,0,0,1,0,1,1,0,0,0,0,2.0794415,1,14,1,0,0,0,0,0
-0.05558015,0.02748155,0,0,0,0,0,7.185387,1.0986123,11,0,0,0.239,1,0,1,0,0,0,1,0,1,1,0,0,0,0,2.0794415,1,14,1,0,0,0,0,0
-0.07754532,0.02744121,0,0,0,0,0,7.185387,1.0986123,11,0,0,0.239,1,0,1,0,0,0,1,0,1,1,0,0,0,0,2.0794415,1,14,1,0,0,0,0,0
-0.07776378,0.02744075,0,0,0,0,0,7.185387,1.0986123,11,0,0,0.239,1,0,1,0,0,0,1,0,1,1,0,0,0,0,2.0794415,1,14,1,0,0,0,0,0
-0.05134315,0.01738744,0,0,0,0,0,8.1013747,1.0986123,11,0,0,0.239,0,0,1,0,0,0,1,0,1,1,0,0,1,0,2.0794415,0,14,1,0,0,0,0,0
-0.04745065,0.01739079,0,0,0,0,0,8.1013747,1.0986123,11,0,0,0.239,1,0,1,0,0,0,1,0,1,1,0,0,1,0,2.0794415,0,14,1,0,0,0,0,0
-0.05169833,0.01738712,0,0,0,0,0,8.1013747,1.0986123,11,0,0,0.239,1,0,1,0,0,0,1,0,1,1,0,0,1,0,2.0794415,0,14,1,0,0,0,0,0
-0.04854306,0.01738988,0,0,0,0,0,8.1013747,1.0986123,11,0,0,0.239,1,0,1,0,0,0,1,0,1,1,0,0,1,0,2.0794415,0,14,1,0,0,0,0,0
-0.07203968,0.02745258,0,0,0,0,0,7.185387,1.0986123,11,1,0,0.239,0,0,1,0,0,0,1,0,1,1,0,0,0,0,2.0794415,1,14,1,0,0,0,0,0
-0.0843455,0.02742601,0,0,0,0,0,7.185387,1.0986123,11,1,0,0.239,0,0,1,0,0,0,1,0,1,1,0,0,0,0,2.0794415,1,14,1,0,0,0,0,0
0.01479954,0.0174085,0,0,0,0,0,8.1013747,1.0986123,11,1,0,0.239,0,0,1,0,0,0,1,0,1,1,0,0,1,0,2.0794415,0,14,1,0,0,0,0,0
0.00557154,0.01741013,0,0,0,0,0,8.1013747,1.0986123,11,1,0,0.239,0,0,1,0,0,0,1,0,1,1,0,0,1,0,2.0794415,0,14,1,0,0,0,0,0
-0.14509875,0.02554664,0,0,0,0,0,7.3132204,1.0986123,11,0,0,0.239,0,0,1,0,0,0,1,0,1,1,0,0,0,0,2.0794415,1,14,0,0,0,0,0,0
-0.14818439,0.02553483,0,0,0,0,0,7.3132204,1.0986123,11,0,0,0.239,0,0,1,0,0,0,1,0,1,1,0,0,0,0,2.0794415,1,14,0,0,0,0,0,0
-0.08140481,0.03555044,0,0,0,0,0,6.6669568,1.0986123,11,0,0,0.239,0,0,1,0,0,0,1,0,1,0,0,0,0,0,2.0794415,1,14,1,0,0,0,0,0
-0.07816072,0.0355597,0,0,0,0,0,6.6669568,1.0986123,11,0,0,0.239,0,0,1,0,0,0,1,0,1,0,0,0,0,0,2.0794415,1,14,1,0,0,0,0,0
-0.03768275,0.02170319,0,0,0,0,0,7.6591714,1.0986123,11,0,0,0.239,0,0,1,0,0,0,1,0,1,0,0,0,1,0,2.0794415,0,14,1,0,0,0,0,0
-0.03577493,0.02170471,0,0,0,0,0,7.6591714,1.0986123,11,0,0,0.239,0,0,1,0,0,0,1,0,1,0,0,0,1,0,2.0794415,0,14,1,0,0,0,0,0
0.18864372,0.02124366,0,0,1,0,0,7.6671583,0,10,0,0,0.082,0,1,1,0,0,0,0,0,0,0,0,0,1,0,3.4657359,0,15,0,0,0,0,0,0
0.16886547,0.0213214,0,0,1,0,0,7.6671583,0,10,0,1,0.082,0,1,1,0,0,0,0,0,0,0,0,0,1,0,3.4657359,0,15,0,0,0,0,0,0
0.1469978,0.02139706,0,0,1,0,0,7.6671583,0,10,0,0,0.082,0,0,1,0,0,1,0,0,0,0,0,0,1,0,3.4657359,0,15,0,0,0,0,0,0
0.13250725,0.0214413,0,0,1,0,0,7.6671583,0,10,0,1,0.082,0,0,1,0,0,1,0,0,0,0,0,0,1,0,3.4657359,0,15,0,0,0,0,0,0
0.2256895,0.02319522,0,0,1,0,0,7.4753392,0,10,0,0,0.082,0,1,1,0,0,0,0,0,0,0,0,0,1,0,3.4657359,0,15,0,0,0,0,0,0
0.17919463,0.02342413,0,0,1,0,0,7.4753392,0,10,0,1,0.082,0,1,1,0,0,0,0,0,0,0,0,0,1,0,3.4657359,0,15,0,0,0,0,0,0
0.18146039,0.02341424,0,0,1,0,0,7.4753392,0,10,0,0,0.082,0,0,1,0,0,1,0,0,0,0,0,0,1,0,3.4657359,0,15,0,0,0,0,0,0
0.15776125,0.02351136,0,0,1,0,0,7.4753392,0,10,0,1,0.082,0,0,1,0,0,1,0,0,0,0,0,0,1,0,3.4657359,0,15,0,0,0,0,0,0
0.15764825,0.02136155,0,0,1,0,0,7.6671583,0,10,0,0,0.082,0,1,1,0,1,0,0,0,0,0,0,0,1,0,3.4657359,0,15,0,0,0,0,0,0
0.1333497,0.02143886,0,0,1,0,0,7.6671583,0,10,0,0,0.082,0,1,1,0,0,0,0,0,0,0,1,0,1,0,3.4657359,0,15,0,0,0,0,0,0
0.0951796,0.02153385,0,0,1,0,0,7.6671583,0,10,0,0,0.082,0,0,1,0,1,1,0,0,0,0,0,0,1,0,3.4657359,0,15,0,0,0,0,0,0
0.07313627,0.02157412,0,0,1,0,0,7.6671583,0,10,0,0,0.082,0,0,1,0,0,1,0,0,0,0,1,0,1,0,3.4657359,0,15,0,0,0,0,0,0
0.16668274,0.02347644,0,0,1,0,0,7.4753392,0,10,0,0,0.082,0,1,1,0,1,0,0,0,0,0,0,0,1,0,3.4657359,0,15,0,0,0,0,0,0
0.12194031,0.02363184,0,0,1,0,0,7.4753392,0,10,0,0,0.082,0,1,1,0,0,0,0,0,0,0,1,0,1,0,3.4657359,0,15,0,0,0,0,0,0
0.10419171,0.02367993,0,0,1,0,0,7.4753392,0,10,0,0,0.082,0,0,1,0,1,1,0,0,0,0,0,0,1,0,3.4657359,0,15,0,0,0,0,0,0
0.06651901,0.02375679,0,0,1,0,0,7.4753392,0,10,0,0,0.082,0,0,1,0,0,1,0,0,0,0,1,0,1,0,3.4657359,0,15,0,0,0,0,0,0
-0.20776201,0.03600728,0,0,1,0,0,6.6039438,0,10,0,0,0.082,0,1,1,1,0,0,0,0,0,0,0,0,1,0,3.9512437,0,12.5,0,0,0,0,0,0
-0.02847485,0.03679558,0,0,1,0,0,6.6039438,0,10,1,1,0.082,0,1,1,1,0,0,0,0,0,0,0,0,1,0,3.9512437,0,12.5,0,0,0,0,0,0
-0.18695487,0.03616148,0,0,1,0,0,6.6039438,0,10,0,0,0.082,0,0,1,1,0,0,0,0,0,0,0,0,1,1,3.9512437,0,12.5,0,0,0,0,0,0
-0.08982121,0.03666172,0,0,1,0,0,6.6039438,0,10,0,1,0.082,0,0,1,1,0,0,0,0,0,0,0,0,1,1,3.9512437,0,12.5,0,0,0,0,0,0
-0.25163615,0.03705982,0,0,1,0,0,6.5250297,0,10,0,0,0.082,0,1,1,1,0,0,0,0,0,0,0,0,1,0,3.9512437,0,12.5,0,0,0,0,0,0
-0.02908878,0.03827578,0,0,1,0,0,6.5250297,0,10,1,1,0.082,0,1,1,1,0,0,0,0,0,0,0,0,1,0,3.9512437,0,12.5,0,0,0,0,0,0
-0.19311581,0.03757117,0,0,1,0,0,6.5250297,0,10,0,0,0.082,0,0,1,1,0,0,0,0,0,0,0,0,1,1,3.9512437,0,12.5,0,0,0,0,0,0
-0.03384745,0.03827004,0,0,1,0,0,6.5250297,0,10,1,1,0.082,0,0,1,1,0,0,0,0,0,0,0,0,1,1,3.9512437,0,12.5,0,0,0,0,0,0
0.06093711,0.02145673,0,0,1,0,0,7.6797136,0,10,0,0,0.082,0,1,1,0,0,0,0,0,0,0,0,0,1,0,3.4657359,0,12.5,0,0,0,0,0,0
0.07694429,0.02143295,0,0,1,0,0,7.6797136,0,10,0,1,0.082,0,1,1,0,0,0,0,0,0,0,0,0,1,0,3.4657359,0,12.5,0,0,0,0,0,0
0.05345022,0.02146595,0,0,1,0,0,7.6797136,0,10,0,0,0.082,0,0,1,0,0,1,0,0,0,0,0,0,1,0,3.4657359,0,12.5,0,0,0,0,0,0
0.07822246,0.02143081,0,0,1,0,0,7.6797136,0,10,0,1,0.082,0,0,1,0,0,1,0,0,0,0,0,0,1,0,3.4657359,0,12.5,0,0,0,0,0,0
-0.19496237,0.03610414,0,0,1,0,0,6.6039438,0,10,0,0,0.082,0,1,1,1,0,0,0,0,0,0,0,0,1,0,3.9512437,0,12.5,0,0,0,0,0,0
-0.00280108,0.03681036,0,0,1,0,0,6.6039438,0,10,1,1,0.082,0,1,1,1,0,0,0,0,0,0,0,0,1,0,3.9512437,0,12.5,0,0,0,0,0,0
-0.10976426,0.03658809,0,0,1,0,0,6.6039438,0,10,0,0,0.082,0,0,1,1,0,0,0,0,0,0,0,0,1,1,3.9512437,0,12.5,0,0,0,0,0,0
0.00673693,0.03680967,0,0,1,0,0,6.6039438,0,10,1,1,0.082,0,0,1,1,0,0,0,0,0,0,0,0,1,1,3.9512437,0,12.5,0,0,0,0,0,0
0.09904028,0.02139099,0,0,1,0,0,7.6797136,0,10,0,0,0.082,0,1,1,0,0,0,0,0,0,0,0,0,1,0,3.4657359,0,12.5,0,0,0,0,0,0
0.08035189,0.02142717,0,0,1,0,0,7.6797136,0,10,0,0,0.082,0,0,1,0,0,1,0,0,0,0,0,0,1,0,3.4657359,0,12.5,0,0,0,0,0,0
-0.1725887,0.03625813,0,0,1,0,0,6.6039438,0,10,0,0,0.082,0,1,1,1,0,0,0,0,0,0,0,0,1,0,3.9512437,0,12.5,0,0,0,0,0,0
-0.06830763,0.03672453,0,0,1,0,0,6.6039438,0,10,0,0,0.082,0,0,1,1,0,0,0,0,0,1,0,0,1,1,3.9512437,0,12.5,0,0,0,0,0,0
1.50E-05,0.00811214,0,0,1,0,0,9.6287875,1.6486586,7,1,0,0.014,0,0,0,0,0,0,1,0,1,1,0,0,1,0,2.1972246,0,11.5,1,0,0,0,0,0
1.17E-05,0.00884817,0,0,1,0,0,9.4550888,1.6486586,7,1,0,0.014,0,0,0,0,0,0,1,0,1,1,0,0,1,0,2.1972246,0,11.5,1,0,0,0,0,0
-0.02364011,0.0085028,0,0,1,0,0,9.5341615,1.6486586,7,1,0,0.014,0,0,0,0,0,0,1,0,1,1,0,0,0,0,2.1972246,0,11.5,1,0,0,1,0,0
0.00287329,0.00850514,0,0,1,0,0,9.5341615,1.6486586,7,1,0,0.014,0,0,0,0,0,0,1,0,1,1,0,0,0,0,2.1972246,0,11.5,1,0,0,0,0,1
0.0129332,0.00850446,0,0,1,0,0,9.5341615,1.6486586,7,1,0,0.014,0,0,0,0,0,0,1,0,1,1,0,0,0,0,2.1972246,0,11.5,1,0,1,0,0,0
-0.00374987,0.00897225,0,0,1,0,0,9.4272244,1.6486586,7,1,0,0.014,0,0,0,0,0,0,1,0,1,1,0,0,1,0,2.1972246,0,11.5,1,0,0,0,0,0
-0.00215968,0.00978557,0,0,1,0,0,9.2536872,1.6486586,7,1,0,0.014,0,0,0,0,0,0,1,0,1,1,0,0,1,0,2.1972246,0,11.5,1,0,0,0,0,0
0.00212972,0.00936419,0,0,1,0,0,9.3417195,1.6486586,7,1,0,0.014,0,0,0,0,0,0,1,0,1,1,0,0,1,0,2.1972246,0,11.5,1,0,0,0,0,0
-0.00203519,0.010013,0,0,1,0,0,9.207737,1.6486586,7,1,0,0.014,0,0,0,0,0,0,1,0,1,1,0,0,1,0,2.1972246,0,11.5,1,0,0,0,0,0
1.57E-05,0.00969595,0,0,1,0,0,9.2720938,1.6486586,7,1,0,0.014,0,0,0,0,0,0,1,0,1,1,0,0,1,0,2.1972246,0,11.5,1,0,0,0,0,0
0.0019897,0.00884815,0,0,1,0,0,9.4550888,1.6486586,7,1,0,0.014,0,0,0,0,0,0,1,0,1,1,0,0,1,0,2.1972246,0,11.5,1,0,0,0,0,0
0.00162526,0.0087297,0,0,1,0,0,9.4820455,1.6486586,7,1,0,0.014,0,0,0,0,0,0,1,0,1,1,0,0,1,0,2.1972246,0,11.5,1,0,0,0,0,0
-0.02653049,0.01594191,0,0,1,0,0,8.2769035,0.55961579,8,1,0,0.03,0,0,1,0,0,0,1,0,1,1,0,0,1,0,2.3025851,0,12,1,0,0,0,0,0
-0.01771953,0.01594502,0,0,1,0,0,8.2769035,0.55961579,8,1,0,0.03,0,0,1,0,0,0,1,0,1,1,0,0,1,0,2.3025851,0,12,1,0,0,0,0,0
-0.01969703,0.01597289,0,0,1,0,0,8.2733366,0.55961579,8,1,0,0.03,0,0,1,0,0,0,1,0,1,1,0,0,1,0,2.3025851,0,12,1,0,0,0,0,0
-0.02322516,0.01606835,0,0,1,0,0,8.2612682,0.55961579,8,1,0,0.03,0,0,1,0,0,0,1,0,1,1,0,0,1,0,2.3025851,0,12,1,0,0,0,0,0
-0.02179795,0.01718373,0,0,1,0,0,8.1271092,0.55961579,8,1,0,0.03,0,0,1,0,0,0,1,0,1,1,0,0,1,0,2.3025851,0,12,1,0,0,0,0,0
-0.05388049,0.01815541,0,0,1,0,0,8.0146664,0.55961579,8,1,0,0.03,0,0,1,0,0,0,1,0,1,1,0,0,1,0,2.3025851,0,12,1,0,0,0,0,0
0.04727515,0.01592969,0,0,1,0,0,8.2769035,0.55961579,8,0,0,0.03,0,0,1,0,0,0,1,0,1,1,0,0,1,0,2.3025851,0,12,1,0,0,0,0,0
0.07540764,0.0321495,0,1,0,1,0,6.8690145,1.178655,8,0,0,0.041,1,1,1,1,0,0,0,0,0,1,0,0,0,0,2.3978953,0,10.5,0,0,0,0,0,0
0.07540764,0.0321495,0,1,0,1,0,6.8690145,1.178655,8,0,0,0.041,1,1,1,1,0,0,0,0,0,1,0,0,0,0,2.3978953,0,10.5,0,0,0,0,0,0
0.07591942,0.03236769,0,1,0,1,0,6.8554088,1.178655,8,0,0,0.041,1,1,1,1,0,0,0,0,0,1,0,0,0,0,2.3978953,0,10.5,0,0,0,0,0,0
0.07591942,0.03236769,0,1,0,1,0,6.8554088,1.178655,8,0,0,0.041,1,1,1,1,0,0,0,0,0,1,0,0,0,0,2.3978953,0,10.5,0,0,0,0,0,0
0.0741907,0.03163066,0,1,0,1,0,6.9017372,1.178655,8,0,0,0.041,1,1,1,1,0,0,0,0,0,1,0,0,0,0,2.3978953,0,10.5,0,0,1,0,0,0
0.0741907,0.03163066,0,1,0,1,0,6.9017372,1.178655,8,0,0,0.041,1,1,1,1,0,0,0,0,0,1,0,0,0,0,2.3978953,0,10.5,0,0,1,0,0,0
0.03739303,0.03182422,0,1,0,1,0,6.8936564,1.178655,8,0,0,0.041,1,1,1,1,0,0,0,0,0,1,0,0,1,0,2.3978953,0,10.5,0,0,0,0,0,0
0.03346983,0.03182865,0,1,0,1,0,6.8936564,1.178655,8,0,0,0.041,1,1,1,1,0,0,0,0,0,1,0,0,1,0,2.3978953,0,10.5,0,0,0,0,0,0
0.07540764,0.0321495,0,1,0,1,0,6.8690145,1.178655,8,0,0,0.041,1,0,1,1,0,0,0,0,0,1,0,0,0,0,2.3978953,0,10.5,0,0,0,0,0,0
0.07540764,0.0321495,0,1,0,1,0,6.8690145,1.178655,8,0,0,0.041,1,0,1,1,0,0,0,0,0,1,0,0,0,0,2.3978953,0,10.5,0,0,0,0,0,0
0.07591942,0.03236769,0,1,0,1,0,6.8554088,1.178655,8,0,0,0.041,1,0,1,1,0,0,0,0,0,1,0,0,0,0,2.3978953,0,10.5,0,0,0,0,0,0
0.07591942,0.03236769,0,1,0,1,0,6.8554088,1.178655,8,0,0,0.041,1,0,1,1,0,0,0,0,0,1,0,0,0,0,2.3978953,0,10.5,0,0,0,0,0,0
0.0741907,0.03163066,0,1,0,1,0,6.9017372,1.178655,8,0,0,0.041,1,0,1,1,0,0,0,0,0,1,0,0,0,0,2.3978953,0,10.5,0,0,1,0,0,0
0.0741907,0.03163066,0,1,0,1,0,6.9017372,1.178655,8,0,0,0.041,1,0,1,1,0,0,0,0,0,1,0,0,0,0,2.3978953,0,10.5,0,0,1,0,0,0
0.04671182,0.03181172,0,1,0,1,0,6.8936564,1.178655,8,0,0,0.041,1,0,1,1,0,0,0,0,0,1,0,0,1,0,2.3978953,0,10.5,0,0,0,0,0,0
0.04295466,0.03181709,0,1,0,1,0,6.8936564,1.178655,8,0,0,0.041,1,0,1,1,0,0,0,0,0,1,0,0,1,0,2.3978953,0,10.5,0,0,0,0,0,0
0.07540764,0.0321495,0,1,0,1,0,6.8690145,1.178655,8,0,0,0.041,1,0,1,1,0,0,1,0,0,1,0,0,0,0,2.3978953,0,10.5,1,0,0,0,0,0
0.07540764,0.0321495,0,1,0,1,0,6.8690145,1.178655,8,0,0,0.041,1,0,1,1,0,0,1,0,0,1,0,0,0,0,2.3978953,0,10.5,1,0,0,0,0,0
0.07591942,0.03236769,0,1,0,1,0,6.8554088,1.178655,8,0,0,0.041,1,0,1,1,0,0,1,0,0,1,0,0,0,0,2.3978953,0,10.5,1,0,0,0,0,0
0.07591942,0.03236769,0,1,0,1,0,6.8554088,1.178655,8,0,0,0.041,1,0,1,1,0,0,1,0,0,1,0,0,0,0,2.3978953,0,10.5,1,0,0,0,0,0
0.0741907,0.03163066,0,1,0,1,0,6.9017372,1.178655,8,0,0,0.041,1,0,1,1,0,0,1,0,0,1,0,0,0,0,2.3978953,0,10.5,1,0,1,0,0,0
0.0741907,0.03163066,0,1,0,1,0,6.9017372,1.178655,8,0,0,0.041,1,0,1,1,0,0,1,0,0,1,0,0,0,0,2.3978953,0,10.5,1,0,1,0,0,0
0.03645606,0.03182532,0,1,0,1,0,6.8936564,1.178655,8,0,0,0.041,1,0,1,1,0,0,1,0,0,1,0,0,1,0,2.3978953,0,10.5,1,0,0,0,0,0
0.03319403,0.03182894,0,1,0,1,0,6.8936564,1.178655,8,0,0,0.041,1,0,1,1,0,0,1,0,0,1,0,0,1,0,2.3978953,0,10.5,1,0,0,0,0,0
-0.06457048,0.01877183,0,0,0,0,0,7.9466176,1.6094379,9,1,0,0.095,0,0,1,0,0,0,1,0,1,1,0,0,0,0,2.7725887,0,9,0,0,0,0,1,1
-0.04032448,0.01879579,0,0,0,0,0,7.9466176,1.6094379,9,0,0,0.095,0,0,1,0,0,0,1,0,1,1,0,0,0,0,2.7725887,0,9,0,0,0,0,1,1
-0.01296672,0.01539243,0,0,0,0,0,8.3475904,1.6094379,9,1,0,0.095,0,0,1,0,0,0,1,0,1,1,0,0,0,0,2.7725887,0,9,0,0,0,0,1,1
-0.06215185,0.01536397,0,0,0,0,0,8.3475904,1.6094379,9,0,0,0.095,0,0,1,0,0,0,1,0,1,1,0,0,0,0,2.7725887,0,9,0,0,0,0,1,1
0.00400677,0.01592312,0,0,0,0,0,8.2799507,1.6094379,9,1,0,0.095,0,0,1,0,0,0,1,0,1,1,0,0,0,0,2.7725887,0,9,0,0,1,0,1,0
0.05287215,0.01580113,0,0,0,0,0,8.2925485,1.6094379,9,0,0,0.095,0,0,1,0,0,0,1,0,1,1,0,0,0,0,2.7725887,0,9,0,0,1,0,1,0
0.01160731,0.01611119,0,0,0,0,0,8.2563478,1.6094379,9,1,0,0.095,0,0,1,0,0,0,1,0,1,1,0,0,0,0,2.7725887,0,9,0,0,1,0,1,0
0.03461902,0.01610262,0,0,0,0,0,8.2563478,1.6094379,9,0,0,0.095,0,0,1,0,0,0,1,0,1,1,0,0,0,0,2.7725887,0,9,0,0,1,0,1,0
0.03297542,0.01600206,0,0,0,0,0,8.2689882,1.6094379,9,1,0,0.095,0,0,1,0,0,0,1,0,1,1,0,0,1,0,2.7725887,0,9,0,0,0,0,1,0
0.0467467,0.01599326,0,0,0,0,0,8.2689882,1.6094379,9,0,0,0.095,0,0,1,0,0,0,1,0,1,1,0,0,1,0,2.7725887,0,9,0,0,0,0,1,0
0.03158065,0.01626981,0,0,0,0,0,8.2358907,1.6094379,9,1,0,0.095,0,0,1,0,0,0,1,0,1,1,0,0,1,0,2.7725887,0,9,0,0,0,0,1,0
0.02317191,0.01627355,0,0,0,0,0,8.2358907,1.6094379,9,0,0,0.095,0,0,1,0,0,0,1,0,1,1,0,0,1,0,2.7725887,0,9,0,0,0,0,1,0
0.02532698,0.04506902,0,0,0,0,0,6.1984787,1.6094379,9,1,0,0.095,0,0,1,0,0,0,1,0,1,1,0,0,0,0,1.0986123,0,5.5,0,0,0,0,1,1
0.17500744,0.04438771,0,0,0,0,0,6.1984787,1.6094379,9,0,0,0.095,0,0,1,0,0,0,1,0,1,1,0,0,0,0,1.0986123,0,5.5,0,0,0,0,1,1
0.09767879,0.03490382,0,0,0,0,0,6.7007311,1.6094379,9,1,0,0.095,0,0,1,0,0,0,1,0,1,1,0,0,0,0,1.0986123,0,5.5,0,0,0,0,1,1
0.16774213,0.0345746,0,0,0,0,0,6.7007311,1.6094379,9,0,0,0.095,0,0,1,0,0,0,1,0,1,1,0,0,0,0,1.0986123,0,5.5,0,0,0,0,1,1
0.08845425,0.03506369,0,0,0,0,0,6.6933237,1.6094379,9,1,0,0.095,0,0,1,0,0,0,1,0,1,1,0,0,0,0,1.0986123,0,5.5,0,0,1,0,1,0
0.06113283,0.03513583,0,0,0,0,0,6.6933237,1.6094379,9,0,0,0.095,0,0,1,0,0,0,1,0,1,1,0,0,0,0,1.0986123,0,5.5,0,0,1,0,1,0
-0.0108579,0.03624783,0,0,0,0,0,6.6346334,1.6094379,9,1,0,0.095,0,0,1,0,0,0,1,0,1,1,0,0,0,0,1.0986123,0,5.5,0,0,1,0,1,0
-0.07991044,0.03613405,0,0,0,0,0,6.6346334,1.6094379,9,0,0,0.095,0,0,1,0,0,0,1,0,1,1,0,0,0,0,1.0986123,0,5.5,0,0,1,0,1,0
-0.11479308,0.03518766,0,0,0,0,0,6.6808547,1.6094379,9,1,0,0.095,0,0,1,0,0,0,1,0,1,1,0,0,1,0,1.0986123,0,5.5,0,0,0,0,1,0
-0.07781881,0.0353144,0,0,0,0,0,6.6808547,1.6094379,9,0,0,0.095,0,0,1,0,0,0,1,0,1,1,0,0,1,0,1.0986123,0,5.5,0,0,0,0,1,0
-0.05877135,0.03652484,0,0,0,0,0,6.6160652,1.6094379,9,1,0,0.095,0,0,1,0,0,0,1,0,1,1,0,0,1,0,1.0986123,0,5.5,0,0,0,0,1,0
-0.17245805,0.03603988,0,0,0,0,0,6.6160652,1.6094379,9,0,0,0.095,0,0,1,0,0,0,1,0,1,1,0,0,1,0,1.0986123,0,5.5,0,0,0,0,1,0
0.00823105,0.03724068,0,0,0,0,0,6.5806391,1.6094379,9,1,0,0.095,0,0,1,0,0,0,1,0,1,1,0,0,0,0,1.0986123,0,15.5,0,0,0,0,1,1
-0.07962292,0.03712371,0,0,0,0,0,6.5806391,1.6094379,9,0,0,0.095,0,0,1,0,0,0,1,0,1,1,0,0,0,0,1.0986123,0,15.5,0,0,0,0,1,1
0.01428979,0.03393875,0,0,0,0,0,6.7661917,1.6094379,9,1,0,0.095,0,0,1,0,0,0,1,0,1,1,0,0,0,0,1.0986123,0,15.5,0,0,0,0,1,1
-0.00476781,0.03394183,0,0,0,0,0,6.7661917,1.6094379,9,0,0,0.095,0,0,1,0,0,0,1,0,1,1,0,0,0,0,1.0986123,0,15.5,0,0,0,0,1,1
0.0041367,0.03438041,0,0,0,0,0,6.7405194,1.6094379,9,1,0,0.095,0,0,1,0,0,0,1,0,1,1,0,0,0,0,1.0986123,0,15.5,0,0,1,0,1,0
-0.01461265,0.03437704,0,0,0,0,0,6.7405194,1.6094379,9,0,0,0.095,0,0,1,0,0,0,1,0,1,1,0,0,0,0,1.0986123,0,15.5,0,0,1,0,1,0
0.02367059,0.03461747,0,0,0,0,0,6.7262334,1.6094379,9,1,0,0.095,0,0,1,0,0,0,1,0,1,1,0,0,0,0,1.0986123,0,15.5,0,0,1,0,1,0
0.06292076,0.03455856,0,0,0,0,0,6.7262334,1.6094379,9,0,0,0.095,0,0,1,0,0,0,1,0,1,1,0,0,0,0,1.0986123,0,15.5,0,0,1,0,1,0
0.02152485,0.03455705,0,0,0,0,0,6.7298241,1.6094379,9,1,0,0.095,0,0,1,0,0,0,1,0,1,1,0,0,1,0,1.0986123,0,15.5,0,0,0,0,1,0
0.07933519,0.03445611,0,0,0,0,0,6.7298241,1.6094379,9,0,0,0.095,0,0,1,0,0,0,1,0,1,1,0,0,1,0,1.0986123,0,15.5,0,0,0,0,1,0
0.02167766,0.03489204,0,0,0,0,0,6.7105231,1.6094379,9,1,0,0.095,0,0,1,0,0,0,1,0,1,1,0,0,1,0,1.0986123,0,15.5,0,0,0,0,1,0
0.05208761,0.03485286,0,0,0,0,0,6.7105231,1.6094379,9,0,0,0.095,0,0,1,0,0,0,1,0,1,1,0,0,1,0,1.0986123,0,15.5,0,0,0,0,1,0
-0.08931594,0.01873591,0,0,0,0,0,7.9466176,1.6094379,9,0,0,0.095,0,0,1,0,0,0,1,0,1,1,0,0,0,0,2.7725887,0,9,0,0,0,0,1,1
-0.06320012,0.01536295,0,0,0,0,0,8.3475904,1.6094379,9,0,0,0.095,0,0,1,0,0,0,1,0,1,1,0,0,0,0,2.7725887,0,9,0,0,0,0,1,1
0.04190114,0.01580936,0,0,0,0,0,8.2925485,1.6094379,9,0,0,0.095,0,0,1,0,0,0,1,0,1,1,0,0,0,0,2.7725887,0,9,0,0,1,0,1,0
0.04195323,0.01609809,0,0,0,0,0,8.2563478,1.6094379,9,0,0,0.095,0,0,1,0,0,0,1,0,1,1,0,0,0,0,2.7725887,0,9,0,0,1,0,1,0
0.01113512,0.01600977,0,0,0,0,0,8.2689882,1.6094379,9,0,0,0.095,0,0,1,0,0,0,1,0,1,1,0,0,1,0,2.7725887,0,9,0,0,0,0,1,0
-0.00853437,0.01627733,0,0,0,0,0,8.2358907,1.6094379,9,0,0,0.095,0,0,1,0,0,0,1,0,1,1,0,0,1,0,2.7725887,0,9,0,0,0,0,1,0
0.10787817,0.04482038,0,0,0,0,0,6.1984787,1.6094379,9,0,0,0.095,0,0,1,0,0,0,1,0,1,1,0,0,0,0,1.0986123,0,5.5,0,0,0,0,1,1
0.01565717,0.03506723,0,0,0,0,0,6.7007311,1.6094379,9,0,0,0.095,0,0,1,0,0,0,1,0,1,1,0,0,0,0,1.0986123,0,5.5,0,0,0,0,1,1
-0.00676631,0.03520086,0,0,0,0,0,6.6933237,1.6094379,9,0,0,0.095,0,0,1,0,0,0,1,0,1,1,0,0,0,0,1.0986123,0,5.5,0,0,1,0,1,0
-0.09170141,0.03609723,0,0,0,0,0,6.6346334,1.6094379,9,0,0,0.095,0,0,1,0,0,0,1,0,1,1,0,0,0,0,1.0986123,0,5.5,0,0,1,0,1,0
-0.21483006,0.03459477,0,0,0,0,0,6.6808547,1.6094379,9,0,0,0.095,0,0,1,0,0,0,1,0,1,1,0,0,1,0,1.0986123,0,5.5,0,0,0,0,1,0
-0.13376054,0.03625929,0,0,0,0,0,6.6160652,1.6094379,9,0,0,0.095,0,0,1,0,0,0,1,0,1,1,0,0,1,0,1.0986123,0,5.5,0,0,0,0,1,0
0.00183193,0.03724188,0,0,0,0,0,6.5806391,1.6094379,9,0,0,0.095,0,0,1,0,0,0,1,0,1,1,0,0,0,0,1.0986123,0,15.5,0,0,0,0,1,1
0.04701562,0.03390468,0,0,0,0,0,6.7661917,1.6094379,9,0,0,0.095,0,0,1,0,0,0,1,0,1,1,0,0,0,0,1.0986123,0,15.5,0,0,0,0,1,1
0.03473449,0.03435996,0,0,0,0,0,6.7405194,1.6094379,9,0,0,0.095,0,0,1,0,0,0,1,0,1,1,0,0,0,0,1.0986123,0,15.5,0,0,1,0,1,0
0.05360876,0.03457737,0,0,0,0,0,6.7262334,1.6094379,9,0,0,0.095,0,0,1,0,0,0,1,0,1,1,0,0,0,0,1.0986123,0,15.5,0,0,1,0,1,0
0.04164239,0.03453507,0,0,0,0,0,6.7298241,1.6094379,9,0,0,0.095,0,0,1,0,0,0,1,0,1,1,0,0,1,0,1.0986123,0,15.5,0,0,0,0,1,0
0.05266457,0.03485181,0,0,0,0,0,6.7105231,1.6094379,9,0,0,0.095,0,0,1,0,0,0,1,0,1,1,0,0,1,0,1.0986123,0,15.5,0,0,0,0,1,0
0.09393688,0.01019886,0,0,1,0,0,9.1620951,0,10,0,0,0.066,1,1,0,0,0,0,1,0,1,1,0,0,1,0,2.0794415,0,14,0,0,0,0,0,0
-0.02199329,0.00914328,0,0,1,0,0,9.3889885,0,10,0,0,0.066,1,1,0,0,0,0,1,0,1,1,0,0,1,0,2.0794415,0,14,0,0,0,0,0,0
0.03054657,0.0094718,0,0,1,0,0,9.3179384,0,10,0,0,0.066,1,1,0,0,0,0,1,0,1,1,0,0,1,0,2.0794415,0,14,0,0,0,0,0,0
0.03581744,0.00913962,0,0,1,0,0,9.3889885,0,10,0,0,0.066,1,1,0,0,0,0,1,0,1,1,0,0,1,0,2.0794415,0,14,0,0,0,0,0,0
0.01397091,0.0091446,0,0,1,0,0,9.3889885,0,10,0,0,0.066,1,1,0,0,0,0,1,0,1,1,0,0,1,0,2.0794415,0,14,0,0,0,0,0,0
0.01745977,0.01071395,0,0,1,0,0,9.0721123,0,10,0,0,0.066,1,1,0,0,0,0,1,0,1,1,0,0,1,0,2.0794415,0,14,0,0,0,0,0,0
-0.08940217,0.00904778,0,0,1,0,0,9.4024472,0,10,0,0,0.066,0,1,0,0,0,0,1,0,1,0,0,0,1,0,2.0794415,0,14,0,0,0,0,0,0
-0.136475,0.01014831,0,0,1,0,0,9.1620951,0,10,0,0,0.066,0,1,0,0,0,0,1,0,1,0,0,0,1,0,2.0794415,0,14,0,0,0,0,0,0
-0.01910824,0.00914382,0,0,1,0,0,9.3889885,0,10,0,0,0.066,0,1,0,0,0,0,1,0,1,0,0,0,1,0,2.0794415,0,14,0,0,0,0,0,0
-0.00676032,0.00947601,0,0,1,0,0,9.3179384,0,10,0,0,0.066,0,1,0,0,0,0,1,0,1,0,0,0,1,0,2.0794415,0,14,0,0,0,0,0,0
-0.07203669,0.00912173,0,0,1,0,0,9.3889885,0,10,0,0,0.066,0,1,0,0,0,0,1,0,1,0,0,0,1,0,2.0794415,0,14,0,0,0,0,0,0
-0.08857217,0.00910955,0,0,1,0,0,9.3889885,0,10,0,0,0.066,0,1,0,0,0,0,1,0,1,0,0,0,1,0,2.0794415,0,14,0,0,0,0,0,0
-0.05116258,0.01070155,0,0,1,0,0,9.0721123,0,10,0,0,0.066,0,1,0,0,0,0,1,0,1,0,0,0,1,0,2.0794415,0,14,0,0,0,0,0,0
0.00707615,0.01071532,0,0,1,0,0,9.0721123,0,10,0,0,0.066,1,1,0,0,0,0,1,0,1,1,0,0,1,0,2.0794415,0,14,0,0,0,0,0,0
0.01448436,0.01071446,0,0,1,0,0,9.0721123,0,10,0,0,0.066,1,1,0,0,0,0,1,0,1,1,0,0,1,0,2.0794415,0,14,0,0,0,0,0,0
0.01011976,0.01071504,0,0,1,0,0,9.0721123,0,10,0,0,0.066,1,1,0,0,0,0,1,0,1,1,0,0,1,0,2.0794415,0,14,0,0,0,0,0,0
0.01964145,0.01071352,0,0,1,0,0,9.0721123,0,10,0,0,0.066,1,1,0,0,0,0,1,0,1,1,0,0,1,0,2.0794415,0,14,0,0,0,0,0,0
0.0027781,0.01071554,0,0,1,0,0,9.0721123,0,10,0,0,0.066,1,1,0,0,0,0,1,0,1,1,0,0,1,0,2.0794415,0,14,0,0,0,0,0,0
-0.07138028,0.01019718,0,0,1,0,0,9.1661795,0,10,0,0,0.066,1,1,0,0,0,0,1,0,1,1,0,0,0,0,2.0794415,0,14,0,0,0,1,0,0
0.00146024,0.01022165,0,0,1,0,0,9.166493,0,10,0,0,0.066,1,1,0,0,0,0,1,0,1,1,0,0,0,0,2.0794415,0,14,0,0,0,0,0,1
0.00106691,0.01066913,0,0,1,0,0,9.080801,0,10,0,0,0.066,1,1,0,0,0,0,1,0,1,1,0,0,0,0,2.0794415,0,14,0,0,1,0,0,0
-0.01150041,0.01022258,0,0,1,0,0,9.1661795,0,10,0,0,0.066,1,1,0,0,0,0,1,0,1,1,0,0,0,0,2.0794415,0,14,0,0,0,0,0,0
0.0465069,0.0102122,0,0,1,0,0,9.1661795,0,10,0,0,0.066,1,1,0,0,0,0,1,0,1,1,0,0,1,0,2.0794415,0,14,0,0,0,0,0,0
-0.0110401,0.01463238,0,0,0,1,0,8.4489144,3.1354942,6,1,0,0.239,1,0,1,1,0,0,1,0,1,1,0,0,1,0,1.9459101,0,9.5,0,0,0,0,0,0
-0.01135067,0.01463233,0,0,0,1,0,8.4489144,3.1354942,6,1,0,0.239,1,0,1,1,0,0,1,0,1,1,0,0,1,0,1.9459101,0,9.5,0,0,0,0,0,0
-0.01665269,0.01463125,0,0,0,1,0,8.4489144,3.1354942,6,1,0,0.239,1,0,1,1,0,0,1,0,1,1,0,0,1,0,1.9459101,0,9.5,0,0,0,0,0,0
-0.00880193,0.01463271,0,0,0,1,0,8.4489144,3.1354942,6,1,0,0.239,1,0,1,1,0,0,1,0,1,1,0,0,0,0,1.9459101,0,9.5,0,0,0,1,0,0
-0.00548872,0.01463306,0,0,0,1,0,8.4489144,3.1354942,6,1,0,0.239,1,0,1,1,0,0,1,0,1,1,0,0,0,0,1.9459101,0,9.5,0,0,0,1,0,0
-0.01090946,0.01463241,0,0,0,1,0,8.4489144,3.1354942,6,1,0,0.239,1,0,1,1,0,0,1,0,1,1,0,0,0,0,1.9459101,0,9.5,0,0,0,1,0,0
0.05243672,0.07774279,0,0,0,1,0,5.1059455,0,10,0,0,0.001,0,0,1,0,0,0,1,1,0,0,1,0,0,0,2.3978953,0,14.5,1,0,0,0,0,0
0.05243672,0.07774279,0,0,0,1,0,5.1059455,0,10,0,0,0.001,0,0,1,0,0,0,1,1,0,0,1,0,0,0,2.3978953,0,14.5,1,0,0,0,0,0
-0.05243672,0.07774279,0,0,0,1,0,5.1059455,0,10,0,0,0.001,0,0,1,0,0,0,1,1,0,0,1,0,0,0,2.3978953,0,14.5,1,0,0,0,0,0
-0.05243672,0.07774279,0,0,0,1,0,5.1059455,0,10,0,0,0.001,0,0,1,0,0,0,1,0,0,0,1,0,1,0,2.3978953,0,14.5,1,0,0,0,0,0
0.05243672,0.07774279,0,0,0,1,0,5.1059455,0,10,0,0,0.001,0,0,1,0,0,0,1,0,0,0,1,0,1,0,2.3978953,0,14.5,1,0,0,0,0,0
0.05243672,0.07774279,0,0,0,1,0,5.1059455,0,10,0,0,0.001,0,0,1,0,0,0,1,0,0,1,1,0,1,0,2.3978953,0,14.5,1,0,0,0,0,0
0.2188991,0.07375958,0,0,1,0,0,5.164786,3.2321211,6,0,0,0.239,0,0,1,0,1,0,1,0,0,1,0,0,1,1,2.1972246,0,8.5,0,0,0,0,0,0
0.16488682,0.07455822,0,0,1,0,0,5.164786,3.2321211,6,0,0,0.239,0,0,1,0,1,0,1,0,0,1,0,0,1,1,2.1972246,0,8.5,0,0,0,0,0,0
0.13119555,0.07493951,0,0,1,0,0,5.164786,3.2321211,6,0,0,0.239,0,0,1,0,1,0,1,0,0,1,0,0,1,1,2.1972246,0,8.5,0,0,0,0,0,0
0.18262771,0.07432158,0,0,1,0,0,5.164786,3.2321211,6,0,0,0.239,0,0,1,0,0,0,1,0,0,1,1,0,1,1,2.1972246,0,8.5,0,0,0,0,0,0
0.15494996,0.07467991,0,0,1,0,0,5.164786,3.2321211,6,0,0,0.239,0,0,1,0,1,0,1,0,0,1,0,0,1,1,2.1972246,0,8.5,0,0,0,0,0,0
0.18177413,0.07749807,0,0,1,0,0,5.0814044,3.2321211,6,0,0,0.239,0,0,1,0,1,0,1,0,0,1,0,0,1,0,2.1972246,0,8.5,0,0,0,0,1,0
0.19371265,0.07416104,0,0,1,0,0,5.164786,3.2321211,6,0,0,0.239,0,0,1,0,1,0,1,0,0,1,0,0,1,0,2.1972246,0,8.5,0,0,0,0,1,0
-0.09685105,0.07523752,0,0,1,0,0,5.164786,3.2321211,6,0,0,0.239,0,0,1,0,1,0,1,0,0,1,0,0,0,1,2.1972246,0,8.5,0,0,0,1,0,0
-0.19112497,0.07419939,0,0,1,0,0,5.164786,3.2321211,6,0,0,0.239,0,0,1,0,0,0,1,0,0,1,0,0,0,1,2.1972246,0,8.5,0,0,0,1,0,0
-0.18656607,0.07426567,0,0,1,0,0,5.164786,3.2321211,6,0,0,0.239,0,0,1,0,1,0,1,0,0,1,0,0,0,1,2.1972246,0,8.5,0,0,0,0,0,1
0.12911024,0.0749602,0,0,1,0,0,5.164786,3.2321211,6,0,0,0.239,0,0,1,0,1,0,1,0,0,1,0,0,0,1,2.1972246,0,8.5,0,0,1,0,0,0
0.18372575,0.08307677,0,0,1,0,0,4.9416424,3.2321211,6,0,0,0.239,1,0,1,0,1,0,1,0,0,1,0,0,1,1,2.1972246,0,8.5,0,0,0,0,0,0
0.17019019,0.08328245,0,0,1,0,0,4.9416424,3.2321211,6,0,0,0.239,0,0,1,0,1,0,1,0,0,1,0,0,1,1,2.1972246,0,8.5,0,0,0,0,0,0
0.1575875,0.08345941,0,0,1,0,0,4.9416424,3.2321211,6,0,0,0.239,0,0,1,0,1,0,1,0,0,1,0,0,1,1,2.1972246,0,8.5,0,0,0,0,0,0
0.22555411,0.08035319,0,0,1,0,0,4.9904326,3.2321211,6,0,0,0.239,1,0,1,0,1,0,1,0,0,1,0,0,1,1,2.1972246,0,8.5,0,0,0,0,0,0
0.19487486,0.08089734,0,0,1,0,0,4.9904326,3.2321211,6,0,0,0.239,0,0,1,0,1,0,1,0,0,1,0,0,1,1,2.1972246,0,8.5,0,0,0,0,0,0
0.18843659,0.08100104,0,0,1,0,0,4.9904326,3.2321211,6,0,0,0.239,0,0,1,0,1,0,1,0,0,1,0,0,1,1,2.1972246,0,8.5,0,0,0,0,0,0
0.19314563,0.08092555,0,0,1,0,0,4.9904326,3.2321211,6,0,0,0.239,1,0,1,0,1,0,1,0,0,1,0,0,1,1,2.1972246,0,8.5,0,0,0,0,0,0
0.24698196,0.07992343,0,0,1,0,0,4.9904326,3.2321211,6,0,0,0.239,0,0,1,0,1,0,1,0,0,1,0,0,1,1,2.1972246,0,8.5,0,0,0,0,0,0
0.1402076,0.0816639,0,0,1,0,0,4.9904326,3.2321211,6,0,0,0.239,0,0,1,0,1,0,1,0,0,1,0,0,1,1,2.1972246,0,8.5,0,0,0,0,0,0
0.19250427,0.07570864,0,0,1,0,0,5.123964,3.2321211,6,0,0,0.239,0,0,1,1,1,0,1,0,0,1,0,0,1,1,2.1972246,0,8.5,0,0,0,0,0,0
0.18626424,0.0758015,0,0,1,0,0,5.123964,3.2321211,6,0,0,0.239,0,0,1,0,1,0,1,0,0,1,0,0,1,1,2.1972246,0,8.5,0,0,0,0,0,0
0.18109392,0.07587603,0,0,1,0,0,5.123964,3.2321211,6,0,0,0.239,0,0,1,0,1,0,1,0,0,1,0,0,1,1,2.1972246,0,8.5,0,0,0,0,0,0
0.21259504,0.07386487,0,0,1,0,0,5.164786,3.2321211,6,0,0,0.239,1,0,1,0,1,0,1,0,0,1,0,0,1,1,2.1972246,0,8.5,0,0,0,0,0,0
0.16093392,0.07460756,0,0,1,0,0,5.164786,3.2321211,6,0,0,0.239,0,0,1,0,1,0,1,0,0,1,0,0,1,1,2.1972246,0,8.5,0,0,0,0,0,0
0.15574496,0.07467046,0,0,1,0,0,5.164786,3.2321211,6,0,0,0.239,0,0,1,0,1,0,1,0,0,1,0,0,1,1,2.1972246,0,8.5,0,0,0,0,0,0
0.21259504,0.07386487,0,0,1,0,0,5.164786,3.2321211,6,0,0,0.239,0,0,1,0,1,0,1,0,0,1,0,0,1,1,2.1972246,0,8.5,0,0,0,0,0,0
0.19656642,0.07411812,0,0,1,0,0,5.164786,3.2321211,6,0,0,0.239,0,0,1,0,1,0,1,0,0,1,0,0,1,1,2.1972246,0,8.5,0,0,0,0,0,0
0.2188991,0.07375958,0,0,1,0,0,5.164786,3.2321211,6,0,0,0.239,0,0,1,0,1,0,1,0,0,1,0,0,1,1,2.1972246,0,8.5,0,0,0,0,0,0
0.2188991,0.07375958,0,0,1,0,0,5.164786,3.2321211,6,0,0,0.239,0,0,1,0,1,0,1,0,0,1,0,0,1,1,2.1972246,0,8.5,0,0,0,0,0,0
0.21259504,0.07386487,0,0,1,0,0,5.164786,3.2321211,6,0,0,0.239,0,0,1,0,1,0,1,0,0,1,0,0,1,1,2.1972246,0,8.5,0,0,0,0,0,0
-0.01471954,0.00694369,1,0,0,1,1,9.9396266,1.6094379,6,0,0,0.097,0,0,0,0,0,0,1,0,1,0,0,0,0,0,1.9459101,0,11.5,0,0,0,0,0,0
-0.03095594,0.00717762,1,0,0,1,1,9.8726159,1.6094379,6,0,0,0.097,0,0,0,0,0,0,1,0,1,0,0,0,0,0,1.9459101,0,11.5,0,0,0,0,0,0
-0.03230824,0.0073809,1,0,0,1,1,9.8166762,1.6094379,6,0,0,0.097,0,0,0,0,0,0,1,0,1,0,0,0,0,0,1.9459101,0,11.5,0,0,0,0,0,0
-0.01500461,0.00758601,1,0,0,1,1,9.7626726,1.6094379,6,0,0,0.097,0,0,0,0,0,0,1,0,1,0,0,0,0,0,1.9459101,0,11.5,0,0,0,0,0,0
-0.02016121,0.00758533,1,0,0,1,1,9.7626726,1.6094379,6,0,0,0.097,0,0,0,0,0,0,1,0,0,0,1,0,0,0,1.9459101,0,11.5,0,0,0,0,0,0
-0.03129991,0.00758315,1,0,0,1,1,9.7626726,1.6094379,6,0,0,0.097,0,0,0,0,0,0,1,0,0,0,0,0,0,0,1.9459101,0,11.5,0,0,0,0,0,0
-0.01272919,0.00758625,1,0,0,1,1,9.7626726,1.6094379,6,0,0,0.097,0,0,0,0,0,0,1,0,1,0,0,0,0,0,1.9459101,0,11.5,0,0,0,0,0,0
-0.00544154,0.00758676,1,0,0,1,1,9.7626726,1.6094379,6,1,0,0.097,0,0,0,0,0,0,1,0,1,0,0,0,0,0,1.9459101,0,11.5,0,0,0,0,0,0
-0.01217387,0.00758631,1,0,0,1,1,9.7626726,1.6094379,6,0,0,0.097,0,0,0,0,0,0,1,0,1,0,0,0,0,0,1.9459101,0,11.5,0,0,0,0,0,0
-0.01504663,0.00758601,1,0,0,1,1,9.7626726,1.6094379,6,0,0,0.097,0,0,0,0,0,0,1,0,1,0,0,0,0,0,1.9459101,0,11.5,0,0,0,0,0,0
-0.01367746,0.00758616,1,0,0,1,1,9.7626726,1.6094379,6,0,0,0.097,0,0,0,0,0,0,1,0,1,0,0,0,0,0,1.9459101,0,11.5,0,0,0,0,0,0
-0.0146137,0.00758606,1,0,0,1,1,9.7626726,1.6094379,6,0,0,0.097,0,0,0,0,0,0,1,0,1,0,0,0,0,0,1.9459101,0,11.5,0,0,0,0,0,0
-0.01495321,0.00758602,1,0,0,1,1,9.7626726,1.6094379,6,0,0,0.097,0,0,0,0,0,0,1,0,1,0,0,0,0,0,1.9459101,0,11.5,0,0,0,0,0,0
-0.03187116,0.00776739,1,0,0,1,1,9.7146246,1.6094379,6,0,0,0.097,0,0,0,0,0,0,1,0,1,0,0,0,0,0,1.9459101,0,11.5,0,0,0,0,0,0
-0.01807525,0.00801075,1,0,0,1,1,9.6536149,1.6094379,6,0,0,0.097,0,0,0,0,0,0,1,0,1,0,0,0,0,0,1.9459101,0,11.5,0,0,0,0,0,0
-0.02404649,0.00827792,1,0,0,1,1,9.5877489,1.6094379,6,0,0,0.097,0,0,0,0,0,0,1,0,1,0,0,0,0,0,1.9459101,0,11.5,0,0,0,0,0,0
-0.01877194,0.00856492,1,0,0,1,1,9.5198084,1.6094379,6,0,0,0.097,0,0,0,0,0,0,1,0,1,0,0,0,0,0,1.9459101,0,11.5,0,0,0,0,0,0
-0.04171044,0.02092906,0,1,0,0,0,7.731492,2.9957323,0,0,0,0.239,0,0,1,0,0,0,0,0,0,1,0,0,1,0,2.3025851,0,5,0,1,0,0,0,0
-0.04539043,0.0209257,0,1,0,0,0,7.731492,2.9957323,0,0,0,0.239,0,0,1,0,0,0,0,0,0,1,0,0,1,0,2.3025851,0,5,0,1,0,0,0,0
-0.03768815,0.02093241,0,1,0,0,0,7.731492,2.9957323,0,0,0,0.239,0,0,1,1,0,0,0,0,0,1,0,0,1,0,2.3025851,0,5,0,1,0,0,0,0
-0.04178628,0.02101214,0,1,0,0,0,7.7235625,2.9957323,0,0,0,0.239,0,0,1,1,0,0,0,0,0,1,0,0,1,0,2.3025851,0,5,0,1,0,0,0,0
-0.03483513,0.02101774,0,1,0,0,0,7.7235625,2.9957323,0,0,0,0.239,0,0,1,0,0,0,0,0,0,1,0,0,1,0,2.3025851,0,5,0,1,0,0,0,0
-0.09939957,0.03152929,0,1,0,0,0,6.9037473,2.9957323,0,0,0,0.239,0,0,1,0,0,0,0,1,0,1,0,0,0,0,2.3025851,0,5,0,1,0,0,0,0
-0.26654138,0.1405881,0,1,0,0,0,3.8501476,2.9957323,0,0,0,0.239,0,0,1,0,0,0,0,0,0,1,0,0,1,0,2.3025851,0,5,0,1,0,0,0,0
-0.31212512,0.13857772,0,1,0,0,0,3.8501476,2.9957323,0,0,0,0.239,0,0,1,0,0,0,0,0,0,1,0,0,1,0,2.3025851,0,5,0,1,0,0,0,0
-0.11039466,0.14497344,0,1,0,0,0,3.8501476,2.9957323,0,0,0,0.239,0,0,1,0,0,0,0,0,0,1,0,1,1,0,2.3025851,0,5,0,1,0,0,0,0
-0.0921089,0.02367478,0,0,0,1,0,7.4781697,0.87546874,7,0,0,0.001,0,1,1,0,1,0,0,0,0,1,0,0,1,0,3.0445224,0,4.5,0,0,0,0,0,0
-0.09494512,0.02440377,0,0,0,1,0,7.4169796,0.87546874,7,0,0,0.001,0,1,1,0,1,0,0,0,0,1,0,0,1,0,3.0445224,0,4.5,0,0,0,0,0,0
-0.098248,0.02525271,0,0,0,1,0,7.3479438,0.87546874,7,0,0,0.001,0,1,1,0,1,0,0,0,0,1,0,0,1,0,3.0445224,0,4.5,0,0,0,0,0,0
-0.10209675,0.02624196,0,0,0,1,0,7.2703129,0.87546874,7,0,0,0.001,0,1,1,0,1,0,0,0,0,1,0,0,1,0,3.0445224,0,4.5,0,0,0,0,0,0
