PCC,SE PCC,dummies,Zscore,NPL,profitability,profit_volat,lnobs,citations,firstpub,DtoD,quadratic,Lerner,Boone,Hstatistic,Concentration,HHI,developed,undeveloped,GMM,2SLS,Logit,FE,RE,OLS,endogeneity,macro,someAveraged,T,sampleyear,reviewed_journal,regulation,global,ownership,IFrecursive,capitalization
0.099053807,0.011612404,0,0,0,0,0,8.902591637,1.030347484,11,0,0,0,0,0,0,1,1,0,0,0,0,0,0,1,0,0,0,0,14.5,1,1,0,0,0.486,0
0.194483996,0.011446969,0,0,0,0,0,8.902591637,1.030347484,11,0,0,0,0,0,1,0,1,0,0,0,0,0,0,1,0,0,0,0,14.5,1,1,0,0,0.486,0
-0.079915079,0.011632471,0,0,0,0,0,8.902591637,1.030347484,11,0,0,0,0,0,0,1,1,0,0,0,0,0,0,1,0,0,0,0,14.5,1,1,0,0,0.486,1
-0.111677139,0.011596795,0,0,0,0,0,8.902591637,1.030347484,11,0,0,0,0,0,1,0,1,0,0,0,0,0,0,1,0,0,0,0,14.5,1,1,0,0,0.486,1
0.089727425,0.011622723,0,0,0,0,0,8.902591637,1.030347484,11,0,0,0,0,0,0,1,1,0,0,0,0,0,0,1,0,0,0,0,14.5,1,1,0,0,0.486,0
0.072742992,0.011638879,0,0,0,0,0,8.902591637,1.030347484,11,0,0,0,0,0,1,0,1,0,0,0,0,0,0,1,0,0,0,0,14.5,1,1,0,0,0.486,0
-0.043138049,0.011658932,0,0,0,1,0,8.902591637,1.030347484,11,0,0,0,0,0,0,1,1,0,0,0,0,0,0,1,0,0,0,0,14.5,1,1,0,0,0.486,0
-0.018901691,0.01166771,0,0,0,1,0,8.902591637,1.030347484,11,0,0,0,0,0,1,0,1,0,0,0,0,0,0,1,0,0,0,0,14.5,1,1,0,0,0.486,0
-0.036618581,0.011661968,0,0,0,0,0,8.902591637,1.030347484,11,0,0,0,0,0,0,1,1,0,0,0,0,0,0,1,0,0,0,0,14.5,1,1,0,0,0.486,0
-0.072164091,0.011639369,0,0,0,0,0,8.902591637,1.030347484,11,0,0,0,0,0,1,0,1,0,0,0,0,0,0,1,0,0,0,0,14.5,1,1,0,0,0.486,0
0.045930469,0.011657479,1,0,0,0,0,8.902591637,1.030347484,11,0,0,0,0,0,0,1,1,0,0,0,1,0,0,0,0,0,0,1.098612289,16.5,1,1,0,0,0.486,0
0.038831109,0.011660994,1,0,0,0,0,8.902591637,1.030347484,11,0,0,0,0,0,1,0,1,0,0,0,1,0,0,0,0,0,0,1.098612289,16.5,1,1,0,0,0.486,0
0.036398029,0.011666035,1,0,0,0,0,8.902591637,1.030347484,11,0,0,0,0,0,0,1,1,0,0,0,1,0,0,0,0,0,0,1.098612289,16.5,1,1,0,0,0.486,0
0.020308171,0.011671363,1,0,0,0,0,8.902591637,1.030347484,11,0,0,0,0,0,1,0,1,0,0,0,1,0,0,0,0,0,0,1.098612289,16.5,1,1,0,0,0.486,0
-0.016576045,0.024570283,1,0,0,0,0,7.414572881,0.34657359,12,0,0,0,0,0,1,0,0,0,0,0,1,0,0,0,0,1,0,3.465735903,3,1,0,0,0,0.051,0
-0.016576045,0.024570283,1,0,0,0,0,7.414572881,0.34657359,12,0,0,0,0,0,1,0,0,0,0,0,1,0,0,0,0,1,0,3.465735903,3,1,0,0,0,0.051,0
-0.016576045,0.024570283,1,0,0,0,0,7.414572881,0.34657359,12,0,0,0,0,0,1,0,0,0,0,0,1,0,0,0,0,1,0,3.465735903,3,1,0,0,0,0.051,0
-0.016576045,0.024570283,1,0,0,0,0,7.414572881,0.34657359,12,0,0,0,0,0,1,0,0,0,0,0,1,0,0,0,0,1,0,3.465735903,3,1,0,0,0,0.051,0
-0.01686368,0.024996445,1,0,0,0,0,7.38274645,0.34657359,12,0,0,0,0,0,1,0,0,0,0,0,1,0,0,0,0,1,0,3.465735903,3,1,1,1,0,0.051,0
-0.01686368,0.024996445,1,0,0,0,0,7.38274645,0.34657359,12,0,0,0,0,0,1,0,0,0,0,0,1,0,0,0,0,1,0,3.465735903,3,1,1,1,0,0.051,0
-0.080949679,0.028784772,0,0,0,1,0,7.095064377,0.34657359,12,0,0,0,0,0,1,0,0,0,1,0,0,0,0,0,1,1,0,3.433987204,3.5,1,0,1,0,0.051,0
-0.080949679,0.028784772,0,0,0,0,0,7.095064377,0.34657359,12,0,0,0,0,0,1,0,0,0,1,0,0,0,0,0,1,1,0,3.433987204,3.5,1,0,1,0,0.051,0
0.022436575,0.033251133,1,0,0,0,0,6.811244379,0.34657359,12,0,0,0,0,0,1,0,0,1,0,0,1,0,0,0,0,1,0,3.465735903,3,1,0,0,0,0.051,0
0.022436575,0.033251133,1,0,0,0,0,6.811244379,0.34657359,12,0,0,0,0,0,1,0,0,1,0,0,1,0,0,0,0,1,0,3.465735903,3,1,0,0,0,0.051,0
0.022990186,0.034070901,1,0,0,0,0,6.767343125,0.34657359,12,0,0,0,0,0,1,0,0,1,0,0,1,0,0,0,0,1,0,3.465735903,3,1,1,1,0,0.051,0
-0.022990186,0.034070901,1,0,0,0,0,6.767343125,0.34657359,12,0,0,0,0,0,1,0,0,1,0,0,1,0,0,0,0,1,0,3.465735903,3,1,1,1,0,0.051,0
-0.03187633,0.04722155,1,0,0,0,0,6.11368218,0.34657359,12,0,0,0,0,0,1,0,0,0,0,0,1,0,0,0,0,1,0,3.465735903,3,1,0,0,0,0.051,0
-0.03187633,0.04722155,1,0,0,0,0,6.11368218,0.34657359,12,0,0,0,0,0,1,0,0,0,0,0,1,0,0,0,0,1,0,3.465735903,3,1,0,0,0,0.051,0
-0.032019682,0.047433565,1,0,0,0,0,6.11368218,0.34657359,12,0,0,0,0,0,1,0,0,0,0,0,1,0,0,0,0,1,0,3.465735903,3,1,1,1,0,0.051,0
-0.032019682,0.047433565,1,0,0,0,0,6.11368218,0.34657359,12,0,0,0,0,0,1,0,0,0,0,0,1,0,0,0,0,1,0,3.465735903,3,1,1,1,0,0.051,0
-0.089830462,0.031928918,0,0,0,1,0,6.887552572,0.34657359,12,0,0,0,0,0,1,0,0,1,1,0,0,0,0,0,1,1,0,3.433987204,3.5,1,0,1,0,0.051,0
-0.021626176,0.032051031,0,0,0,0,0,6.887552572,0.34657359,12,0,0,0,0,0,1,0,0,1,1,0,0,0,0,0,1,1,0,3.433987204,3.5,1,0,1,0,0.051,0
-0.130531194,0.046276652,0,0,0,1,0,6.144185634,0.34657359,12,0,0,0,0,0,1,0,0,0,1,0,0,0,0,0,1,1,0,3.433987204,3.5,1,0,1,0,0.051,0
-0.130531194,0.046276652,0,0,0,0,0,6.144185634,0.34657359,12,0,0,0,0,0,1,0,0,0,1,0,0,0,0,0,1,1,0,3.433987204,3.5,1,0,1,0,0.051,0
-0.067124291,0.029906929,0,0,0,1,0,7.021083964,0.34657359,12,0,0,0,0,0,1,0,0,0,1,0,0,0,0,0,1,1,0,2.708050201,0,1,0,1,0,0.051,0
-0.020219989,0.029968404,0,0,0,0,0,7.021083964,0.34657359,12,0,0,0,0,0,1,0,0,0,1,0,0,0,0,0,1,1,0,2.708050201,0,1,0,1,0,0.051,0
-0.096941552,0.034443433,0,0,0,1,0,6.735780014,0.34657359,12,0,0,0,0,0,1,0,0,0,1,0,0,0,0,0,1,1,0,2.302585093,8.5,1,0,1,0,0.051,0
-0.096941552,0.034443433,0,0,0,0,0,6.735780014,0.34657359,12,0,0,0,0,0,1,0,0,0,1,0,0,0,0,0,1,1,0,2.302585093,8.5,1,0,1,0,0.051,0
-0.109894145,0.039015687,0,0,0,1,0,6.486160789,0.34657359,12,0,0,0,0,0,1,0,0,0,1,0,0,0,0,0,1,1,0,1.386294361,17,1,0,1,0,0.051,0
-0.109894145,0.039015687,0,0,0,0,0,6.486160789,0.34657359,12,0,0,0,0,0,1,0,0,0,1,0,0,0,0,0,1,1,0,1.386294361,17,1,0,1,0,0.051,0
0.017100491,0.025347299,1,0,0,0,0,7.355001921,0.34657359,12,0,0,0,0,0,1,0,0,0,0,0,1,0,0,0,0,1,0,2.772588722,0,1,1,1,0,0.051,0
-0.017100491,0.025347299,1,0,0,0,0,7.355001921,0.34657359,12,0,0,0,0,0,1,0,0,0,0,0,1,0,0,0,0,1,0,2.772588722,0,1,1,1,0,0.051,0
-0.070949852,0.03160636,1,0,0,0,0,6.9117473,0.34657359,12,0,0,0,0,0,1,0,0,0,0,0,1,0,0,0,0,1,0,2.397895273,8.5,1,1,1,0,0.051,0
-0.070949852,0.03160636,1,0,0,0,0,6.9117473,0.34657359,12,0,0,0,0,0,1,0,0,0,0,0,1,0,0,0,0,1,0,2.397895273,8.5,1,1,1,0,0.051,0
-0.078878133,0.040165612,1,0,0,0,0,6.436150368,0.34657359,12,0,0,0,0,0,1,0,0,0,0,0,1,0,0,0,0,1,0,1.609437912,17,1,1,1,0,0.051,0
-0.09016128,0.04012705,1,0,0,0,0,6.436150368,0.34657359,12,0,0,0,0,0,1,0,0,0,0,0,1,0,0,0,0,1,0,1.609437912,17,1,1,1,0,0.051,0
-0.025481536,0.013817902,0,1,0,0,0,8.564649133,0.641237339,10,0,0,1,0,0,0,0,0,0,1,0,0,0,0,0,1,0,0,1.945910149,11.5,1,0,1,0,0.027,0
-0.033969029,0.014079172,0,1,0,0,0,8.526945483,0.641237339,10,0,0,1,0,0,0,0,0,0,1,0,0,0,0,0,1,0,0,1.945910149,11.5,1,0,1,0,0.027,0
-0.014915067,0.015661545,0,1,0,0,0,8.315321775,0.641237339,10,0,0,1,0,0,0,0,0,0,1,0,0,0,0,0,1,0,0,1.945910149,11.5,1,0,1,0,0.027,0
0.011767192,0.01401145,0,1,0,0,0,8.537583881,0.641237339,10,0,0,1,0,0,0,0,0,0,1,0,0,0,0,0,1,0,0,1.945910149,11.5,1,0,1,0,0.027,0
-0.025341328,0.01385373,0,1,0,0,0,8.559486104,0.641237339,10,0,0,1,0,0,0,0,0,0,1,0,0,0,0,0,1,0,0,1.945910149,11.5,1,0,1,0,0.027,0
-0.03814662,0.014092439,0,1,0,0,0,8.524764457,0.641237339,10,0,0,1,0,0,0,0,0,0,1,0,0,0,0,0,1,0,0,1.945910149,11.5,1,0,1,0,0.027,0
-0.032825928,0.015689528,0,1,0,0,0,8.310906757,0.641237339,10,0,0,1,0,0,0,0,0,0,1,0,0,0,0,0,1,0,0,1.945910149,11.5,1,0,1,0,0.027,0
0.015833971,0.014045178,0,1,0,0,0,8.532672762,0.641237339,10,0,0,1,0,0,0,0,0,0,1,0,0,0,0,0,1,0,0,1.945910149,11.5,1,0,1,0,0.027,0
-0.03091515,0.01386888,0,1,0,0,0,8.556990661,0.641237339,10,0,0,1,0,0,0,0,0,0,1,0,0,0,0,0,1,0,0,1.945910149,11.5,1,0,1,0,0.027,0
-0.04485531,0.014109571,0,1,0,0,0,8.521782644,0.641237339,10,0,0,1,0,0,0,0,0,0,1,0,0,0,0,0,1,0,0,1.945910149,11.5,1,0,1,0,0.027,0
-0.026029747,0.015706221,0,1,0,0,0,8.309184528,0.641237339,10,0,0,1,0,0,0,0,0,0,1,0,0,0,0,0,1,0,0,1.945910149,11.5,1,0,1,0,0.027,0
-0.02536794,0.014096763,0,1,0,0,0,8.524962929,0.641237339,10,0,0,1,0,0,0,0,0,0,1,0,0,0,0,0,1,0,0,1.945910149,11.5,1,0,1,0,0.027,0
-0.0499292,0.015278881,0,0,0,1,0,8.362642432,0.641237339,10,0,0,1,0,0,0,0,0,0,1,0,0,0,0,0,1,0,0,1.945910149,11.5,1,0,1,0,0.027,0
-0.068323357,0.015438451,0,0,0,1,0,8.339978572,0.641237339,10,0,0,1,0,0,0,0,0,0,1,0,0,0,0,0,1,0,0,1.945910149,11.5,1,0,1,0,0.027,0
-0.046109015,0.016356238,0,0,0,1,0,8.227375507,0.641237339,10,0,0,1,0,0,0,0,0,0,1,0,0,0,0,0,1,0,0,1.945910149,11.5,1,0,1,0,0.027,0
-0.055526239,0.014806997,0,0,0,1,0,8.42485858,0.641237339,10,0,0,1,0,0,0,0,0,0,1,0,0,0,0,0,1,0,0,1.945910149,11.5,1,0,1,0,0.027,0
-0.041716643,0.016729009,0,0,0,1,0,8.18339737,0.641237339,10,0,0,1,0,0,0,0,0,0,1,0,0,0,0,0,1,0,0,1.945910149,11.5,1,0,1,0,0.027,0
-0.040338712,0.015784713,0,0,0,1,0,8.298788394,0.641237339,10,0,0,1,0,0,0,0,0,0,1,0,0,0,0,0,1,0,0,1.945910149,11.5,1,1,1,0,0.027,0
0.013112753,0.01576477,0,1,0,0,0,8.302761581,0.641237339,10,0,0,1,0,0,0,0,0,0,1,0,0,0,0,0,1,0,0,1.945910149,11.5,1,1,1,0,0.027,0
-0.064930231,0.014203488,0,0,0,1,0,8.506738734,0.641237339,10,0,0,1,0,0,0,0,0,0,1,0,0,0,0,0,1,0,0,1.945910149,11.5,1,1,1,0,0.027,0
-0.005088675,0.014213197,0,1,0,0,0,8.509564164,0.641237339,10,0,0,1,0,0,0,0,0,0,1,0,0,0,0,0,1,0,0,1.945910149,11.5,1,1,1,0,0.027,0
-0.049539803,0.016947827,0,0,0,1,0,8.156223323,0.641237339,10,0,0,1,0,0,0,0,0,0,1,0,0,0,0,0,1,0,0,1.945910149,11.5,1,1,1,0,0.027,0
-0.001376095,0.017042413,0,1,0,0,0,8.147577736,0.641237339,10,0,0,1,0,0,0,0,0,0,1,0,0,0,0,0,1,0,0,1.945910149,11.5,1,1,1,0,0.027,0
-0.065646876,0.015364162,0,0,0,1,0,8.349957272,0.641237339,10,0,0,1,0,0,0,0,0,0,1,0,0,0,0,0,1,0,0,1.945910149,11.5,1,1,1,0,0.027,0
-0.011999079,0.015427388,0,1,0,0,0,8.345930262,0.641237339,10,0,0,1,0,0,0,0,0,0,1,0,0,0,0,0,1,0,0,1.945910149,11.5,1,1,1,0,0.027,0
-0.053003102,0.015757679,0,0,0,1,0,8.301025254,0.641237339,10,0,0,1,0,0,0,0,0,0,1,0,0,0,0,0,1,0,0,1.945910149,11.5,1,1,1,0,0.027,0
0.011522619,0.01576312,0,1,0,0,0,8.303009381,0.641237339,10,0,0,1,0,0,0,0,0,0,1,0,0,0,0,0,1,0,0,1.945910149,11.5,1,1,1,0,0.027,0
-0.059949166,0.014225226,0,0,0,1,0,8.504310566,0.641237339,10,0,0,1,0,0,0,0,0,0,1,0,0,0,0,0,1,0,0,1.945910149,11.5,1,1,1,0,0.027,0
-0.002993707,0.014260933,0,1,0,0,0,8.502891407,0.641237339,10,0,0,1,0,0,0,0,0,0,1,0,0,0,0,0,1,0,0,1.945910149,11.5,1,1,1,0,0.027,0
0.038209923,0.01561359,0,1,0,0,0,8.319473692,0.814524135,10,0,0,1,0,0,0,0,0,0,0,0,0,0,0,0,1,0,0,2.079441542,11,1,0,1,0,0,0
0.075610647,0.014932629,0,0,0,1,0,8.404248432,0.814524135,10,0,0,1,0,0,0,0,0,0,0,0,0,0,0,0,1,0,0,2.079441542,11,1,0,1,0,0,0
0.03960218,0.016200892,0,0,0,1,0,8.245646901,0.814524135,10,0,0,1,0,0,0,0,0,0,0,0,0,0,0,0,1,0,0,2.079441542,11,1,0,1,0,0,0
0.057971105,0.015553223,0,0,0,0,0,8.32530603,0.814524135,10,0,0,1,0,0,0,0,0,0,0,0,0,0,0,0,1,0,0,2.079441542,11,1,0,1,0,0,1
0.164541455,0.018916262,0,0,1,0,0,7.910590612,0.814524135,10,0,0,1,0,0,0,0,0,0,0,0,0,0,0,0,1,0,0,2.079441542,11,1,0,1,0,0,0
-0.099609213,0.015438371,0,1,0,0,0,8.333510709,0.814524135,10,0,0,1,0,0,0,0,0,0,0,0,0,0,0,0,1,0,0,2.079441542,11,1,0,1,0,0,0
0.05423064,0.015537653,0,1,0,0,0,8.327726166,0.814524135,10,0,0,0,0,1,0,0,0,0,0,0,0,0,0,0,1,0,0,2.079441542,11,1,0,1,0,0,0
0.054369223,0.016046839,0,0,0,1,0,8.263332667,0.814524135,10,0,0,0,0,1,0,0,0,0,0,0,0,0,0,0,1,0,0,2.079441542,11,1,0,1,0,0,0
0.061422894,0.016119559,0,0,0,1,0,8.253488028,0.814524135,10,0,0,0,0,1,0,0,0,0,0,0,0,0,0,0,1,0,0,2.079441542,11,1,0,1,0,0,0
0.002000797,0.015506175,0,0,0,0,0,8.334711622,0.814524135,10,0,0,0,0,1,0,0,0,0,0,0,0,0,0,0,1,0,0,2.079441542,11,1,0,1,0,0,1
0.09640308,0.018976984,0,0,1,0,0,7.922261058,0.814524135,10,0,0,0,0,1,0,0,0,0,0,0,0,0,0,0,1,0,0,2.079441542,11,1,0,1,0,0,0
0.068614833,0.014304691,0,1,0,0,0,8.491054534,0.814524135,10,0,0,0,0,1,0,0,0,0,0,0,0,0,0,0,1,0,0,2.079441542,11,1,0,1,0,0,0
0.122730833,0.014190753,0,1,0,0,0,8.496786382,0.814524135,10,0,0,0,0,1,0,0,0,0,0,1,0,0,0,0,1,0,0,2.079441542,11,1,0,1,0,0,0
0.090995019,0.014753758,0,0,0,1,0,8.425954711,0.814524135,10,0,0,0,0,1,0,0,0,0,0,1,0,0,0,0,1,0,0,2.079441542,11,1,0,1,0,0,0
0.076781335,0.01483676,0,0,0,1,0,8.417151837,0.814524135,10,0,0,0,0,1,0,0,0,0,0,1,0,0,0,0,1,0,0,2.079441542,11,1,0,1,0,0,0
0.055366485,0.017686516,0,0,1,0,0,8.069342367,0.814524135,10,0,0,0,0,1,0,0,0,0,0,1,0,0,0,0,1,0,0,2.079441542,11,1,0,1,0,0,0
0.095067623,0.014307409,0,1,0,0,0,8.486527777,0.814524135,10,0,0,1,0,0,0,0,0,0,0,1,0,0,0,0,1,0,0,2.079441542,11,1,0,1,0,0,0
0.085110256,0.013629756,0,1,0,0,0,8.585225602,0.814524135,10,0,0,0,0,1,0,0,0,0,0,1,0,0,0,0,1,0,0,2.079441542,11,1,0,1,0,0,0
0.136918837,0.015415872,0,1,0,0,0,8.327726166,0.814524135,10,0,0,0,0,1,0,0,0,0,0,0,0,0,0,0,1,0,0,2.079441542,11,1,1,1,0,0,0
0.11565565,0.015458002,0,1,0,0,0,8.327726166,0.814524135,10,0,0,0,0,1,0,0,0,0,0,0,0,0,0,0,1,0,0,2.079441542,11,1,1,1,0,0,0
0.07239372,0.015521602,0,1,0,0,0,8.327726166,0.814524135,10,0,0,0,0,1,0,0,0,0,0,0,0,0,0,0,1,0,0,2.079441542,11,1,1,1,0,0,0
0.139738359,0.015409744,0,1,0,0,0,8.327726166,0.814524135,10,0,0,0,0,1,0,0,0,0,0,0,0,0,0,0,1,0,0,2.079441542,11,1,1,1,0,0,0
0.070327808,0.0339758,0,1,0,0,0,6.903747258,1.386294361,13,0,0,0,0,0,0,1,0,1,0,0,0,0,1,0,0,0,0,2.302585093,14,1,0,1,0,0.016,0
0.066081465,0.034025183,0,1,0,0,0,6.903747258,1.386294361,13,0,0,0,0,0,0,1,0,1,0,0,0,0,1,0,0,0,0,2.302585093,14,1,0,1,0,0.016,0
0.066294557,0.034124043,0,1,0,0,0,6.903747258,1.386294361,13,0,0,0,0,0,0,1,0,1,0,0,0,0,1,0,0,0,0,2.302585093,14,1,0,1,1,0.016,0
0.173496514,0.033582577,0,1,0,0,0,6.903747258,1.386294361,13,0,0,0,0,0,0,1,0,1,0,1,0,0,0,0,1,0,0,2.302585093,14,1,0,1,0,0.016,0
0.174835017,0.033672532,0,1,0,0,0,6.903747258,1.386294361,13,0,0,0,0,0,0,1,0,1,0,1,0,0,0,0,1,0,0,2.302585093,14,1,0,1,1,0.016,0
-0.061884778,0.031915185,1,0,0,0,0,6.896694332,0.398011002,0,0,0,0,0,0,1,0,0,0,0,0,1,0,0,0,0,1,0,2.772588722,0,0,0,1,0,0.029,0
-0.005230517,0.031976037,1,0,0,0,0,6.896694332,0.398011002,0,0,1,0,0,0,1,0,0,0,0,0,1,0,0,0,0,1,0,2.772588722,0,0,0,1,0,0.029,0
-0.082740954,0.031866829,1,0,0,0,0,6.896694332,0.398011002,0,0,0,0,0,0,1,0,0,0,0,0,1,0,0,0,0,1,0,2.772588722,0,0,0,1,0,0.029,0
-0.062300923,0.041730877,1,0,0,0,0,6.368187186,0.398011002,0,0,0,0,0,0,1,0,0,0,0,0,1,0,0,0,0,1,0,2.772588722,0,0,1,1,0,0.029,0
-0.068852632,0.036283337,1,0,0,0,0,6.642486801,0.398011002,0,0,0,0,0,0,1,0,0,0,0,0,1,0,0,0,0,1,0,2.772588722,0,0,1,1,0,0.029,0
-0.094162455,0.042032443,1,0,0,0,0,6.349138991,0.398011002,0,0,0,0,0,0,1,0,0,0,0,0,1,0,0,0,0,1,0,2.772588722,0,0,1,1,0,0.029,0
-0.077854207,0.036550501,1,0,0,0,0,6.626717749,0.398011002,0,0,0,0,0,0,1,0,0,0,0,0,1,0,0,0,0,1,0,2.772588722,0,0,1,1,0,0.029,0
-0.087086459,0.038343785,1,0,0,0,0,6.530877628,0.398011002,0,0,0,0,0,0,1,0,0,0,0,0,1,0,0,0,0,1,0,2.772588722,0,0,0,1,1,0.029,0
-0.082294564,0.040754334,1,0,0,0,0,6.411818268,0.398011002,0,0,0,0,0,0,1,0,0,0,0,0,1,0,0,0,0,1,0,2.772588722,0,0,0,1,1,0.029,0
-0.068771742,0.03247017,1,0,0,0,0,6.86171134,0.398011002,0,0,0,0,0,0,1,0,0,0,0,0,1,0,0,0,0,1,0,2.772588722,0,0,1,1,0,0.029,0
-0.067728342,0.032472493,1,0,0,0,0,6.86171134,0.398011002,0,0,0,0,0,0,1,0,0,0,0,0,1,0,0,0,0,1,0,2.772588722,0,0,1,1,0,0.029,0
-0.065038743,0.031908771,1,0,0,0,0,6.896694332,0.398011002,0,0,0,0,0,0,1,0,0,0,0,0,1,0,0,0,0,1,0,2.772588722,0,0,1,1,0,0.029,0
-0.061130029,0.041770433,1,0,0,0,0,6.368187186,0.398011002,0,0,0,0,0,0,1,0,0,0,0,0,1,0,0,0,0,1,0,2.772588722,0,0,1,1,0,0.029,0
-0.071794584,0.03629981,1,0,0,0,0,6.642486801,0.398011002,0,0,0,0,0,0,1,0,0,0,0,0,1,0,0,0,0,1,0,2.772588722,0,0,1,1,0,0.029,0
-0.084598508,0.038380476,1,0,0,0,0,6.530877628,0.398011002,0,0,0,0,0,0,1,0,0,0,0,0,1,0,0,0,0,1,0,2.772588722,0,0,1,1,1,0.029,0
-0.079453112,0.031891692,1,0,0,0,0,6.896694332,0.398011002,0,0,0,0,0,0,1,0,0,0,0,0,1,0,0,0,0,1,0,2.772588722,0,0,0,1,0,0.029,0
-0.096491346,0.03184355,1,0,0,0,0,6.896694332,0.398011002,0,0,0,0,0,0,1,0,0,0,0,0,1,0,0,0,0,1,0,2.772588722,0,0,0,1,0,0.029,0
-0.103672265,0.031820441,1,0,0,0,0,6.896694332,0.398011002,0,0,0,0,0,0,1,0,0,0,0,0,1,0,0,0,0,1,0,2.772588722,0,0,0,1,0,0.029,0
-0.10634438,0.031811415,1,0,0,0,0,6.896694332,0.398011002,0,0,0,0,0,0,1,0,0,0,0,0,1,0,0,0,0,1,0,2.772588722,0,0,0,1,0,0.029,0
-0.106266554,0.031811681,1,0,0,0,0,6.896694332,0.398011002,0,0,0,0,0,0,1,0,0,0,0,0,1,0,0,0,0,1,0,2.772588722,0,0,0,1,0,0.029,0
-0.05927759,0.031936576,1,0,0,0,0,6.896694332,0.398011002,0,0,0,0,0,0,1,0,0,0,0,0,1,0,0,0,0,1,0,2.772588722,0,0,0,1,0,0.029,0
0.000153485,0.03200922,1,0,0,0,0,6.896694332,0.398011002,0,0,1,0,0,0,1,0,0,0,0,0,1,0,0,0,0,1,0,2.772588722,0,0,0,1,0,0.029,0
-0.063533091,0.029648776,1,0,0,0,0,7.042286172,0.398011002,0,0,0,0,0,0,1,0,0,0,0,0,1,0,0,0,0,1,0,2.772588722,0,0,0,1,0,0.029,0
-0.0553514,0.02966325,1,0,0,0,0,7.042286172,0.398011002,0,0,0,0,0,0,1,0,0,0,0,0,1,0,0,0,0,1,0,2.772588722,0,0,0,1,0,0.029,0
-0.051502885,0.03280072,1,0,0,0,0,6.843749949,0.398011002,0,0,0,0,0,0,1,0,0,0,0,0,1,0,0,0,0,1,0,2.772588722,0,0,0,1,0,0.029,0
-0.052116959,0.032080971,1,0,0,0,0,6.887552572,0.398011002,0,0,0,0,0,0,1,0,0,0,0,0,1,0,0,0,0,1,0,2.772588722,0,0,0,1,0,0.029,0
-0.056624975,0.03723387,1,0,0,0,0,6.593044534,0.398011002,0,0,0,0,0,0,1,0,0,0,0,0,1,0,0,0,0,1,0,2.772588722,0,0,0,1,0,0.029,0
-0.064085524,0.031910743,1,0,0,0,0,6.896694332,0.398011002,0,0,0,0,0,0,1,0,0,0,0,0,1,0,0,0,0,1,0,2.772588722,0,0,0,1,0,0.029,0
-0.118934009,0.049707281,1,0,0,0,0,6.01615716,0.398011002,0,0,0,0,0,0,1,0,0,0,0,0,1,0,0,0,0,1,0,2.772588722,0,0,0,1,0,0.029,0
-0.069597832,0.031769264,1,0,0,0,0,6.90475077,0.398011002,0,0,0,0,0,0,1,0,0,0,0,0,1,0,0,0,0,1,0,2.772588722,0,0,0,1,0,0.029,0
-0.0684992,0.033090001,1,0,0,0,0,6.896694332,0.398011002,0,0,0,0,0,0,1,0,0,0,0,0,0,0,1,0,0,1,0,2.772588722,0,0,0,1,0,0.029,0
-0.06261793,0.03297609,1,0,0,0,0,6.831953566,0.398011002,0,0,0,0,0,0,1,0,0,0,0,0,1,0,0,0,0,1,0,2.772588722,0,0,0,1,0,0.029,0
-0.069799425,0.037099694,1,0,0,0,0,6.598509029,0.398011002,0,0,0,0,0,0,1,0,0,0,0,0,1,0,0,0,0,1,0,2.772588722,0,0,0,1,0,0.029,0
-0.068961414,0.038861732,1,0,0,0,0,6.507277712,0.398011002,0,0,0,0,0,0,1,0,0,1,0,0,1,0,0,0,0,1,0,2.772588722,0,0,0,1,0,0.029,0
-0.063443212,0.031944736,1,0,0,0,0,6.894670039,0.398011002,0,0,0,0,0,0,1,0,0,0,0,0,1,0,0,0,0,1,0,2.772588722,0,0,0,1,0,0.029,0
-0.02996477,0.021698627,1,0,0,0,0,7.66293785,0.527811466,9,0,0,0,0,0,1,0,0,0,0,0,1,0,0,0,0,0,0,3.688879454,0,1,0,0,0,0.26,0
-0.031429459,0.02169765,1,0,0,0,0,7.66293785,0.527811466,9,0,0,0,0,0,1,0,0,0,0,0,1,0,0,0,0,0,0,3.688879454,0,1,0,0,0,0.26,0
-0.031213831,0.021697797,1,0,0,0,0,7.66293785,0.527811466,9,0,0,0,0,0,1,0,0,0,0,0,0,0,0,0,0,0,0,3.688879454,0,1,0,0,0,0.26,0
-0.030136826,0.021698514,1,0,0,0,0,7.66293785,0.527811466,9,0,0,0,0,0,1,0,0,0,0,0,0,0,0,0,0,0,0,3.688879454,0,1,0,0,0,0.26,0
-0.029120708,0.021699168,1,0,0,0,0,7.66293785,0.527811466,9,0,0,0,0,0,1,0,0,0,0,0,1,0,0,0,0,0,0,3.688879454,0,1,1,0,0,0.26,0
-0.026858786,0.021845146,1,0,0,0,0,7.649692624,0.527811466,9,0,0,0,0,0,1,0,0,0,0,0,1,0,0,0,0,0,0,3.688879454,0,1,1,1,0,0.26,0
-0.09035079,0.022587698,0,0,0,1,0,7.5750717,0.527811466,9,0,0,0,0,0,1,0,0,0,0,0,1,0,0,0,1,0,0,3.663561646,0,1,0,0,0,0.26,0
-0.09035079,0.022587698,0,0,0,1,0,7.5750717,0.527811466,9,0,0,0,0,0,1,0,0,0,0,0,0,0,0,0,1,0,0,3.663561646,0,1,0,0,0,0.26,0
-0.080988889,0.022629248,0,0,0,1,0,7.574558484,0.527811466,9,0,0,0,0,0,1,0,0,0,0,0,1,0,0,0,1,0,0,3.663561646,0,1,1,1,0,0.26,0
-0.080988889,0.022629248,0,0,0,1,0,7.574558484,0.527811466,9,0,0,0,0,0,1,0,0,0,0,0,0,0,0,0,1,0,0,3.663561646,0,1,1,1,0,0.26,0
-0.010742756,0.022679152,0,0,0,0,0,7.5750717,0.527811466,9,0,0,0,0,0,1,0,0,0,0,0,1,0,0,0,1,0,0,3.663561646,0,1,0,0,0,0.26,0
-0.010742756,0.022679152,0,0,0,0,0,7.5750717,0.527811466,9,0,0,0,0,0,1,0,0,0,0,0,0,0,0,0,1,0,0,3.663561646,0,1,0,0,0,0.26,0
-0.000136223,0.02270383,0,0,0,0,0,7.574558484,0.527811466,9,0,0,0,0,0,1,0,0,0,0,0,1,0,0,0,1,0,0,3.663561646,0,1,1,1,0,0.26,0
-0.000136223,0.02270383,0,0,0,0,0,7.574558484,0.527811466,9,0,0,0,0,0,1,0,0,0,0,0,0,0,0,0,1,0,0,3.663561646,0,1,1,1,0,0.26,0
-0.5736193,0.018375945,0,0,0,1,0,7.597897951,0.527811466,9,0,0,0,0,0,1,0,0,0,1,0,0,0,0,0,1,0,0,3.663561646,0,1,0,1,0,0.26,0
-0.515604269,0.019265484,0,0,0,0,0,7.593374193,0.527811466,9,0,0,0,0,0,1,0,0,0,1,0,0,0,0,0,1,0,0,3.663561646,0,1,0,1,0,0.26,0
-0.032154399,0.026202569,1,0,0,0,0,7.285506549,0.527811466,9,0,0,0,0,0,1,0,0,1,0,0,1,0,0,0,0,0,0,3.688879454,0,1,0,0,0,0.26,0
-0.031656399,0.026202986,1,0,0,0,0,7.285506549,0.527811466,9,0,0,0,0,0,1,0,0,1,0,0,0,0,0,0,0,0,0,3.688879454,0,1,0,0,0,0.26,0
-0.105761482,0.027225728,0,0,0,1,0,7.199678346,0.527811466,9,0,0,0,0,0,1,0,0,1,0,0,1,0,0,0,1,0,0,3.663561646,0,1,0,1,0,0.26,0
-0.105761482,0.027225728,0,0,0,1,0,7.199678346,0.527811466,9,0,0,0,0,0,1,0,0,1,0,0,0,0,0,0,1,0,0,3.663561646,0,1,0,1,0,0.26,0
-0.084859958,0.027311251,0,0,0,1,0,7.199678346,0.527811466,9,0,0,0,0,0,1,0,0,1,0,0,1,0,0,0,1,0,0,3.663561646,0,1,1,1,0,0.26,0
-0.084859958,0.027311251,0,0,0,1,0,7.199678346,0.527811466,9,0,0,0,0,0,1,0,0,1,0,0,0,0,0,0,1,0,0,3.663561646,0,1,1,1,0,0.26,0
-0.004258961,0.027379036,0,0,0,0,0,7.199678346,0.527811466,9,0,0,0,0,0,1,0,0,1,0,0,1,0,0,0,1,0,0,3.663561646,0,1,0,1,0,0.26,0
-0.004258961,0.027379036,0,0,0,0,0,7.199678346,0.527811466,9,0,0,0,0,0,1,0,0,1,0,0,0,0,0,0,1,0,0,3.663561646,0,1,0,1,0,0.26,0
-0.013703774,0.027407548,0,0,0,0,0,7.199678346,0.527811466,9,0,0,0,0,0,1,0,0,1,0,0,1,0,0,0,1,0,0,3.663561646,0,1,1,1,0,0.26,0
-0.013703774,0.027407548,0,0,0,0,0,7.199678346,0.527811466,9,0,0,0,0,0,1,0,0,1,0,0,0,0,0,0,1,0,0,3.663561646,0,1,1,1,0,0.26,0
-0.538424677,0.022733486,0,0,0,1,0,7.230563153,0.527811466,9,0,0,0,0,0,1,0,0,1,1,0,0,0,0,0,1,0,0,3.663561646,0,1,0,1,0,0.26,0
-0.367720618,0.025337829,0,0,0,0,0,7.210818453,0.527811466,9,0,0,0,0,0,1,0,0,1,1,0,0,0,0,0,1,0,0,3.663561646,0,1,0,1,0,0.26,0
-0.033697908,0.038756313,1,0,0,0,0,6.50578406,0.527811466,9,0,0,0,0,0,1,0,0,0,0,0,1,0,0,0,0,0,0,3.688879454,0,1,0,0,0,0.26,0
-0.033220228,0.038756933,1,0,0,0,0,6.50578406,0.527811466,9,0,0,0,0,0,1,0,0,0,0,0,0,0,0,0,0,0,0,3.688879454,0,1,0,0,0,0.26,0
-0.050272083,0.040604375,0,0,0,1,0,6.413458957,0.527811466,9,0,0,0,0,0,1,0,0,0,0,0,1,0,0,0,1,0,0,3.663561646,0,1,0,1,0,0.26,0
-0.050272083,0.040604375,0,0,0,1,0,6.413458957,0.527811466,9,0,0,0,0,0,1,0,0,0,0,0,0,0,0,0,1,0,0,3.663561646,0,1,0,1,0,0.26,0
-0.092001186,0.040651687,0,0,0,1,0,6.408528791,0.527811466,9,0,0,0,0,0,1,0,0,0,0,0,1,0,0,0,1,0,0,3.663561646,0,1,0,1,0,0.26,0
-0.092001186,0.040651687,0,0,0,1,0,6.408528791,0.527811466,9,0,0,0,0,0,1,0,0,0,0,0,0,0,0,0,1,0,0,3.663561646,0,1,0,1,0,0.26,0
-0.060870588,0.040580392,0,0,0,0,0,6.413458957,0.527811466,9,0,0,0,0,0,1,0,0,0,0,0,1,0,0,0,1,0,0,3.663561646,0,1,0,1,0,0.26,0
-0.060870588,0.040580392,0,0,0,0,0,6.413458957,0.527811466,9,0,0,0,0,0,1,0,0,0,0,0,0,0,0,0,1,0,0,3.663561646,0,1,0,1,0,0.26,0
-0.025115047,0.040811952,0,0,0,0,0,6.408528791,0.527811466,9,0,0,0,0,0,1,0,0,0,0,0,1,0,0,0,1,0,0,3.663561646,0,1,0,1,0,0.26,0
-0.025115047,0.040811952,0,0,0,0,0,6.408528791,0.527811466,9,0,0,0,0,0,1,0,0,0,0,0,0,0,0,0,1,0,0,3.663561646,0,1,0,1,0,0.26,0
-0.159396161,0.040102856,0,0,0,1,0,6.418364936,0.527811466,9,0,0,0,0,0,1,0,0,0,1,0,0,0,0,0,1,0,0,3.663561646,0,1,0,1,0,0.26,0
-0.10783273,0.039798614,0,0,0,0,0,6.447305863,0.527811466,9,0,0,0,0,0,1,0,0,0,1,0,0,0,0,0,1,0,0,3.663561646,0,1,0,1,0,0.26,0
-0.028153455,0.00736038,0,0,0,0,0,9.822494393,2.63905733,13,0,0,0,0,0,0,0,1,0,0,0,0,0,0,1,1,0,0,2.833213344,11.5,1,0,0,0,0.122,0
-0.032395591,0.009967874,0,0,0,0,0,9.215725844,2.63905733,13,0,0,0,0,0,0,0,1,0,0,0,0,0,0,1,1,0,0,2.833213344,11.5,1,0,0,0,0.122,0
-0.025947542,0.008108607,0,0,0,0,0,9.628984915,2.63905733,13,0,0,0,0,0,0,0,1,0,0,0,0,0,0,1,1,0,0,2.833213344,11.5,1,0,0,0,0.122,1
-0.030989841,0.008761315,0,0,0,0,0,9.527338499,2.63905733,13,0,0,0,0,0,0,0,1,0,0,0,0,0,0,1,1,0,0,2.833213344,11.5,1,0,0,0,0.122,0
0.032072413,0.008761015,0,0,0,0,0,9.527338499,2.63905733,13,0,0,0,0,0,0,0,1,0,0,0,0,0,0,1,1,0,0,2.833213344,11.5,1,0,0,0,0.122,0
0.005697499,0.008765382,0,0,0,0,0,9.527338499,2.63905733,13,0,0,0,0,0,0,0,1,0,0,0,0,0,0,1,1,0,0,2.833213344,11.5,1,0,0,0,0.122,0
0.008032726,0.008765242,0,0,0,0,0,9.527338499,2.63905733,13,0,0,0,0,0,0,0,1,0,0,0,0,0,0,1,1,0,0,2.833213344,11.5,1,0,0,0,0.122,0
-0.024670404,0.008762857,0,0,0,0,0,9.527338499,2.63905733,13,0,0,0,0,0,0,0,1,0,0,0,0,0,0,1,1,0,0,2.833213344,11.5,1,0,0,0,0.122,0
0.024743193,0.008762841,0,0,0,0,0,9.527338499,2.63905733,13,0,0,0,0,0,0,0,1,0,0,0,0,0,0,1,1,0,0,2.833213344,11.5,1,0,0,0,0.122,0
-0.010001514,0.008765086,0,0,0,0,0,9.527338499,2.63905733,13,0,0,0,0,0,0,0,1,0,0,0,0,0,0,1,1,0,0,2.833213344,11.5,1,0,0,0,0.122,0
0.009861446,0.008765098,0,0,0,0,0,9.527338499,2.63905733,13,0,0,0,0,0,0,0,1,0,0,0,0,0,0,1,1,0,0,2.833213344,11.5,1,0,0,0,0.122,0
-0.037308915,0.008759422,0,0,0,0,0,9.527338499,2.63905733,13,0,0,0,0,0,0,0,1,0,0,0,0,0,0,1,1,0,0,2.833213344,11.5,1,0,0,0,0.122,0
-0.032208254,0.008760977,0,0,0,0,0,9.527338499,2.63905733,13,0,0,0,0,0,0,0,1,0,0,0,0,0,0,1,1,0,0,2.833213344,11.5,1,0,0,0,0.122,0
-0.019853686,0.008583659,0,0,0,0,0,9.566755282,2.63905733,13,0,0,0,0,0,0,0,1,0,0,0,0,0,0,1,1,0,0,2.833213344,11.5,1,0,0,0,0.122,0
-0.025785074,0.010183209,0,0,0,0,0,9.245224774,2.63905733,13,0,0,0,0,0,0,0,1,0,0,0,0,0,0,1,1,0,0,2.833213344,11.5,1,0,0,0,0.122,0
-0.035204139,0.008919838,0,0,0,0,0,9.493336482,2.63905733,13,0,0,0,0,0,0,0,1,0,0,0,0,0,0,1,1,0,0,2.833213344,11.5,1,0,0,0,0.122,0
-0.030136368,0.008921316,0,0,0,0,0,9.493336482,2.63905733,13,0,0,0,0,0,0,0,1,0,0,0,0,0,0,1,1,0,0,2.833213344,11.5,1,0,0,0,0.122,0
-0.03820199,0.00904289,0,0,0,0,0,9.467228129,2.63905733,13,0,0,0,0,0,0,0,1,0,0,0,0,0,0,1,1,0,0,2.833213344,11.5,1,0,0,0,0.122,0
-0.032459929,0.009044727,0,0,0,0,0,9.467228129,2.63905733,13,0,0,0,0,0,0,0,1,0,0,0,0,0,0,1,1,0,0,2.833213344,11.5,1,0,0,0,0.122,0
-0.019095719,0.008735114,0,0,0,0,0,9.533799736,2.63905733,13,0,0,0,0,0,0,0,1,0,0,0,0,0,0,1,1,0,0,2.833213344,11.5,1,0,0,0,0.122,0
-0.164992847,0.023202119,1,0,0,0,0,7.50659178,1.039720771,12,0,0,0,1,0,0,0,0,0,0,0,1,0,0,0,0,1,0,2.564949357,11,1,1,1,0,0.175,0
-0.075062909,0.025518405,0,0,0,0,0,7.339537695,1.039720771,12,0,0,0,1,0,0,0,0,0,0,0,0,0,0,0,0,1,0,2.564949357,11,1,1,1,0,0.175,0
-0.146226999,0.023284554,1,0,0,0,0,7.505492275,1.039720771,12,0,0,1,0,0,0,0,0,0,0,0,1,0,0,0,0,1,0,2.564949357,11,1,1,1,0,0.175,0
-0.055790793,0.025567492,0,0,0,0,0,7.33823815,1.039720771,12,0,0,1,0,0,0,0,0,0,0,0,0,0,0,0,0,1,0,2.564949357,11,1,1,1,0,0.175,0
-0.16872794,0.023200092,1,0,0,0,0,7.505492275,1.039720771,12,0,0,1,0,0,0,0,0,0,0,0,1,0,0,0,0,1,0,2.564949357,11,1,1,1,0,0.175,0
-0.093992887,0.025494009,0,0,0,0,0,7.33823815,1.039720771,12,0,0,1,0,0,0,0,0,0,0,0,0,0,0,0,0,1,0,2.564949357,11,1,1,1,0,0.175,0
-0.024304491,0.043424393,0,0,1,0,0,6.28785856,0,13,0,1,1,0,0,0,0,0,1,0,0,0,0,0,0,0,0,0,2.302585093,17,1,0,1,0,0.005,0
0.908195155,0.02035045,0,0,1,0,0,6.06610809,0,13,0,1,1,0,0,0,0,0,1,0,0,0,0,0,0,0,0,0,2.302585093,17,1,0,1,0,0.005,0
-0.08040162,0.043053585,0,0,1,0,0,6.298949247,0,13,0,1,1,0,0,0,0,0,1,0,0,0,0,0,0,0,0,0,2.302585093,17,1,0,1,0,0.005,0
0.853742348,0.025437649,0,0,1,0,0,6.056784013,0,13,0,1,1,0,0,0,0,0,1,0,0,0,0,0,0,0,0,0,2.302585093,17,1,0,1,0,0.005,0
0.008146038,0.045173896,0,0,1,0,0,6.210600077,0,13,0,1,1,0,0,0,0,0,1,0,0,0,0,0,0,0,0,0,2.302585093,17,1,0,1,0,0.005,0
0.006463495,0.050897597,0,0,1,0,0,5.976350909,0,13,0,1,1,0,0,0,0,0,1,0,0,0,0,0,0,0,0,0,2.302585093,17,1,0,1,0,0.005,0
-0.395609468,0.037842789,0,1,0,0,0,6.390240667,0,13,0,1,1,0,0,0,0,0,1,0,0,0,0,0,0,0,0,0,2.302585093,17,1,0,1,0,0.005,0
-0.002954698,0.046777823,0,1,0,0,0,6.139884552,0,13,0,1,1,0,0,0,0,0,1,0,0,0,0,0,0,0,0,0,2.302585093,17,1,0,1,0,0.005,0
-0.058805541,0.050744888,0,0,1,0,0,5.978885765,0,13,0,1,1,0,0,0,0,0,1,0,0,0,0,0,0,0,0,0,2.079441542,18,1,0,1,0,0.005,0
0.208114857,0.056098134,0,0,1,0,0,5.743003188,0,13,0,1,1,0,0,0,0,0,1,0,0,0,0,0,0,0,0,0,2.079441542,18,1,0,1,0,0.005,0
-0.033172059,0.050804881,0,0,1,0,0,5.978885765,0,13,0,1,1,0,0,0,0,0,1,0,0,0,0,0,0,0,0,0,2.079441542,18,1,0,1,0,0.005,0
0.247983523,0.05556244,0,0,1,0,0,5.743003188,0,13,0,1,1,0,0,0,0,0,1,0,0,0,0,0,0,0,0,0,2.079441542,18,1,0,1,0,0.005,0
0.02356739,0.051694407,0,0,1,0,0,5.945420609,0,13,0,1,1,0,0,0,0,0,1,0,0,0,0,0,0,0,0,0,2.079441542,18,1,0,1,0,0.005,0
-0.00148135,0.05842056,0,0,1,0,0,5.707110265,0,13,0,1,1,0,0,0,0,0,1,0,0,0,0,0,0,0,0,0,2.079441542,18,1,0,1,0,0.005,0
-0.149518615,0.052927051,0,1,0,0,0,5.874930731,0,13,0,1,1,0,0,0,0,0,1,0,0,0,0,0,0,0,0,0,2.079441542,18,1,0,1,0,0.005,0
-0.001601197,0.055131714,0,1,0,0,0,5.81711116,0,13,0,1,1,0,0,0,0,0,1,0,0,0,0,0,0,0,0,0,2.079441542,18,1,0,1,0,0.005,0
0.027318612,0.008429743,0,1,0,0,0,9.55180015,0.98781093,10,0,0,1,0,0,0,0,1,0,0,0,0,0,0,1,1,0,0,2.397895273,11.5,1,0,0,0,0.446,0
-0.110590811,0.008381163,0,1,0,0,0,9.55180015,0.98781093,10,0,0,0,0,0,0,1,1,0,0,0,0,0,0,1,1,0,0,2.397895273,11.5,1,0,0,0,0.446,0
0.066133345,0.008414429,0,1,0,0,0,9.55180015,0.98781093,10,0,0,0,0,0,0,1,1,0,0,0,0,0,0,1,1,0,0,2.397895273,11.5,1,0,0,0,0.446,0
0.034619248,0.008429034,0,1,0,0,0,9.55180015,0.98781093,10,0,0,1,0,0,0,0,1,0,0,0,0,0,0,1,1,0,0,2.397895273,11.5,1,0,0,0,0.446,0
-0.053005919,0.008422233,0,1,0,0,0,9.55180015,0.98781093,10,0,0,0,0,0,0,1,1,0,0,0,0,0,0,1,1,0,0,2.397895273,11.5,1,0,0,0,0.446,0
0.014578858,0.008433194,0,1,0,0,0,9.55180015,0.98781093,10,0,0,0,0,0,0,1,1,0,0,0,0,0,0,1,1,0,0,2.397895273,11.5,1,0,0,0,0.446,0
0.020018597,0.008443218,0,1,0,0,0,9.55180015,0.98781093,10,0,0,1,0,0,0,0,1,0,0,0,0,1,0,0,1,0,0,2.397895273,11.5,1,0,0,0,0.446,0
-0.084687991,0.008414572,0,1,0,0,0,9.55180015,0.98781093,10,0,0,0,0,0,0,1,1,0,0,0,0,1,0,0,1,0,0,2.397895273,11.5,1,0,0,0,0.446,0
0.07443875,0.00842148,0,1,0,0,0,9.55180015,0.98781093,10,0,0,0,0,0,0,1,1,0,0,0,0,1,0,0,1,0,0,2.397895273,11.5,1,0,0,0,0.446,0
0.014851874,0.008445183,0,1,0,0,0,9.55180015,0.98781093,10,0,0,1,0,0,0,0,1,0,0,0,0,1,0,0,1,0,0,2.397895273,11.5,1,0,0,0,0.446,0
-0.067328442,0.008426949,0,1,0,0,0,9.55180015,0.98781093,10,0,0,0,0,0,0,1,1,0,0,0,0,1,0,0,1,0,0,2.397895273,11.5,1,0,0,0,0.446,0
0.057403653,0.008432187,0,1,0,0,0,9.55180015,0.98781093,10,0,0,0,0,0,0,1,1,0,0,0,0,1,0,0,1,0,0,2.397895273,11.5,1,0,0,0,0.446,0
0.055103453,0.009261085,0,1,0,0,0,9.55180015,0.98781093,10,0,0,1,0,0,0,0,1,0,0,0,0,1,0,0,1,0,0,2.397895273,11.5,1,0,0,0,0.446,0
-0.214665857,0.00905895,0,1,0,0,0,9.55180015,0.98781093,10,0,0,0,0,0,0,1,1,0,0,0,0,1,0,0,1,0,0,2.397895273,11.5,1,0,0,0,0.446,0
0.196960688,0.009093489,0,1,0,0,0,9.55180015,0.98781093,10,0,0,0,0,0,0,1,1,0,0,0,0,1,0,0,1,0,0,2.397895273,11.5,1,0,0,0,0.446,0
0.049699637,0.008423667,0,1,0,0,0,9.55180015,0.98781093,10,0,0,1,0,0,0,0,1,0,0,0,0,0,0,1,1,0,0,2.397895273,11.5,1,0,0,0,0.446,0
-0.062591556,0.008417553,0,1,0,0,0,9.55180015,0.98781093,10,0,0,0,0,0,0,1,1,0,0,0,0,0,0,1,1,0,0,2.397895273,11.5,1,0,0,0,0.446,0
0.018066254,0.008432713,0,1,0,0,0,9.55180015,0.98781093,10,0,0,0,0,0,0,1,1,0,0,0,0,0,0,1,1,0,0,2.397895273,11.5,1,0,0,0,0.446,0
0.029634565,0.008442405,0,1,0,0,0,9.55180015,0.98781093,10,0,0,1,0,0,0,0,1,0,0,0,0,1,0,0,1,0,0,2.397895273,11.5,1,0,0,0,0.446,0
-0.074214516,0.008422823,0,1,0,0,0,9.55180015,0.98781093,10,0,0,0,0,0,0,1,1,0,0,0,0,1,0,0,1,0,0,2.397895273,11.5,1,0,0,0,0.446,0
0.066348289,0.008427504,0,1,0,0,0,9.55180015,0.98781093,10,0,0,0,0,0,0,1,1,0,0,0,0,1,0,0,1,0,0,2.397895273,11.5,1,0,0,0,0.446,0
0.057872696,0.009259631,0,1,0,0,0,9.55180015,0.98781093,10,0,0,1,0,0,0,0,1,0,0,0,0,1,0,0,1,0,0,2.397895273,11.5,1,0,0,0,0.446,0
-0.258647296,0.00895956,0,1,0,0,0,9.55180015,0.98781093,10,0,0,0,0,0,0,1,1,0,0,0,0,1,0,0,1,0,0,2.397895273,11.5,1,0,0,0,0.446,0
0.233434642,0.009018927,0,1,0,0,0,9.55180015,0.98781093,10,0,0,0,0,0,0,1,1,0,0,0,0,1,0,0,1,0,0,2.397895273,11.5,1,0,0,0,0.446,0
-0.033713585,0.008428396,0,0,0,0,0,9.55180015,0.98781093,10,0,0,1,0,0,0,0,1,0,0,0,0,0,0,1,1,0,0,2.397895273,11.5,1,0,0,0,0.446,0
-0.01447546,0.008432307,0,0,0,0,0,9.55180015,0.98781093,10,0,0,0,0,0,0,1,1,0,0,0,0,0,0,1,1,0,0,2.397895273,11.5,1,0,0,0,0.446,0
-0.002507157,0.008433164,0,0,0,0,0,9.55180015,0.98781093,10,0,0,0,0,0,0,1,1,0,0,0,0,0,0,1,1,0,0,2.397895273,11.5,1,0,0,0,0.446,0
-0.019804306,0.008431536,0,0,0,0,0,9.55180015,0.98781093,10,0,0,1,0,0,0,0,1,0,0,0,0,0,0,1,1,0,0,2.397895273,11.5,1,0,0,0,0.446,0
-0.022079407,0.008431134,0,0,0,0,0,9.55180015,0.98781093,10,0,0,0,0,0,0,1,1,0,0,0,0,0,0,1,1,0,0,2.397895273,11.5,1,0,0,0,0.446,0
0.007666311,0.008432942,0,0,0,0,0,9.55180015,0.98781093,10,0,0,0,0,0,0,1,1,0,0,0,0,0,0,1,1,0,0,2.397895273,11.5,1,0,0,0,0.446,0
-0.007173057,0.006940919,1,0,0,0,0,9.94227548,0.922219864,10,0,0,1,0,0,0,0,0,1,0,0,0,0,1,0,1,0,0,1.945910149,11.5,1,0,0,0,0.174,0
-0.005783791,0.007184834,1,0,0,0,0,9.873286044,0.922219864,10,0,0,1,0,0,0,0,0,1,0,0,0,0,1,0,1,0,0,1.945910149,11.5,1,0,0,0,0.174,0
-0.005588399,0.007392501,1,0,0,0,0,9.816348895,0.922219864,10,0,0,1,0,0,0,0,0,1,0,0,0,0,1,0,1,0,0,1.945910149,11.5,1,0,0,0,0.174,0
-0.005775905,0.007595711,1,0,0,0,0,9.762096784,0.922219864,10,0,0,1,0,0,0,0,0,1,0,0,0,0,1,0,1,0,0,1.791759469,12,1,0,0,0,0.174,0
-0.007853303,0.006941051,1,0,0,0,0,9.94227548,0.922219864,10,0,0,1,0,0,0,0,0,1,0,0,0,0,1,0,1,0,0,1.945910149,11.5,1,0,0,0,0.174,0
-0.006208925,0.007185001,1,0,0,0,0,9.873286044,0.922219864,10,0,0,1,0,0,0,0,0,1,0,0,0,0,1,0,1,0,0,1.945910149,11.5,1,0,0,0,0.174,0
-0.006063176,0.007392683,1,0,0,0,0,9.816348895,0.922219864,10,0,0,1,0,0,0,0,0,1,0,0,0,0,1,0,1,0,0,1.945910149,11.5,1,0,0,0,0.174,0
-0.00608093,0.007595916,1,0,0,0,0,9.762096784,0.922219864,10,0,0,1,0,0,0,0,0,1,0,0,0,0,1,0,1,0,0,1.791759469,12,1,0,0,0,0.174,0
-0.007126969,0.006941089,1,0,0,0,0,9.94227548,0.922219864,10,0,0,1,0,0,0,0,0,1,0,0,0,0,1,0,1,0,0,1.945910149,11.5,1,0,0,0,0.174,0
-0.005763397,0.00718502,1,0,0,0,0,9.873286044,0.922219864,10,0,0,1,0,0,0,0,0,1,0,0,0,0,1,0,1,0,0,1.945910149,11.5,1,0,0,0,0.174,0
-0.005594478,0.007392703,1,0,0,0,0,9.816348895,0.922219864,10,0,0,1,0,0,0,0,0,1,0,0,0,0,1,0,1,0,0,1.945910149,11.5,1,0,0,0,0.174,0
-0.005760914,0.00759593,1,0,0,0,0,9.762096784,0.922219864,10,0,0,1,0,0,0,0,0,1,0,0,0,0,1,0,1,0,0,1.791759469,12,1,0,0,0,0.174,0
-0.007106139,0.00694109,1,0,0,0,0,9.94227548,0.922219864,10,0,0,1,0,0,0,0,0,1,0,0,0,0,1,0,1,0,0,1.945910149,11.5,1,0,0,0,0.174,0
-0.005735412,0.007185021,1,0,0,0,0,9.873286044,0.922219864,10,0,0,1,0,0,0,0,0,1,0,0,0,0,1,0,1,0,0,1.945910149,11.5,1,0,0,0,0.174,0
-0.00556433,0.007392704,1,0,0,0,0,9.816348895,0.922219864,10,0,0,1,0,0,0,0,0,1,0,0,0,0,1,0,1,0,0,1.945910149,11.5,1,0,0,0,0.174,0
-0.005731828,0.007595932,1,0,0,0,0,9.762096784,0.922219864,10,0,0,1,0,0,0,0,0,1,0,0,0,0,1,0,1,0,0,1.791759469,12,1,0,0,0,0.174,0
-0.008092995,0.006940703,1,0,0,0,0,9.94227548,0.922219864,10,0,0,0,0,0,0,1,0,1,0,0,0,0,1,0,1,0,0,1.945910149,11.5,1,0,0,0,0.174,0
-0.007956287,0.007184541,1,0,0,0,0,9.873286044,0.922219864,10,0,0,0,0,0,0,1,0,1,0,0,0,0,1,0,1,0,0,1.945910149,11.5,1,0,0,0,0.174,0
-0.007534289,0.007392205,1,0,0,0,0,9.816348895,0.922219864,10,0,0,0,0,0,0,1,0,1,0,0,0,0,1,0,1,0,0,1.945910149,11.5,1,0,0,0,0.174,0
-0.007342233,0.007595414,1,0,0,0,0,9.762096784,0.922219864,10,0,0,0,0,0,0,1,0,1,0,0,0,0,1,0,1,0,0,1.791759469,12,1,0,0,0,0.174,0
-0.005546499,0.006940824,1,0,0,0,0,9.94227548,0.922219864,10,0,0,0,0,0,1,0,0,1,0,0,0,0,1,0,1,0,0,1.945910149,11.5,1,0,0,0,0.174,0
-0.005009781,0.007184678,1,0,0,0,0,9.873286044,0.922219864,10,0,0,0,0,0,1,0,0,1,0,0,0,0,1,0,1,0,0,1.945910149,11.5,1,0,0,0,0.174,0
-0.004725617,0.007392332,1,0,0,0,0,9.816348895,0.922219864,10,0,0,0,0,0,1,0,0,1,0,0,0,0,1,0,1,0,0,1.945910149,11.5,1,0,0,0,0.174,0
-0.004675474,0.007595535,1,0,0,0,0,9.762096784,0.922219864,10,0,0,0,0,0,1,0,0,1,0,0,0,0,1,0,1,0,0,1.791759469,12,1,0,0,0,0.174,0
-0.000513809,0.00694093,1,0,0,0,0,9.94227548,0.922219864,10,0,0,1,0,0,0,0,0,1,0,0,0,0,1,0,1,0,0,1.945910149,11.5,1,0,0,0,0.174,0
-0.000452169,0.007184768,1,0,0,0,0,9.873286044,0.922219864,10,0,0,1,0,0,0,0,0,1,0,0,0,0,1,0,1,0,0,1.945910149,11.5,1,0,0,0,0.174,0
-0.000446094,0.007392414,1,0,0,0,0,9.816348895,0.922219864,10,0,0,1,0,0,0,0,0,1,0,0,0,0,1,0,1,0,0,1.945910149,11.5,1,0,0,0,0.174,0
-0.000453032,0.007595618,1,0,0,0,0,9.762096784,0.922219864,10,0,0,1,0,0,0,0,0,1,0,0,0,0,1,0,1,0,0,1.791759469,12,1,0,0,0,0.174,0
-0.002518619,0.006941076,0,0,0,0,0,9.94227548,0.922219864,10,0,0,1,0,0,0,0,0,1,0,0,0,0,1,0,1,0,0,1.945910149,11.5,1,0,0,0,0.174,1
-0.002734112,0.007184927,0,0,0,0,0,9.873286044,0.922219864,10,0,0,1,0,0,0,0,0,1,0,0,0,0,1,0,1,0,0,1.945910149,11.5,1,0,0,0,0.174,1
-0.002983014,0.007392584,0,0,0,0,0,9.816348895,0.922219864,10,0,0,1,0,0,0,0,0,1,0,0,0,0,1,0,1,0,0,1.945910149,11.5,1,0,0,0,0.174,1
-0.002935367,0.007595805,0,0,0,0,0,9.762096784,0.922219864,10,0,0,1,0,0,0,0,0,1,0,0,0,0,1,0,1,0,0,1.791759469,12,1,0,0,0,0.174,1
-0.003603037,0.006941053,0,0,0,0,0,9.94227548,0.922219864,10,0,0,1,0,0,0,0,0,1,0,0,0,0,1,0,1,0,0,1.945910149,11.5,1,0,0,0,0.174,1
-0.003972138,0.007184897,0,0,0,0,0,9.873286044,0.922219864,10,0,0,1,0,0,0,0,0,1,0,0,0,0,1,0,1,0,0,1.945910149,11.5,1,0,0,0,0.174,1
-0.004138688,0.007392553,0,0,0,0,0,9.816348895,0.922219864,10,0,0,1,0,0,0,0,0,1,0,0,0,0,1,0,1,0,0,1.945910149,11.5,1,0,0,0,0.174,1
-0.004400614,0.007595764,0,0,0,0,0,9.762096784,0.922219864,10,0,0,1,0,0,0,0,0,1,0,0,0,0,1,0,1,0,0,1.791759469,12,1,0,0,0,0.174,1
-0.007119303,0.006940755,1,0,0,0,0,9.94227548,0.922219864,10,0,0,1,0,0,0,0,0,1,0,0,0,0,1,0,1,0,0,1.945910149,11.5,1,0,0,0,0.174,0
-0.005831793,0.007184646,1,0,0,0,0,9.873286044,0.922219864,10,0,0,1,0,0,0,0,0,1,0,0,0,0,1,0,1,0,0,1.945910149,11.5,1,0,0,0,0.174,0
-0.005684076,0.007392295,1,0,0,0,0,9.816348895,0.922219864,10,0,0,1,0,0,0,0,0,1,0,0,0,0,1,0,1,0,0,1.945910149,11.5,1,0,0,0,0.174,0
-0.005776249,0.007595492,1,0,0,0,0,9.762096784,0.922219864,10,0,0,1,0,0,0,0,0,1,0,0,0,0,1,0,1,0,0,1.791759469,12,1,0,0,0,0.174,0
-0.007053246,0.006940758,1,0,0,0,0,9.94227548,0.922219864,10,0,0,1,0,0,0,0,0,1,0,0,0,0,1,0,1,0,0,1.945910149,11.5,1,0,0,0,0.174,0
-0.005758316,0.007184649,1,0,0,0,0,9.873286044,0.922219864,10,0,0,1,0,0,0,0,0,1,0,0,0,0,1,0,1,0,0,1.945910149,11.5,1,0,0,0,0.174,0
-0.005539186,0.007392301,1,0,0,0,0,9.816348895,0.922219864,10,0,0,1,0,0,0,0,0,1,0,0,0,0,1,0,1,0,0,1.945910149,11.5,1,0,0,0,0.174,0
-0.005758258,0.007595492,1,0,0,0,0,9.762096784,0.922219864,10,0,0,1,0,0,0,0,0,1,0,0,0,0,1,0,1,0,0,1.791759469,12,1,0,0,0,0.174,0
-0.0071471,0.006940753,1,0,0,0,0,9.94227548,0.922219864,10,0,0,1,0,0,0,0,0,1,0,0,0,0,1,0,1,0,0,1.945910149,11.5,1,0,0,0,0.174,0
-0.005736965,0.00718465,1,0,0,0,0,9.873286044,0.922219864,10,0,0,1,0,0,0,0,0,1,0,0,0,0,1,0,1,0,0,1.945910149,11.5,1,0,0,0,0.174,0
-0.005541677,0.007392301,1,0,0,0,0,9.816348895,0.922219864,10,0,0,1,0,0,0,0,0,1,0,0,0,0,1,0,1,0,0,1.945910149,11.5,1,0,0,0,0.174,0
-0.005735624,0.007595493,1,0,0,0,0,9.762096784,0.922219864,10,0,0,1,0,0,0,0,0,1,0,0,0,0,1,0,1,0,0,1.791759469,12,1,0,0,0,0.174,0
-0.007368046,0.006940742,1,0,0,0,0,9.94227548,0.922219864,10,0,0,1,0,0,0,0,0,1,0,0,0,0,1,0,1,0,0,1.945910149,11.5,1,0,0,0,0.174,0
-0.005961953,0.007184641,1,0,0,0,0,9.873286044,0.922219864,10,0,0,1,0,0,0,0,0,1,0,0,0,0,1,0,1,0,0,1.945910149,11.5,1,0,0,0,0.174,0
-0.005735285,0.007392293,1,0,0,0,0,9.816348895,0.922219864,10,0,0,1,0,0,0,0,0,1,0,0,0,0,1,0,1,0,0,1.945910149,11.5,1,0,0,0,0.174,0
-0.005926969,0.007595485,1,0,0,0,0,9.762096784,0.922219864,10,0,0,1,0,0,0,0,0,1,0,0,0,0,1,0,1,0,0,1.791759469,12,1,0,0,0,0.174,0
-0.012460873,0.009823482,1,0,0,0,0,9.249176396,0.922219864,10,0,0,1,0,0,0,0,0,1,0,0,0,0,1,0,1,0,0,1.945910149,11.5,1,0,0,0,0.174,0
-0.009908795,0.010169226,1,0,0,0,0,9.180190395,0.922219864,10,0,0,1,0,0,0,0,0,1,0,0,0,0,1,0,1,0,0,1.945910149,11.5,1,0,0,0,0.174,0
-0.010065632,0.010463362,1,0,0,0,0,9.123256265,0.922219864,10,0,0,1,0,0,0,0,0,1,0,0,0,0,1,0,1,0,0,1.945910149,11.5,1,0,0,0,0.174,0
-0.010098164,0.010750897,1,0,0,0,0,9.069007196,0.922219864,10,0,0,1,0,0,0,0,0,1,0,0,0,0,1,0,1,0,0,1.791759469,12,1,0,0,0,0.174,0
-0.001699067,0.006941255,1,0,0,0,0,9.94227548,0.922219864,10,0,0,1,0,0,0,0,0,1,0,0,0,0,1,0,1,0,0,1.945910149,11.5,1,0,0,0,0.174,0
-0.00176987,0.007185128,1,0,0,0,0,9.873286044,0.922219864,10,0,0,1,0,0,0,0,0,1,0,0,0,0,1,0,1,0,0,1.945910149,11.5,1,0,0,0,0.174,0
-0.003206398,0.007392781,1,0,0,0,0,9.816348895,0.922219864,10,0,0,1,0,0,0,0,0,1,0,0,0,0,1,0,1,0,0,1.945910149,11.5,1,0,0,0,0.174,0
-0.007397272,0.007595849,1,0,0,0,0,9.762096784,0.922219864,10,0,0,1,0,0,0,0,0,1,0,0,0,0,1,0,1,0,0,1.791759469,12,1,0,0,0,0.174,0
-0.005738255,0.00787291,1,0,0,0,0,9.690479958,0.922219864,10,0,0,1,0,0,0,0,0,1,0,0,0,0,1,0,1,0,0,1.791759469,12,1,0,0,0,0.174,0
-0.006022311,0.00818284,1,0,0,0,0,9.613335766,0.922219864,10,0,0,1,0,0,0,0,0,1,0,0,0,0,1,0,1,0,0,1.791759469,12,1,0,0,0,0.174,0
-0.006328281,0.008532513,1,0,0,0,0,9.529739111,0.922219864,10,0,0,1,0,0,0,0,0,1,0,0,0,0,1,0,1,0,0,1.791759469,12,1,0,0,0,0.174,0
-0.006722567,0.008930862,1,0,0,0,0,9.438511265,0.922219864,10,0,0,1,0,0,0,0,0,1,0,0,0,0,1,0,1,0,0,1.609437912,12.5,1,0,0,0,0.174,0
0.017409325,0.003294935,0,1,0,0,0,11.51233529,0,13,0,0,0,0,0,0,0,1,0,0,0,0,1,0,0,1,0,0,3.401197382,0,0,0,0,0,0,0
0.009675949,0.003296049,0,1,0,0,0,11.51198502,0,13,0,0,0,0,0,0,0,1,0,0,0,0,1,0,0,1,0,0,3.401197382,0,0,0,1,0,0,0
-0.003366039,0.003296185,0,1,0,0,0,11.51198502,0,13,0,0,0,0,0,0,1,1,0,0,0,0,1,0,0,1,0,0,3.401197382,0,0,0,1,0,0,0
0.00595635,0.003296145,0,1,0,0,0,11.51198502,0,13,0,0,0,0,0,0,0,1,0,0,0,0,1,0,0,1,0,0,3.401197382,0,0,0,1,0,0,0
-0.004051778,0.003296177,0,1,0,0,0,11.51198502,0,13,0,0,0,0,0,0,1,1,0,0,0,0,1,0,0,1,0,0,3.401197382,0,0,0,1,0,0,0
0.0123082,0.003295954,0,1,0,0,0,11.51198502,0,13,0,0,0,0,0,0,0,1,0,0,0,0,1,0,0,1,0,0,3.401197382,0,0,0,1,0,0,0
-0.004547939,0.00329617,0,1,0,0,0,11.51198502,0,13,0,0,0,0,0,0,1,1,0,0,0,0,1,0,0,1,0,0,3.401197382,0,0,0,1,0,0,0
0.006888633,0.003296126,0,1,0,0,0,11.51198502,0,13,0,0,0,0,0,0,0,1,0,0,0,0,1,0,0,1,0,0,3.401197382,0,0,0,1,0,0,0
-0.004254563,0.003296174,0,1,0,0,0,11.51198502,0,13,0,0,0,0,0,0,1,1,0,0,0,0,1,0,0,1,0,0,3.401197382,0,0,0,1,0,0,0
0.013407222,0.003295908,0,1,0,0,0,11.51198502,0,13,0,0,0,0,0,0,0,1,0,0,0,0,1,0,0,1,0,0,3.401197382,0,0,0,1,0,0,0
-0.004913538,0.003296164,0,1,0,0,0,11.51198502,0,13,0,0,0,0,0,0,1,1,0,0,0,0,1,0,0,1,0,0,3.401197382,0,0,0,1,0,0,0
0.009350517,0.003301193,0,1,0,0,0,11.51192496,0,13,0,0,0,0,0,0,0,1,0,0,0,0,1,0,0,1,0,0,3.401197382,0,0,0,1,0,0,0
0.009309572,0.003301194,0,1,0,0,0,11.51192496,0,13,0,0,0,0,0,0,0,1,0,0,0,0,1,0,0,1,0,0,3.401197382,0,0,0,1,0,0,0
0.008753002,0.003301211,0,1,0,0,0,11.51192496,0,13,0,0,0,0,0,0,0,1,0,0,0,0,1,0,0,1,0,0,3.401197382,0,0,0,1,0,0,0
0.008696705,0.003301212,0,1,0,0,0,11.51192496,0,13,0,0,0,0,0,0,0,1,0,0,0,0,1,0,0,1,0,0,3.401197382,0,0,0,1,0,0,0
0.009357501,0.00401372,0,1,0,0,0,11.15743553,0,13,0,0,0,0,0,0,0,1,0,0,0,0,1,0,0,1,0,0,2.890371758,0,0,0,1,0,0,0
0.00937443,0.00401372,0,1,0,0,0,11.15743553,0,13,0,0,0,0,0,0,0,1,0,0,0,0,1,0,0,1,0,0,2.890371758,0,0,0,1,0,0,0
0.009259766,0.004013724,0,1,0,0,0,11.15743553,0,13,0,0,0,0,0,0,0,1,0,0,0,0,1,0,0,1,0,0,2.890371758,0,0,0,1,0,0,0
0.009284849,0.004013723,0,1,0,0,0,11.15743553,0,13,0,0,0,0,0,0,0,1,0,0,0,0,1,0,0,1,0,0,2.890371758,0,0,0,1,0,0,0
0.019580736,0.005162437,0,1,0,0,0,10.72910932,0,13,0,0,0,0,0,0,0,1,0,0,0,0,1,0,0,1,0,0,3.401197382,0,0,0,1,0,0,0
0.01874971,0.005162519,0,1,0,0,0,10.72910932,0,13,0,0,0,0,0,0,0,1,0,0,0,0,1,0,0,1,0,0,3.401197382,0,0,0,1,0,0,0
0.018340552,0.005162559,0,1,0,0,0,10.72910932,0,13,0,0,0,0,0,0,0,1,0,0,0,0,1,0,0,1,0,0,3.401197382,0,0,0,1,0,0,0
0.017499947,0.005162636,0,1,0,0,0,10.72910932,0,13,0,0,0,0,0,0,0,1,0,0,0,0,1,0,0,1,0,0,3.401197382,0,0,0,1,0,0,0
0.008898063,0.003187466,0,1,0,0,0,11.49697899,0,13,0,0,0,0,0,0,0,1,0,0,0,0,1,0,0,1,0,0,3.401197382,0,0,0,1,0,0,0
0.008829652,0.003187468,0,1,0,0,0,11.49697899,0,13,0,0,0,0,0,0,0,1,0,0,0,0,1,0,0,1,0,0,3.401197382,0,0,0,1,0,0,0
0.008473127,0.003187478,0,1,0,0,0,11.49697899,0,13,0,0,0,0,0,0,0,1,0,0,0,0,1,0,0,1,0,0,3.401197382,0,0,0,1,0,0,0
0.008392478,0.00318748,0,1,0,0,0,11.49697899,0,13,0,0,0,0,0,0,0,1,0,0,0,0,1,0,0,1,0,0,3.401197382,0,0,0,1,0,0,0
0.013914275,0.003461738,0,1,0,0,0,11.33177522,0,13,0,0,0,0,0,0,0,1,0,0,0,0,1,0,0,1,0,0,3.401197382,0,0,0,1,0,0,0
0.013780136,0.003461745,0,1,0,0,0,11.33177522,0,13,0,0,0,0,0,0,0,1,0,0,0,0,1,0,0,1,0,0,3.401197382,0,0,0,1,0,0,0
0.014069236,0.003461731,0,1,0,0,0,11.33177522,0,13,0,0,0,0,0,0,0,1,0,0,0,0,1,0,0,1,0,0,3.401197382,0,0,0,1,0,0,0
0.013923957,0.003461738,0,1,0,0,0,11.33177522,0,13,0,0,0,0,0,0,0,1,0,0,0,0,1,0,0,1,0,0,3.401197382,0,0,0,1,0,0,0
0.01214166,0.003933214,0,0,1,0,0,11.19532012,0,13,0,0,0,0,0,0,0,1,0,0,0,0,1,0,0,1,0,0,3.401197382,0,0,0,1,0,0,0
0.01214166,0.003933214,0,0,1,0,0,11.19532012,0,13,0,0,0,0,0,0,0,1,0,0,0,0,1,0,0,1,0,0,3.401197382,0,0,0,1,0,0,0
0.011286726,0.003933253,0,0,1,0,0,11.19532012,0,13,0,0,0,0,0,0,0,1,0,0,0,0,1,0,0,1,0,0,3.401197382,0,0,0,1,0,0,0
0.011286726,0.003933253,0,0,1,0,0,11.19532012,0,13,0,0,0,0,0,0,0,1,0,0,0,0,1,0,0,1,0,0,3.401197382,0,0,0,1,0,0,0
0.010858926,0.003304891,0,0,0,1,0,11.50995105,0,13,0,0,0,0,0,0,0,1,0,0,0,0,1,0,0,1,0,0,3.401197382,0,0,0,1,0,0,0
0.010858926,0.003304891,0,0,0,1,0,11.50995105,0,13,0,0,0,0,0,0,0,1,0,0,0,0,1,0,0,1,0,0,3.401197382,0,0,0,1,0,0,0
0.011803054,0.003304855,0,0,0,1,0,11.50995105,0,13,0,0,0,0,0,0,0,1,0,0,0,0,1,0,0,1,0,0,3.401197382,0,0,0,1,0,0,0
0.011803054,0.003304855,0,0,0,1,0,11.50995105,0,13,0,0,0,0,0,0,0,1,0,0,0,0,1,0,0,1,0,0,3.401197382,0,0,0,1,0,0,0
0.010232045,0.003301164,0,0,0,0,1,11.51192496,0,13,0,0,0,0,0,0,0,1,0,0,0,0,1,0,0,1,0,0,3.401197382,0,0,0,1,0,0,0
0.010120482,0.003301168,0,0,0,0,1,11.51192496,0,13,0,0,0,0,0,0,0,1,0,0,0,0,1,0,0,1,0,0,3.401197382,0,0,0,1,0,0,0
0.009809215,0.003301178,0,0,0,0,1,11.51192496,0,13,0,0,0,0,0,0,0,1,0,0,0,0,1,0,0,1,0,0,3.401197382,0,0,0,1,0,0,0
0.009747087,0.00330118,0,0,0,0,1,11.51192496,0,13,0,0,0,0,0,0,0,1,0,0,0,0,1,0,0,1,0,0,3.401197382,0,0,0,1,0,0,0
0.007907733,0.003301234,0,1,0,0,0,11.51192496,0,13,0,0,0,0,0,0,0,1,0,0,0,0,1,0,0,1,0,0,3.401197382,0,0,0,1,0,0,0
0.007890624,0.003301234,0,1,0,0,0,11.51192496,0,13,0,0,0,0,0,0,0,1,0,0,0,0,1,0,0,1,0,0,3.401197382,0,0,0,1,0,0,0
0.008072664,0.003301229,0,1,0,0,0,11.51192496,0,13,0,0,0,0,0,0,0,1,0,0,0,0,1,0,0,1,0,0,3.401197382,0,0,0,1,0,0,0
0.00806226,0.00330123,0,1,0,0,0,11.51192496,0,13,0,0,0,0,0,0,0,1,0,0,0,0,1,0,0,1,0,0,3.401197382,0,0,0,1,0,0,0
0.010094345,0.003301169,0,1,0,0,0,11.51192496,0,13,0,0,0,0,0,0,0,1,0,0,0,0,1,0,0,1,0,0,3.401197382,0,0,0,1,0,0,0
0.010073397,0.00330117,0,1,0,0,0,11.51192496,0,13,0,0,0,0,0,0,0,1,0,0,0,0,1,0,0,1,0,0,3.401197382,0,0,0,1,0,0,0
0.009402773,0.003301191,0,1,0,0,0,11.51192496,0,13,0,0,0,0,0,0,0,1,0,0,0,0,1,0,0,1,0,0,3.401197382,0,0,0,1,0,0,0
0.009355072,0.003301193,0,1,0,0,0,11.51192496,0,13,0,0,0,0,0,0,0,1,0,0,0,0,1,0,0,1,0,0,3.401197382,0,0,0,1,0,0,0
0.009504251,0.003301188,0,1,0,0,0,11.51192496,0,13,0,0,0,0,0,0,0,1,0,0,0,0,1,0,0,1,0,0,3.401197382,0,0,0,1,0,0,0
0.009467447,0.003301189,0,1,0,0,0,11.51192496,0,13,0,0,0,0,0,0,0,1,0,0,0,0,1,0,0,1,0,0,3.401197382,0,0,0,1,0,0,0
0.009275674,0.003301195,0,1,0,0,0,11.51192496,0,13,0,0,0,0,0,0,0,1,0,0,0,0,1,0,0,1,0,0,3.401197382,0,0,0,1,0,0,0
0.009242112,0.003301196,0,1,0,0,0,11.51192496,0,13,0,0,0,0,0,0,0,1,0,0,0,0,1,0,0,1,0,0,3.401197382,0,0,0,1,0,0,0
-0.057894803,0.085605464,0,1,0,0,0,4.9698133,0.549306144,12,0,0,0,0,0,0,0,0,0,0,0,0,0,0,1,0,0,0,2.397895273,9.5,1,0,1,0,0.001,0
0.06113342,0.090366408,0,1,0,0,0,4.9698133,0.549306144,12,0,0,0,0,0,0,0,0,0,0,0,0,1,0,0,0,0,0,2.397895273,9.5,1,0,1,0,0.001,0
-0.03340336,0.04947975,0,1,0,0,0,6.03068526,0.549306144,12,0,0,0,0,0,0,0,0,0,0,0,0,0,0,1,0,0,0,1.609437912,17.5,1,0,1,0,0.001,0
0.033992043,0.050350158,0,1,0,0,0,6.03068526,0.549306144,12,0,0,0,0,0,0,0,0,0,0,0,0,1,0,0,0,0,0,1.609437912,17.5,1,0,1,0,0.001,0
-0.179990208,0.087981977,0,0,0,0,0,4.890349128,0.549306144,12,0,0,0,0,0,0,0,0,0,0,0,0,0,0,1,0,0,0,2.397895273,9.5,1,0,1,0,0.001,0
-0.064098049,0.094720615,0,0,0,0,0,4.890349128,0.549306144,12,0,0,0,0,0,0,0,0,0,0,0,0,1,0,0,0,0,0,2.397895273,9.5,1,0,1,0,0.001,0
-0.150879811,0.054835005,0,0,0,0,0,5.80814249,0.549306144,12,0,0,0,0,0,0,0,0,0,0,0,0,0,0,1,0,0,0,1.609437912,17.5,1,0,1,0,0.001,0
-0.154159468,0.056026947,0,0,0,0,0,5.80814249,0.549306144,12,0,0,0,0,0,0,0,0,0,0,0,0,1,0,0,0,0,0,1.609437912,17.5,1,0,1,0,0.001,0
-0.057894803,0.085605464,0,0,0,0,0,4.9698133,0.549306144,12,0,0,0,0,0,0,0,0,0,0,0,0,0,0,1,0,0,0,2.397895273,9.5,1,0,1,0,0.001,0
0.06113342,0.090366408,0,0,0,0,0,4.9698133,0.549306144,12,0,0,0,0,0,0,0,0,0,0,0,0,1,0,0,0,0,0,2.397895273,9.5,1,0,1,0,0.001,0
-0.03340336,0.04947975,0,0,0,0,0,6.03068526,0.549306144,12,0,0,0,0,0,0,0,0,0,0,0,0,0,0,1,0,0,0,1.609437912,17.5,1,0,1,0,0.001,0
0.033992043,0.050350158,0,0,0,0,0,6.03068526,0.549306144,12,0,0,0,0,0,0,0,0,0,0,0,0,1,0,0,0,0,0,1.609437912,17.5,1,0,1,0,0.001,0
-0.068474331,0.023626739,0,0,0,0,0,7.876258882,0,14,0,0,0,0,0,0,0,1,0,0,0,0,1,0,0,1,0,0,2.079441542,0,0,0,0,0,0.029,0
-0.073723335,0.023617879,0,0,0,0,0,7.876258882,0,14,0,0,0,0,0,0,0,1,0,0,0,0,1,0,0,1,0,0,2.079441542,0,0,0,0,0,0.029,0
-0.06404678,0.02358086,0,0,0,0,0,7.876258882,0,14,0,0,0,0,0,0,0,1,0,0,0,0,1,0,0,1,0,0,2.079441542,0,0,0,0,0,0.029,0
0.013219374,0.021440377,0,0,0,0,0,7.876258882,0,14,0,0,0,0,0,0,0,1,0,0,0,0,1,0,0,1,0,0,2.079441542,0,0,0,0,0,0.029,0
0.012944582,0.021440454,0,0,0,0,0,7.876258882,0,14,0,0,0,0,0,1,0,1,0,0,0,0,1,0,0,1,0,0,2.079441542,0,0,0,0,0,0.029,0
-0.080196555,0.023606045,0,0,0,0,0,7.876258882,0,14,0,0,0,0,0,0,0,1,0,0,0,0,1,0,0,1,0,0,2.079441542,0,0,0,0,0,0.029,0
-0.086897485,0.02359274,0,0,0,0,0,7.876258882,0,14,0,0,0,0,0,0,0,1,0,0,0,0,1,0,0,1,0,0,2.079441542,0,0,0,0,0,0.029,0
-0.076146794,0.023560768,0,0,0,0,0,7.876258882,0,14,0,0,0,0,0,0,0,1,0,0,0,0,1,0,0,1,0,0,2.079441542,0,0,0,0,0,0.029,0
0.001205798,0.021442235,0,0,0,0,0,7.876258882,0,14,0,0,0,0,0,0,0,1,0,0,0,0,1,0,0,1,0,0,2.079441542,0,0,0,0,0,0.029,0
0.020666329,0.021437671,0,0,0,0,0,7.876258882,0,14,0,0,0,0,0,1,0,1,0,0,0,0,1,0,0,1,0,0,2.079441542,0,0,0,0,0,0.029,0
-0.062082555,0.023583793,0,0,0,0,0,7.876258882,0,14,0,0,0,0,0,0,0,1,0,0,0,0,1,0,0,1,0,0,2.079441542,0,0,0,0,0,0.029,0
-0.061409199,0.023584777,0,0,0,0,0,7.876258882,0,14,0,0,0,0,0,0,0,1,0,0,0,0,1,0,0,1,0,0,2.079441542,0,0,0,0,0,0.029,0
-0.067247941,0.023575884,0,0,0,0,0,7.876258882,0,14,0,0,0,0,0,0,0,1,0,0,0,0,1,0,0,1,0,0,2.079441542,0,0,0,0,0,0.029,0
-0.069912087,0.036377021,0,0,0,0,0,7.374629015,0,14,0,0,0,0,0,0,0,1,0,0,0,0,1,0,0,1,0,0,2.079441542,0,0,0,0,0,0.029,0
-0.069310153,0.023572549,0,0,0,0,0,7.876258882,0,14,0,0,0,0,0,0,0,1,0,0,0,0,1,0,0,1,0,0,2.079441542,0,0,0,0,0,0.029,0
-0.057291366,0.023590562,0,0,0,0,0,7.876258882,0,14,0,0,0,0,0,0,0,1,0,0,0,0,1,0,0,1,0,0,2.079441542,0,0,0,0,0,0.029,0
-0.076278153,0.031204699,0,0,0,0,0,7.530479995,0,14,0,0,0,0,0,0,0,1,0,0,0,0,1,0,0,1,0,0,2.079441542,0,0,0,0,0,0.029,0
-0.079448878,0.027873386,0,0,0,0,0,7.153833802,0,14,0,0,0,0,0,0,0,1,0,0,0,0,1,0,0,1,0,0,2.079441542,0,0,0,0,0,0.029,0
-0.056238121,0.027917522,0,0,0,0,0,7.153833802,0,14,0,0,0,0,0,0,0,1,0,0,0,0,1,0,0,1,0,0,2.079441542,0,0,0,0,0,0.029,0
-0.069267471,0.027894614,0,0,0,0,0,7.153833802,0,14,0,0,0,0,0,0,0,1,0,0,0,0,1,0,0,1,0,0,2.079441542,0,0,0,0,0,0.029,0
-0.127935597,0.027731998,0,0,0,0,0,7.153833802,0,14,0,0,0,0,0,0,0,1,0,0,0,0,1,0,0,1,0,0,2.079441542,0,0,0,0,0,0.029,0
-0.076890595,0.027878995,0,0,0,0,0,7.153833802,0,14,0,0,0,0,0,0,0,1,0,0,0,0,1,0,0,1,0,0,2.079441542,0,0,0,0,0,0.029,0
-0.1126333,0.027783843,0,0,0,0,0,7.153833802,0,14,0,0,0,0,0,0,0,1,0,0,0,0,1,0,0,1,0,0,2.079441542,0,0,0,0,0,0.029,0
-0.117454882,0.030107106,0,0,0,0,0,6.992096427,0,14,0,0,0,0,0,0,0,1,0,0,0,0,1,0,0,1,0,0,2.079441542,0,0,0,0,0,0.029,0
-0.058799146,0.0302645,0,0,0,0,0,6.992096427,0,14,0,0,0,0,0,0,0,1,0,0,0,0,1,0,0,1,0,0,2.079441542,0,0,0,0,0,0.029,0
-0.053847412,0.030272969,0,0,0,0,0,6.992096427,0,14,0,0,0,0,0,0,0,1,0,0,0,0,1,0,0,1,0,0,2.079441542,0,0,0,0,0,0.029,0
-0.104385135,0.03015133,0,0,0,0,0,6.992096427,0,14,0,0,0,0,0,0,0,1,0,0,0,0,1,0,0,1,0,0,2.079441542,0,0,0,0,0,0.029,0
-0.061937863,0.030258745,0,0,0,0,0,6.992096427,0,14,0,0,0,0,0,0,0,1,0,0,0,0,1,0,0,1,0,0,2.079441542,0,0,0,0,0,0.029,0
-0.054585629,0.030271753,0,0,0,0,0,6.992096427,0,14,0,0,0,0,0,0,0,1,0,0,0,0,1,0,0,1,0,0,2.079441542,0,0,0,0,0,0.029,0
-0.068732724,0.023547212,0,0,0,0,0,7.876258882,0,14,0,0,0,0,0,0,0,1,0,0,0,0,1,0,0,1,0,0,2.079441542,0,0,0,0,0,0.029,0
-0.08017992,0.023527039,0,0,0,0,0,7.876258882,0,14,0,0,0,0,0,0,0,1,0,0,0,0,1,0,0,1,0,0,2.079441542,0,0,0,0,0,0.029,0
-0.0645075,0.023553871,0,0,0,0,0,7.876258882,0,14,0,0,0,0,0,0,0,1,0,0,0,0,1,0,0,1,0,0,2.079441542,0,0,0,0,0,0.029,0
-0.07682785,0.023533269,0,0,0,0,0,7.876258882,0,14,0,0,0,0,0,0,0,1,0,0,0,0,1,0,0,1,0,0,2.079441542,0,0,0,0,0,0.029,0
-0.088188042,0.02351107,0,0,0,0,0,7.876258882,0,14,0,0,0,0,0,0,0,1,0,0,0,0,1,0,0,1,0,0,2.079441542,0,0,0,0,0,0.029,0
-0.073356137,0.02353944,0,0,0,0,0,7.876258882,0,14,0,0,0,0,0,0,0,1,0,0,0,0,1,0,0,1,0,0,2.079441542,0,0,0,0,0,0.029,0
-0.02506398,0.029517654,0,0,1,0,0,7.140453043,1.511251329,4,0,1,0,0,0,0,0,1,0,1,0,0,0,0,0,1,0,0,2.63905733,4,1,0,1,0,0.184,0
-0.016597117,0.029522863,0,0,1,0,0,7.140453043,1.511251329,4,0,1,0,0,0,1,0,1,0,1,0,0,0,0,0,1,0,0,2.63905733,4,1,0,1,0,0.184,0
-0.002126234,0.029526863,0,0,1,0,0,7.140453043,1.511251329,4,0,1,0,0,0,0,1,1,0,1,0,0,0,0,0,1,0,0,2.63905733,4,1,0,1,0,0.184,0
-0.102634956,0.03084493,0,0,1,0,0,7.051855623,1.511251329,4,0,1,1,0,0,0,0,1,0,1,0,0,0,0,0,1,0,0,2.63905733,4,1,0,1,0,0.184,0
-0.148093701,0.030666761,0,0,1,0,0,7.051855623,1.511251329,4,0,1,1,0,0,0,0,1,0,1,0,0,0,0,0,1,0,0,2.63905733,4,1,0,1,0,0.184,0
-0.161645291,0.030600886,0,0,1,0,0,7.051855623,1.511251329,4,0,1,1,0,0,0,0,1,0,1,0,0,0,0,0,1,0,0,2.63905733,4,1,0,1,0,0.184,0
-0.004038316,0.029526689,0,0,1,0,0,7.140453043,1.511251329,4,0,1,0,0,0,1,0,1,0,1,0,0,0,0,0,1,0,0,2.63905733,4,1,0,1,0,0.184,0
-0.001159141,0.02952691,0,0,1,0,0,7.140453043,1.511251329,4,0,1,0,0,0,0,1,1,0,1,0,0,0,0,0,1,0,0,2.63905733,4,1,0,1,0,0.184,0
-0.016733896,0.031004342,0,0,1,0,0,7.051855623,1.511251329,4,0,1,1,0,0,0,0,1,0,1,0,0,0,0,0,1,0,0,2.63905733,4,1,0,1,0,0.184,0
0.674199862,0.044946657,0,0,1,0,0,5.634789603,0.972955075,12,0,0,1,0,0,0,0,1,0,1,0,0,0,0,0,1,0,0,2.302585093,15,1,0,1,1,0.066,0
0.608098238,0.04831289,0,0,1,0,0,5.634789603,0.972955075,12,0,0,0,0,0,0,1,1,0,1,0,0,0,0,0,1,0,0,2.302585093,15,1,0,1,1,0.066,0
-0.89380761,0.027291835,0,0,1,0,0,5.634789603,0.972955075,12,0,0,0,1,0,0,0,1,0,1,0,0,0,0,0,1,0,0,2.302585093,15,1,0,1,1,0.066,0
0.833965384,0.033582499,0,0,1,0,0,5.634789603,0.972955075,12,0,0,0,0,0,0,1,1,0,1,0,0,0,0,0,1,0,0,2.302585093,15,1,0,1,1,0.066,0
-0.034766219,0.068317268,0,1,0,0,0,5.411646052,0.972955075,12,0,0,1,0,0,0,0,1,0,1,0,0,0,0,0,1,0,0,2.079441542,16,1,0,1,1,0.066,0
0.533481198,0.057818513,0,1,0,0,0,5.411646052,0.972955075,12,0,0,0,0,0,0,1,1,0,1,0,0,0,0,0,1,0,0,2.079441542,16,1,0,1,1,0.066,0
-0.440070157,0.061383514,0,1,0,0,0,5.411646052,0.972955075,12,0,0,0,1,0,0,0,1,0,1,0,0,0,0,0,1,0,0,2.079441542,16,1,0,1,1,0.066,0
0.652656043,0.051792184,0,1,0,0,0,5.411646052,0.972955075,12,0,0,0,0,0,0,1,1,0,1,0,0,0,0,0,1,0,0,2.079441542,16,1,0,1,1,0.066,0
-0.513499427,0.052318667,0,0,1,0,0,5.634789603,0.972955075,12,0,1,1,0,0,0,0,1,0,1,0,0,0,0,0,1,0,0,2.302585093,15,1,0,1,1,0.066,0
0.255853058,0.058941695,0,0,1,0,0,5.634789603,0.972955075,12,0,0,0,0,0,0,1,1,0,1,0,0,0,0,0,1,0,0,2.302585093,15,1,0,1,1,0.066,0
0.296765173,0.058224359,0,0,1,0,0,5.634789603,0.972955075,12,0,1,0,1,0,0,0,1,0,1,0,0,0,0,0,1,0,0,2.302585093,15,1,0,1,1,0.066,0
0.74492434,0.04067679,0,0,1,0,0,5.634789603,0.972955075,12,0,0,0,0,0,0,1,1,0,1,0,0,0,0,0,1,0,0,2.302585093,15,1,0,1,1,0.066,0
-0.126696976,0.067966709,0,1,0,0,0,5.411646052,0.972955075,12,0,1,1,0,0,0,0,1,0,1,0,0,0,0,0,1,0,0,2.079441542,16,1,0,1,1,0.066,0
0.496510457,0.059476486,0,1,0,0,0,5.411646052,0.972955075,12,0,0,0,0,0,0,1,1,0,1,0,0,0,0,0,1,0,0,2.079441542,16,1,0,1,1,0.066,0
-0.122480526,0.068002987,0,1,0,0,0,5.411646052,0.972955075,12,0,1,0,1,0,0,0,1,0,1,0,0,0,0,0,1,0,0,2.079441542,16,1,0,1,1,0.066,0
0.677232214,0.050414085,0,1,0,0,0,5.411646052,0.972955075,12,0,0,0,0,0,0,1,1,0,1,0,0,0,0,0,1,0,0,2.079441542,16,1,0,1,1,0.066,0
-0.211718505,0.06680895,0,0,1,0,0,5.634789603,0.972955075,12,0,0,1,0,0,0,0,1,0,1,0,0,0,0,0,1,0,0,2.302585093,15,1,0,1,1,0.066,0
-0.010668195,0.060854599,0,0,1,0,0,5.634789603,0.972955075,12,0,0,0,0,0,0,1,1,0,1,0,0,0,0,0,1,0,0,2.302585093,15,1,0,1,1,0.066,0
-0.151929257,0.060151583,0,0,1,0,0,5.634789603,0.972955075,12,0,0,0,1,0,0,0,1,0,1,0,0,0,0,0,1,0,0,2.302585093,15,1,0,1,1,0.066,0
0.065553901,0.060727158,0,0,1,0,0,5.634789603,0.972955075,12,0,0,0,0,0,0,1,1,0,1,0,0,0,0,0,1,0,0,2.302585093,15,1,0,1,1,0.066,0
-0.099276132,0.060669874,0,0,1,0,0,5.634789603,0.972955075,12,0,1,1,0,0,0,0,1,0,1,0,0,0,0,0,1,0,0,2.302585093,15,1,0,1,1,0.066,0
-0.030631047,0.060942466,0,0,1,0,0,5.634789603,0.972955075,12,0,0,0,0,0,0,1,1,0,1,0,0,0,0,0,1,0,0,2.302585093,15,1,0,1,1,0.066,0
-0.016010833,0.060963261,0,0,1,0,0,5.634789603,0.972955075,12,0,1,0,1,0,0,0,1,0,1,0,0,0,0,0,1,0,0,2.302585093,15,1,0,1,1,0.066,0
0.060549752,0.060859205,0,0,1,0,0,5.634789603,0.972955075,12,0,0,0,0,0,0,1,1,0,1,0,0,0,0,0,1,0,0,2.302585093,15,1,0,1,1,0.066,0
-0.021637301,0.032067506,0,0,0,0,1,6.887552572,0.549306144,12,0,0,0,1,0,0,0,1,0,1,0,0,0,0,0,1,0,0,2.302585093,15,1,0,1,0,0.091,0
-0.181372446,0.031543034,0,0,0,0,1,6.887552572,0.549306144,12,0,0,0,0,0,0,1,1,0,1,0,0,0,0,0,1,0,0,2.302585093,15,1,0,1,0,0.091,0
-0.068041382,0.034020691,0,0,0,0,1,6.766191715,0.549306144,12,0,0,0,1,0,0,0,1,0,1,0,0,0,0,0,1,0,0,2.197224577,15.5,1,0,1,0,0.091,0
-0.050053432,0.034056974,0,0,0,0,1,6.766191715,0.549306144,12,0,0,0,0,0,0,1,1,0,1,0,0,0,0,0,1,0,0,2.197224577,15.5,1,0,1,0,0.091,0
-0.06401844,0.03200922,0,0,0,0,1,6.887552572,0.549306144,12,0,0,0,1,0,0,0,1,0,1,0,0,0,0,0,1,0,0,2.302585093,15,1,0,1,0,0.091,0
-0.06151058,0.032014279,0,0,0,0,1,6.887552572,0.549306144,12,0,0,0,0,0,0,1,1,0,1,0,0,0,0,0,1,0,0,2.302585093,15,1,0,1,0,0.091,0
-0.10176803,0.033922677,0,0,0,0,1,6.766191715,0.549306144,12,0,0,0,1,0,0,0,1,0,1,0,0,0,0,0,1,0,0,2.197224577,15.5,1,0,1,0,0.091,0
-0.054861855,0.034048361,0,0,0,0,1,6.766191715,0.549306144,12,0,0,0,0,0,0,1,1,0,1,0,0,0,0,0,1,0,0,2.197224577,15.5,1,0,1,0,0.091,0
-0.225144567,0.031251501,0,1,0,0,0,6.887552572,0.549306144,12,0,0,0,1,0,0,0,1,0,1,0,0,0,0,0,1,0,0,2.302585093,15,1,0,1,0,0.091,0
0.047835447,0.032038296,0,1,0,0,0,6.887552572,0.549306144,12,0,0,0,0,0,0,1,1,0,1,0,0,0,0,0,1,0,0,2.302585093,15,1,0,1,0,0.091,0
-0.083391396,0.033980943,0,1,0,0,0,6.766191715,0.549306144,12,0,0,0,1,0,0,0,1,0,1,0,0,0,0,0,1,0,0,2.197224577,15.5,1,0,1,0,0.091,0
-0.027852952,0.034086487,0,1,0,0,0,6.766191715,0.549306144,12,0,0,0,0,0,0,1,1,0,1,0,0,0,0,0,1,0,0,2.197224577,15.5,1,0,1,0,0.091,0
-0.092281065,0.031938151,0,1,0,0,0,6.887552572,0.549306144,12,0,0,0,1,0,0,0,1,0,1,0,0,0,0,0,1,0,0,2.302585093,15,1,0,1,0,0.091,0
0.003879593,0.032074774,0,1,0,0,0,6.887552572,0.549306144,12,0,0,0,0,0,0,1,1,0,1,0,0,0,0,0,1,0,0,2.302585093,15,1,0,1,0,0.091,0
-0.048022061,0.034060375,0,1,0,0,0,6.766191715,0.549306144,12,0,0,0,1,0,0,0,1,0,1,0,0,0,0,0,1,0,0,2.197224577,15.5,1,0,1,0,0.091,0
0.019134862,0.034093474,0,1,0,0,0,6.766191715,0.549306144,12,0,0,0,0,0,0,1,1,0,1,0,0,0,0,0,1,0,0,2.197224577,15.5,1,0,1,0,0.091,0
-0.0211168,0.005162964,1,0,0,0,0,10.53286925,1.242453325,11,0,0,1,0,0,0,0,1,0,0,0,1,0,0,0,1,0,0,2.772588722,10,1,0,1,0,0.362,0
0.026843724,0.005162255,1,0,0,0,0,10.53286925,1.242453325,11,0,0,0,0,0,0,0,1,0,0,0,1,0,0,0,1,0,0,2.772588722,10,1,0,1,0,0.362,0
0.012429477,0.005163717,1,0,0,0,0,10.53286925,1.242453325,11,0,0,0,1,0,0,0,1,0,0,0,1,0,0,0,1,0,0,2.772588722,10,1,0,1,0,0.362,0
-0.016492325,0.005163551,1,0,0,0,0,10.53286925,1.242453325,11,0,0,1,0,0,0,0,1,0,0,0,1,0,0,0,1,0,0,2.772588722,10,1,0,1,0,0.362,0
0.023748865,0.005162797,1,0,0,0,0,10.53286925,1.242453325,11,0,0,0,0,0,0,0,1,0,0,0,1,0,0,0,1,0,0,2.772588722,10,1,0,1,0,0.362,0
0.01203326,0.005163879,1,0,0,0,0,10.53286925,1.242453325,11,0,0,0,1,0,0,0,1,0,0,0,1,0,0,0,1,0,0,2.772588722,10,1,0,1,0,0.362,0
-0.015013449,0.005163671,1,0,0,0,0,10.53286925,1.242453325,11,0,0,1,0,0,0,0,1,0,0,0,1,0,0,0,1,0,0,2.772588722,10,1,0,1,0,0.362,0
0.025812662,0.005162532,1,0,0,0,0,10.53286925,1.242453325,11,0,0,0,0,0,0,0,1,0,0,0,1,0,0,0,1,0,0,2.772588722,10,1,0,1,0,0.362,0
0.013351429,0.005163793,1,0,0,0,0,10.53286925,1.242453325,11,0,0,0,1,0,0,0,1,0,0,0,1,0,0,0,1,0,0,2.772588722,10,1,0,1,0,0.362,0
-0.003759768,0.005164217,1,0,0,0,0,10.53286925,1.242453325,11,0,0,1,0,0,0,0,1,0,0,0,1,0,0,0,1,0,0,2.772588722,10,1,0,1,0,0.362,0
-0.013278338,0.005163798,1,0,0,0,0,10.53286925,1.242453325,11,0,0,0,0,0,0,0,1,0,0,0,1,0,0,0,1,0,0,2.772588722,10,1,0,1,0,0.362,0
0.005543893,0.005164174,1,0,0,0,0,10.53286925,1.242453325,11,0,0,0,1,0,0,0,1,0,0,0,1,0,0,0,1,0,0,2.772588722,10,1,0,1,0,0.362,0
-0.017908605,0.006372673,0,1,0,0,0,10.2982287,1.242453325,11,0,0,1,0,0,0,0,1,0,0,0,0,1,0,0,1,0,0,2.708050201,10.5,1,0,1,0,0.362,0
0.012746354,0.006373177,0,1,0,0,0,10.2982287,1.242453325,11,0,0,0,0,0,0,0,1,0,0,0,0,1,0,0,1,0,0,2.708050201,10.5,1,0,1,0,0.362,0
0.011471896,0.006373275,0,1,0,0,0,10.2982287,1.242453325,11,0,0,0,1,0,0,0,1,0,0,0,0,1,0,0,1,0,0,2.708050201,10.5,1,0,1,0,0.362,0
-0.029685375,0.005877727,0,0,1,0,0,10.43361568,1.242453325,11,0,0,1,0,0,0,0,1,0,0,0,0,1,0,0,1,0,0,2.772588722,10,1,0,1,0,0.362,0
-0.008400159,0.005880111,0,0,1,0,0,10.43361568,1.242453325,11,0,0,0,0,0,0,0,1,0,0,0,0,1,0,0,1,0,0,2.772588722,10,1,0,1,0,0.362,0
0.020100271,0.005879131,0,0,1,0,0,10.43361568,1.242453325,11,0,0,0,1,0,0,0,1,0,0,0,0,1,0,0,1,0,0,2.772588722,10,1,0,1,0,0.362,0
-0.03520059,0.005160296,1,0,0,0,0,10.53286925,1.242453325,11,0,0,1,0,0,0,0,1,0,0,0,0,0,0,0,1,0,0,2.772588722,10,1,0,1,0,0.362,0
0.011573163,0.00516315,1,0,0,0,0,10.53286925,1.242453325,11,0,0,0,0,0,0,0,1,0,0,0,0,0,0,0,1,0,0,2.772588722,10,1,0,1,0,0.362,0
0.014456278,0.005162956,1,0,0,0,0,10.53286925,1.242453325,11,0,0,0,1,0,0,0,1,0,0,0,0,0,0,0,1,0,0,2.772588722,10,1,0,1,0,0.362,0
-0.019909985,0.005542067,1,0,0,0,0,10.39139249,1.242453325,11,0,0,1,0,0,0,0,1,0,0,1,0,0,0,0,1,0,0,2.772588722,10,1,0,1,0,0.362,0
0.014780161,0.00554256,1,0,0,0,0,10.39139249,1.242453325,11,0,0,0,0,0,0,0,1,0,0,1,0,0,0,0,1,0,0,2.772588722,10,1,0,1,0,0.362,0
0.011563417,0.005542795,1,0,0,0,0,10.39139249,1.242453325,11,0,0,0,1,0,0,0,1,0,0,1,0,0,0,0,1,0,0,2.772588722,10,1,0,1,0,0.362,0
-0.034298851,0.006025474,1,0,0,0,0,10.39139249,1.242453325,11,0,0,1,0,0,0,0,1,0,0,1,0,0,0,0,1,0,0,2.772588722,10,1,0,1,0,0.362,0
0.004066533,0.006028971,1,0,0,0,0,10.39139249,1.242453325,11,0,0,0,0,0,0,0,1,0,0,1,0,0,0,0,1,0,0,2.772588722,10,1,0,1,0,0.362,0
0.016878855,0.006028162,1,0,0,0,0,10.39139249,1.242453325,11,0,0,0,1,0,0,0,1,0,0,1,0,0,0,0,1,0,0,2.772588722,10,1,0,1,0,0.362,0
-0.008985303,0.005542942,1,0,0,0,0,10.39139249,1.242453325,11,0,0,1,0,0,0,0,1,0,0,1,0,0,0,0,1,0,0,2.772588722,10,1,0,1,0,0.362,0
-0.015241935,0.005542522,1,0,0,0,0,10.39139249,1.242453325,11,0,0,0,0,0,0,0,1,0,0,1,0,0,0,0,1,0,0,2.772588722,10,1,0,1,0,0.362,0
0.007390686,0.005543014,1,0,0,0,0,10.39139249,1.242453325,11,0,0,0,1,0,0,0,1,0,0,1,0,0,0,0,1,0,0,2.772588722,10,1,0,1,0,0.362,0
-0.016410126,0.006028209,1,0,0,0,0,10.39139249,1.242453325,11,0,0,1,0,0,0,0,1,0,0,1,0,0,0,0,1,0,0,2.772588722,10,1,0,1,0,0.362,0
-0.016922608,0.006028158,1,0,0,0,0,10.39139249,1.242453325,11,0,0,0,0,0,0,0,1,0,0,1,0,0,0,0,1,0,0,2.772588722,10,1,0,1,0,0.362,0
0.009043162,0.006028775,1,0,0,0,0,10.39139249,1.242453325,11,0,0,0,1,0,0,0,1,0,0,1,0,0,0,0,1,0,0,2.772588722,10,1,0,1,0,0.362,0
-0.018613482,0.006432182,0,1,0,0,0,10.28291665,1.242453325,11,0,0,1,0,0,0,0,1,0,0,1,0,0,0,0,1,0,0,2.772588722,10,1,0,1,0,0.362,0
0.012865528,0.006432764,0,1,0,0,0,10.28291665,1.242453325,11,0,0,0,0,0,0,0,1,0,0,1,0,0,0,0,1,0,0,2.772588722,10,1,0,1,0,0.362,0
0.014473401,0.006432623,0,1,0,0,0,10.28291665,1.242453325,11,0,0,0,1,0,0,0,1,0,0,1,0,0,0,0,1,0,0,2.772588722,10,1,0,1,0,0.362,0
-0.017924392,0.006459455,0,0,1,0,0,10.27594726,1.242453325,11,0,0,1,0,0,0,0,1,0,0,1,0,0,0,0,1,0,0,2.772588722,10,1,0,1,0,0.362,0
-0.011074452,0.006460097,0,0,1,0,0,10.27594726,1.242453325,11,0,0,0,0,0,0,0,1,0,0,1,0,0,0,0,1,0,0,2.772588722,10,1,0,1,0,0.362,0
0.01937784,0.00645928,0,0,1,0,0,10.27594726,1.242453325,11,0,0,0,1,0,0,0,1,0,0,1,0,0,0,0,1,0,0,2.772588722,10,1,0,1,0,0.362,0
0.018123562,0.039399048,0,1,0,0,0,6.480044562,0,12,0,0,1,0,0,0,0,0,1,0,0,0,0,0,1,0,0,0,2.197224577,11.5,0,0,1,0,0,0
0.035442686,0.039380762,0,1,0,0,0,6.480044562,0,12,0,0,1,0,0,0,0,0,1,0,0,0,0,0,1,0,0,0,2.197224577,11.5,0,0,1,0,0,0
0.027179764,0.039390962,0,1,0,0,0,6.480044562,0,12,0,0,1,0,0,0,0,0,1,0,0,0,1,0,0,0,0,0,2.197224577,11.5,0,0,1,0,0,0
0.042519474,0.039369883,0,1,0,0,0,6.480044562,0,12,0,0,1,0,0,0,0,0,1,0,0,0,1,0,0,0,0,0,2.197224577,11.5,0,0,1,0,0,0
0.002521945,0.039405395,0,1,0,0,0,6.480044562,0,12,0,0,1,0,0,0,0,0,1,0,0,0,0,1,0,0,0,0,2.197224577,11.5,0,0,1,0,0,0
0.037802261,0.039377355,0,1,0,0,0,6.480044562,0,12,0,0,1,0,0,0,0,0,1,0,0,0,0,1,0,0,0,0,2.197224577,11.5,0,0,1,0,0,0
-0.186286059,0.036924444,0,1,0,0,0,6.584791392,0.549306144,12,0,0,1,0,0,0,0,1,0,0,0,0,1,0,0,1,0,0,2.079441542,17,1,0,1,0,0.083,0
-0.195796347,0.036571872,0,1,0,0,0,6.593044534,0.549306144,12,0,0,1,0,0,0,0,1,0,0,0,0,1,0,0,1,0,0,2.079441542,17,1,0,1,0,0.083,0
-0.184491385,0.036755912,0,1,0,0,0,6.584791392,0.549306144,12,0,0,1,0,0,0,0,1,0,0,0,0,1,0,0,1,0,0,2.079441542,17,1,0,1,0,0.083,0
-0.144005284,0.040774807,0,1,0,0,0,6.584791392,0.549306144,12,0,0,1,0,0,0,0,1,0,0,0,0,1,0,0,1,0,0,2.079441542,17,1,0,1,0,0.083,0
-0.154140937,0.037238493,0,1,0,0,0,6.579251212,0.549306144,12,0,0,1,0,0,0,0,1,0,0,1,0,0,0,0,1,0,0,2.079441542,17,1,0,1,0,0.083,0
-0.171336753,0.036844859,0,1,0,0,0,6.587550015,0.549306144,12,0,0,1,0,0,0,0,1,0,0,1,0,0,0,0,1,0,0,2.079441542,17,1,0,1,0,0.083,0
-0.119827424,0.037337889,0,0,0,0,0,6.584791392,0.549306144,12,1,0,1,0,0,0,0,1,0,0,0,0,1,0,0,1,0,0,2.197224577,16.5,1,0,1,0,0.083,0
-0.128897826,0.037008343,0,0,0,0,0,6.593044534,0.549306144,12,1,0,1,0,0,0,0,1,0,0,0,0,1,0,0,1,0,0,2.197224577,16.5,1,0,1,0,0.083,0
-0.105325706,0.037189864,0,0,0,0,0,6.584791392,0.549306144,12,1,0,1,0,0,0,0,1,0,0,0,0,1,0,0,1,0,0,2.197224577,16.5,1,0,1,0,0.083,0
-0.101026865,0.041634587,0,0,0,0,0,6.584791392,0.549306144,12,1,0,1,0,0,0,0,1,0,0,0,0,1,0,0,1,0,0,2.197224577,16.5,1,0,1,0,0.083,0
-0.091094635,0.037558901,0,0,0,0,0,6.579251212,0.549306144,12,1,0,1,0,0,0,0,1,0,0,1,0,0,0,0,1,0,0,2.197224577,16.5,1,0,1,0,0.083,0
-0.102638832,0.037226411,0,0,0,0,0,6.587550015,0.549306144,12,1,0,1,0,0,0,0,1,0,0,1,0,0,0,0,1,0,0,2.197224577,16.5,1,0,1,0,0.083,0
0.101621214,0.037414176,0,0,0,0,0,6.584791392,0.549306144,12,0,0,1,0,0,0,0,1,0,0,0,0,1,0,0,1,0,0,2.197224577,16.5,1,0,1,0,0.083,0
0.085939387,0.037181599,0,0,0,0,0,6.593044534,0.549306144,12,0,0,1,0,0,0,0,1,0,0,0,0,1,0,0,1,0,0,2.197224577,16.5,1,0,1,0,0.083,0
0.090684661,0.037243788,0,0,0,0,0,6.584791392,0.549306144,12,0,0,1,0,0,0,0,1,0,0,0,0,1,0,0,1,0,0,2.197224577,16.5,1,0,1,0,0.083,0
0.097598971,0.041648904,0,0,0,0,0,6.584791392,0.549306144,12,0,0,1,0,0,0,0,1,0,0,0,0,1,0,0,1,0,0,2.197224577,16.5,1,0,1,0,0.083,0
0.099629262,0.037528065,0,0,0,0,0,6.579251212,0.549306144,12,0,0,1,0,0,0,0,1,0,0,1,0,0,0,0,1,0,0,2.197224577,16.5,1,0,1,0,0.083,0
0.109044541,0.037200895,0,0,0,0,0,6.587550015,0.549306144,12,0,0,1,0,0,0,0,1,0,0,1,0,0,0,0,1,0,0,2.197224577,16.5,1,0,1,0,0.083,0
-0.185757638,0.036928204,0,1,0,0,0,6.584791392,0.549306144,12,0,0,1,0,0,0,0,1,0,0,0,0,1,0,0,1,0,0,2.079441542,17,1,0,1,0,0.083,0
-0.168581875,0.037149501,0,1,0,0,0,6.579251212,0.549306144,12,0,0,1,0,0,0,0,1,0,0,1,0,0,0,0,1,0,0,2.079441542,17,1,0,1,0,0.083,0
-0.09841489,0.037426297,0,0,0,0,0,6.584791392,0.549306144,12,1,0,1,0,0,0,0,1,0,0,0,0,1,0,0,1,0,0,2.197224577,16.5,1,0,1,0,0.083,0
-0.090194069,0.037561993,0,0,0,0,0,6.579251212,0.549306144,12,1,0,1,0,0,0,0,1,0,0,1,0,0,0,0,1,0,0,2.197224577,16.5,1,0,1,0,0.083,0
0.116399089,0.037353225,0,0,0,0,0,6.584791392,0.549306144,12,0,0,1,0,0,0,0,1,0,0,0,0,1,0,0,1,0,0,2.197224577,16.5,1,0,1,0,0.083,0
0.108728893,0.037492114,0,0,0,0,0,6.579251212,0.549306144,12,0,0,1,0,0,0,0,1,0,0,1,0,0,0,0,1,0,0,2.197224577,16.5,1,0,1,0,0.083,0
-0.174641976,0.037004737,0,1,0,0,0,6.584791392,0.549306144,12,0,0,1,0,0,0,0,1,0,0,0,0,1,0,0,1,0,0,2.079441542,17,1,0,1,0,0.083,0
-0.184071463,0.037044922,0,1,0,0,0,6.579251212,0.549306144,12,0,0,1,0,0,0,0,1,0,0,1,0,0,0,0,1,0,0,2.079441542,17,1,0,1,0,0.083,0
-0.122341622,0.037326355,0,0,0,0,0,6.584791392,0.549306144,12,1,0,1,0,0,0,0,1,0,0,0,0,1,0,0,1,0,0,2.197224577,16.5,1,0,1,0,0.083,0
-0.100366881,0.037525269,0,0,0,0,0,6.579251212,0.549306144,12,1,0,1,0,0,0,0,1,0,0,1,0,0,0,0,1,0,0,2.197224577,16.5,1,0,1,0,0.083,0
0.10281469,0.037409564,0,0,0,0,0,6.584791392,0.549306144,12,0,0,1,0,0,0,0,1,0,0,0,0,1,0,0,1,0,0,2.197224577,16.5,1,0,1,0,0.083,0
0.085868174,0.037576412,0,0,0,0,0,6.579251212,0.549306144,12,0,0,1,0,0,0,0,1,0,0,1,0,0,0,0,1,0,0,2.197224577,16.5,1,0,1,0,0.083,0
-0.195147275,0.036859742,0,1,0,0,0,6.584791392,0.549306144,12,0,0,1,0,0,0,0,1,0,0,0,0,1,0,0,1,0,0,2.079441542,17,1,0,1,0,0.083,0
-0.167696285,0.037155194,0,1,0,0,0,6.579251212,0.549306144,12,0,0,1,0,0,0,0,1,0,0,1,0,0,0,0,1,0,0,2.079441542,17,1,0,1,0,0.083,0
-0.135719101,0.037260889,0,0,0,0,0,6.584791392,0.549306144,12,1,0,1,0,0,0,0,1,0,0,0,0,1,0,0,1,0,0,2.197224577,16.5,1,0,1,0,0.083,0
-0.109025606,0.037490889,0,0,0,0,0,6.579251212,0.549306144,12,1,0,1,0,0,0,0,1,0,0,1,0,0,0,0,1,0,0,2.197224577,16.5,1,0,1,0,0.083,0
0.11179896,0.037373095,0,0,0,0,0,6.584791392,0.549306144,12,0,0,1,0,0,0,0,1,0,0,0,0,1,0,0,1,0,0,2.197224577,16.5,1,0,1,0,0.083,0
0.105723506,0.037504339,0,0,0,0,0,6.579251212,0.549306144,12,0,0,1,0,0,0,0,1,0,0,1,0,0,0,0,1,0,0,2.197224577,16.5,1,0,1,0,0.083,0
-0.068902015,0.037492985,0,1,0,0,0,6.584791392,0.549306144,12,0,0,1,0,0,0,0,1,0,0,0,0,1,0,0,1,0,1,2.079441542,17,1,0,1,0,0.083,0
-0.084347295,0.037474848,0,0,0,0,0,6.584791392,0.549306144,12,1,0,1,0,0,0,0,1,0,0,0,0,1,0,0,1,0,1,2.197224577,16.5,1,0,1,0,0.083,0
0.065854928,0.03752723,0,0,0,0,0,6.584791392,0.549306144,12,0,0,1,0,0,0,0,1,0,0,0,0,1,0,0,1,0,1,2.197224577,16.5,1,0,1,0,0.083,0
-0.072424701,0.037510105,0,1,0,0,0,6.584791392,0.549306144,12,0,0,1,0,0,0,0,1,0,0,0,0,1,0,0,1,0,1,2.079441542,17,1,0,1,0,0.083,0
0.026568782,0.037595594,0,1,0,0,0,6.584791392,0.549306144,12,0,0,0,0,0,0,1,1,0,0,0,0,1,0,0,1,0,1,2.079441542,17,1,0,1,0,0.083,0
-0.085938636,0.037496261,0,0,0,0,0,6.584791392,0.549306144,12,1,0,1,0,0,0,0,1,0,0,0,0,1,0,0,1,0,1,2.197224577,16.5,1,0,1,0,0.083,0
0.011692736,0.037632924,0,0,0,0,0,6.584791392,0.549306144,12,1,0,0,0,0,0,1,1,0,0,0,0,1,0,0,1,0,1,2.197224577,16.5,1,0,1,0,0.083,0
0.064947784,0.037556035,0,0,0,0,0,6.584791392,0.549306144,12,0,0,1,0,0,0,0,1,0,0,0,0,1,0,0,1,0,1,2.197224577,16.5,1,0,1,0,0.083,0
0.028496148,0.037620213,0,0,0,0,0,6.584791392,0.549306144,12,0,0,0,0,0,0,1,1,0,0,0,0,1,0,0,1,0,1,2.197224577,16.5,1,0,1,0,0.083,0
-0.299318715,0.037453789,0,1,0,0,0,6.498282149,0.549306144,12,0,0,1,0,0,0,0,1,0,0,0,0,1,0,0,1,0,0,1.945910149,17.5,1,0,1,0,0.083,0
-0.087341623,0.039133584,0,0,0,0,0,6.498282149,0.549306144,12,1,0,1,0,0,0,0,1,0,0,0,0,1,0,0,1,0,0,2.197224577,16.5,1,0,1,0,0.083,0
0.088733305,0.039128752,0,0,0,0,0,6.498282149,0.549306144,12,0,0,1,0,0,0,0,1,0,0,0,0,1,0,0,1,0,0,2.197224577,16.5,1,0,1,0,0.083,0
-0.219010138,0.0366699,0,1,0,0,0,6.584791392,0.549306144,12,0,0,1,0,0,0,0,1,0,0,0,0,1,0,0,1,0,0,2.079441542,17,1,0,1,0,0.083,0
-0.100843785,0.037417151,0,0,0,0,0,6.584791392,0.549306144,12,1,0,1,0,0,0,0,1,0,0,0,0,1,0,0,1,0,0,2.197224577,16.5,1,0,1,0,0.083,0
0.111986233,0.037372302,0,0,0,0,0,6.584791392,0.549306144,12,0,0,1,0,0,0,0,1,0,0,0,0,1,0,0,1,0,0,2.197224577,16.5,1,0,1,0,0.083,0
-0.168834088,0.037068976,0,1,0,0,0,6.584791392,0.549306144,12,0,0,1,0,0,0,0,1,0,0,0,0,1,0,0,1,0,0,2.079441542,17,1,0,1,0,0.083,0
-0.094674294,0.037466449,0,0,0,0,0,6.584791392,0.549306144,12,1,0,1,0,0,0,0,1,0,0,0,0,1,0,0,1,0,0,2.197224577,16.5,1,0,1,0,0.083,0
0.106819149,0.037420164,0,0,0,0,0,6.584791392,0.549306144,12,0,0,1,0,0,0,0,1,0,0,0,0,1,0,0,1,0,0,2.197224577,16.5,1,0,1,0,0.083,0
0.098440348,0.037426203,0,0,0,0,0,6.584791392,0.549306144,12,0,0,1,0,0,0,0,1,0,0,0,0,1,0,0,1,0,0,2.197224577,16.5,1,0,1,0,0.083,0
0.081269058,0.037196223,0,0,0,0,0,6.593044534,0.549306144,12,0,0,1,0,0,0,0,1,0,0,0,0,1,0,0,1,0,0,2.197224577,16.5,1,0,1,0,0.083,0
0.101186235,0.037205935,0,0,0,0,0,6.584791392,0.549306144,12,0,0,1,0,0,0,0,1,0,0,0,0,1,0,0,1,0,0,2.197224577,16.5,1,0,1,0,0.083,0
0.108907283,0.041599778,0,0,0,0,0,6.584791392,0.549306144,12,0,0,1,0,0,0,0,1,0,0,0,0,1,0,0,1,0,0,2.197224577,16.5,1,0,1,0,0.083,0
0.098811493,0.03753114,0,0,0,0,0,6.579251212,0.549306144,12,0,0,1,0,0,0,0,1,0,0,1,0,0,0,0,1,0,0,2.197224577,16.5,1,0,1,0,0.083,0
0.093940444,0.037258563,0,0,0,0,0,6.587550015,0.549306144,12,0,0,1,0,0,0,0,1,0,0,1,0,0,0,0,1,0,0,2.197224577,16.5,1,0,1,0,0.083,0
-0.033960757,0.019079077,0,1,0,0,0,8.032684876,0.757215797,8,0,0,0,0,0,0,0,0,0,0,0,0,1,0,0,0,0,0,2.302585093,11,1,0,1,1,0.26,0
0.00687227,0.019089638,0,1,0,0,0,8.032684876,0.757215797,8,0,0,0,0,0,1,0,0,0,0,0,0,1,0,0,0,0,0,2.302585093,11,1,0,1,1,0.26,0
0.000572598,0.019086608,0,1,0,0,0,8.032684876,0.757215797,8,0,0,0,0,0,1,0,0,0,0,0,0,1,0,0,0,0,0,2.302585093,11,1,0,1,0,0.26,0
-0.017813901,0.008285535,0,1,0,0,0,9.693383615,0.757215797,8,0,0,0,0,0,0,0,0,0,0,0,0,1,0,0,0,0,0,2.302585093,11,1,0,1,1,0.26,0
0.050650427,0.008276214,0,1,0,0,0,9.693383615,0.757215797,8,0,0,0,0,0,1,0,0,0,0,0,0,1,0,0,0,0,0,2.302585093,11,1,0,1,1,0.26,0
0.053867219,0.008274534,0,1,0,0,0,9.693383615,0.757215797,8,0,0,0,0,0,1,0,0,0,0,0,0,1,0,0,0,0,0,2.302585093,11,1,0,1,0,0.26,0
-0.020040568,0.019086255,0,0,0,0,0,8.032684876,0.757215797,8,0,0,0,0,0,0,0,0,0,0,0,0,1,0,0,0,0,0,2.302585093,11,1,0,1,1,0.26,0
0.018705014,0.019086749,0,0,0,0,0,8.032684876,0.757215797,8,0,0,0,0,0,1,0,0,0,0,0,0,1,0,0,0,0,0,2.302585093,11,1,0,1,1,0.26,0
0.028427557,0.019078897,0,0,0,0,0,8.032684876,0.757215797,8,0,0,0,0,0,1,0,0,0,0,0,0,1,0,0,0,0,0,2.302585093,11,1,0,1,0,0.26,0
-0.042638466,0.008279314,0,0,0,0,0,9.693383615,0.757215797,8,0,0,0,0,0,0,0,0,0,0,0,0,1,0,0,0,0,0,2.302585093,11,1,0,1,1,0.26,0
-0.002817518,0.008286817,0,0,0,0,0,9.693383615,0.757215797,8,0,0,0,0,0,1,0,0,0,0,0,0,1,0,0,0,0,0,2.302585093,11,1,0,1,1,0.26,0
0.000662925,0.008286564,0,0,0,0,0,9.693383615,0.757215797,8,0,0,0,0,0,1,0,0,0,0,0,0,1,0,0,0,0,0,2.302585093,11,1,0,1,0,0.26,0
-0.064524651,0.030436156,0,1,0,0,0,7.106606138,0.757215797,8,0,0,0,0,0,0,0,0,0,0,0,0,1,0,0,0,0,0,2.302585093,11,1,0,1,1,0.26,0
0.007014762,0.030498964,0,1,0,0,0,7.106606138,0.757215797,8,0,0,0,0,0,1,0,0,0,0,0,0,1,0,0,0,0,0,2.302585093,11,1,0,1,1,0.26,0
-0.042448505,0.024118469,0,1,0,0,0,7.528331767,0.757215797,8,0,0,0,0,0,0,0,0,0,0,0,0,1,0,0,0,0,0,2.302585093,11,1,0,1,1,0.26,0
0.035463812,0.024125042,0,1,0,0,0,7.528331767,0.757215797,8,0,0,0,0,0,1,0,0,0,0,0,0,1,0,0,0,0,0,2.302585093,11,1,0,1,1,0.26,0
-0.033770184,0.0190792,0,1,0,0,0,8.032684876,0.757215797,8,0,0,0,0,0,0,0,0,0,0,0,0,1,0,0,0,0,0,2.302585093,11,1,0,1,1,0.26,0
0.007635813,0.019089532,0,1,0,0,0,8.032684876,0.757215797,8,0,0,0,0,0,0,1,0,0,0,0,0,1,0,0,0,0,0,2.302585093,11,1,0,1,1,0.26,0
0.020609162,0.019082557,0,1,0,0,0,8.032684876,0.757215797,8,0,0,0,0,0,0,1,0,0,0,0,0,1,0,0,0,0,0,2.302585093,11,1,0,1,0,0.26,0
-0.014500463,0.008285979,0,1,0,0,0,9.693383615,0.757215797,8,0,0,0,0,0,0,0,0,0,0,0,0,1,0,0,0,0,0,2.302585093,11,1,0,1,1,0.26,0
0.041481385,0.008279717,0,1,0,0,0,9.693383615,0.757215797,8,0,0,0,0,0,0,1,0,0,0,0,0,1,0,0,0,0,0,2.302585093,11,1,0,1,1,0.26,0
0.080367476,0.008259761,0,1,0,0,0,9.693383615,0.757215797,8,0,0,0,0,0,0,1,0,0,0,0,0,1,0,0,0,0,0,2.302585093,11,1,0,1,0,0.26,0
-0.022902098,0.019085082,0,0,0,0,0,8.032684876,0.757215797,8,0,0,0,0,0,0,0,0,0,0,0,0,1,0,0,0,0,0,2.302585093,11,1,0,1,1,0.26,0
0.033579608,0.019079323,0,0,0,0,0,8.032684876,0.757215797,8,0,0,0,0,0,0,1,0,0,0,0,0,1,0,0,0,0,0,2.302585093,11,1,0,1,1,0.26,0
0.021181385,0.019082329,0,0,0,0,0,8.032684876,0.757215797,8,0,0,0,0,0,0,1,0,0,0,0,0,1,0,0,0,0,0,2.302585093,11,1,0,1,0,0.26,0
-0.033708313,0.008282141,0,0,0,0,0,9.693383615,0.757215797,8,0,0,0,0,0,0,0,0,0,0,0,0,1,0,0,0,0,0,2.302585093,11,1,0,1,1,0.26,0
0.029405597,0.008283267,0,0,0,0,0,9.693383615,0.757215797,8,0,0,0,0,0,0,1,0,0,0,0,0,1,0,0,0,0,0,2.302585093,11,1,0,1,1,0.26,0
0.011931805,0.008285976,0,0,0,0,0,9.693383615,0.757215797,8,0,0,0,0,0,0,1,0,0,0,0,0,1,0,0,0,0,0,2.302585093,11,1,0,1,0,0.26,0
-0.088399331,0.038367765,0,1,0,0,0,6.551080335,0,9,0,0,0,0,0,0,1,0,0,0,0,0,1,0,0,0,0,0,2.197224577,13.5,0,0,1,0,0,0
0.073972703,0.038327826,0,1,0,0,0,6.551080335,0,9,0,0,0,0,0,0,1,0,0,0,0,0,1,0,0,0,0,0,2.197224577,13.5,0,0,1,0,0,0
-0.106994997,0.038212499,0,1,0,0,0,6.551080335,0,9,0,0,0,0,0,0,1,0,0,0,0,0,1,0,0,0,0,0,2.197224577,13.5,0,0,1,0,0,0
0.096021388,0.038255533,0,1,0,0,0,6.551080335,0,9,0,0,0,0,0,0,1,0,0,0,0,0,1,0,0,0,0,0,2.197224577,13.5,0,0,1,0,0,0
-0.108505627,0.038206207,0,1,0,0,0,6.551080335,0,9,0,0,0,0,0,0,1,0,0,0,0,0,1,0,0,0,0,0,2.197224577,13.5,0,0,1,0,0,0
-0.06896,0.062473,0,0,1,0,0,5.583496309,0.34657359,10,0,1,1,0,0,0,0,0,1,1,0,0,0,0,0,1,0,0,1.609438,16.5,1,0,1,1,0.005,0
-0.39583,0.057395,0,0,1,0,0,5.583496309,0.34657359,10,0,0,1,0,0,0,0,0,1,1,0,0,0,0,0,1,0,0,1.609438,16.5,1,0,1,1,0.005,0
-0.04967,0.062545,0,0,1,0,0,5.583496309,0.34657359,10,0,1,1,0,0,0,0,0,1,1,0,0,0,0,0,1,0,0,1.609438,16.5,1,0,1,1,0.005,0
-0.3822,0.057755,0,0,1,0,0,5.583496309,0.34657359,10,0,0,1,0,0,0,0,0,1,1,0,0,0,0,0,1,0,0,1.609438,16.5,1,0,1,1,0.005,0
0.007108,0.062498,0,0,1,0,0,5.583496309,0.34657359,10,0,1,1,0,0,0,0,0,1,1,0,0,0,0,0,1,0,0,1.609438,16.5,1,0,1,1,0.005,0
-0.35506,0.058314,0,0,1,0,0,5.583496309,0.34657359,10,0,0,1,0,0,0,0,0,1,1,0,0,0,0,0,1,0,0,1.609438,16.5,1,0,1,1,0.005,0
-0.02978,0.062595,0,1,0,0,0,5.583496309,0.34657359,10,0,1,1,0,0,0,0,0,1,1,0,0,0,0,0,1,0,0,1.609438,16.5,1,0,1,1,0.005,0
-0.29676,0.059684,0,1,0,0,0,5.583496309,0.34657359,10,0,0,1,0,0,0,0,0,1,1,0,0,0,0,0,1,0,0,1.609438,16.5,1,0,1,1,0.005,0
-0.01952,0.062611,0,1,0,0,0,5.583496309,0.34657359,10,0,1,1,0,0,0,0,0,1,1,0,0,0,0,0,1,0,0,1.609438,16.5,1,0,1,1,0.005,0
-0.26324,0.060296,0,1,0,0,0,5.583496309,0.34657359,10,0,0,1,0,0,0,0,0,1,1,0,0,0,0,0,1,0,0,1.609438,16.5,1,0,1,1,0.005,0
0.009477,0.062497,0,1,0,0,0,5.583496309,0.34657359,10,0,1,1,0,0,0,0,0,1,1,0,0,0,0,0,1,0,0,1.609438,16.5,1,0,1,1,0.005,0
-0.43936,0.056035,0,1,0,0,0,5.583496309,0.34657359,10,0,0,1,0,0,0,0,0,1,1,0,0,0,0,0,1,0,0,1.609438,16.5,1,0,1,1,0.005,0
0.182578857,0.101408431,0,0,1,0,0,4.615120517,1.098612289,13,0,0,1,0,0,0,0,1,0,1,0,0,0,0,0,1,1,0,2.079441542,16,1,0,0,0,0,0
0.181626515,0.100891386,0,0,1,0,0,4.615120517,1.098612289,13,0,0,0,0,0,1,0,1,0,1,0,0,0,0,0,1,1,0,2.079441542,16,1,0,0,0,0,0
-0.069300039,0.102351176,0,0,1,0,0,4.615120517,1.098612289,13,0,0,0,0,0,0,1,1,0,1,0,0,0,0,0,1,1,0,2.079441542,16,1,0,0,0,0,0
-0.204099415,0.113039428,0,0,1,0,0,4.406719247,1.098612289,13,0,0,1,0,0,0,0,0,0,1,0,0,0,0,0,1,1,0,2.079441542,16,1,0,0,0,0,0
0.077507283,0.114362801,0,0,1,0,0,4.406719247,1.098612289,13,0,0,0,0,0,1,0,0,0,1,0,0,0,0,0,1,1,0,2.079441542,16,1,0,0,0,0,0
0.077507283,0.114362801,0,0,1,0,0,4.406719247,1.098612289,13,0,0,0,0,0,0,1,0,0,1,0,0,0,0,0,1,1,0,2.079441542,16,1,0,0,0,0,0
0.050880854,0.075280202,0,0,1,0,0,5.209486153,1.098612289,13,0,0,1,0,0,0,0,0,0,1,0,0,0,0,0,1,1,0,2.079441542,16,1,0,0,0,0,0
0.13341726,0.074492628,0,0,1,0,0,5.209486153,1.098612289,13,0,0,0,0,0,1,0,0,0,1,0,0,0,0,0,1,1,0,2.079441542,16,1,0,0,0,0,0
-0.050736699,0.075067796,0,0,1,0,0,5.209486153,1.098612289,13,0,0,0,0,0,0,1,0,0,1,0,0,0,0,0,1,1,0,2.079441542,16,1,0,0,0,0,0
0.182578857,0.101408431,0,0,1,0,0,4.615120517,1.098612289,13,0,0,1,0,0,0,0,1,0,1,0,0,0,0,0,1,1,0,2.079441542,16,1,0,0,0,0,0
0.069300039,0.102351176,0,0,1,0,0,4.615120517,1.098612289,13,0,0,0,0,0,1,0,1,0,1,0,0,0,0,0,1,1,0,2.079441542,16,1,0,0,0,0,0
-0.069300039,0.102351176,0,0,1,0,0,4.615120517,1.098612289,13,0,0,0,0,0,0,1,1,0,1,0,0,0,0,0,1,1,0,2.079441542,16,1,0,0,0,0,0
-0.07802413,0.11511804,0,0,1,0,0,4.406719247,1.098612289,13,0,0,1,0,0,0,0,0,0,1,0,0,0,0,0,1,1,0,2.079441542,16,1,0,0,0,0,0
0.202771744,0.112324929,0,0,1,0,0,4.406719247,1.098612289,13,0,0,0,0,0,1,0,0,0,1,0,0,0,0,0,1,1,0,2.079441542,16,1,0,0,0,0,0
0.077507283,0.114362801,0,0,1,0,0,4.406719247,1.098612289,13,0,0,0,0,0,0,1,0,0,1,0,0,0,0,0,1,1,0,2.079441542,16,1,0,0,0,0,0
0.050880854,0.075280202,0,0,1,0,0,5.209486153,1.098612289,13,0,0,1,0,0,0,0,0,0,1,0,0,0,0,0,1,1,0,2.079441542,16,1,0,0,0,0,0
0.050736699,0.075067796,0,0,1,0,0,5.209486153,1.098612289,13,0,0,0,0,0,1,0,0,0,1,0,0,0,0,0,1,1,0,2.079441542,16,1,0,0,0,0,0
-0.050736699,0.075067796,0,0,1,0,0,5.209486153,1.098612289,13,0,0,0,0,0,0,1,0,0,1,0,0,0,0,0,1,1,0,2.079441542,16,1,0,0,0,0,0
0.182578857,0.101408431,0,0,1,0,0,4.615120517,1.098612289,13,0,0,1,0,0,0,0,1,0,1,0,0,0,0,0,1,1,0,2.079441542,16,1,0,0,0,0,0
0.069300039,0.102351176,0,0,1,0,0,4.615120517,1.098612289,13,0,0,0,0,0,1,0,1,0,1,0,0,0,0,0,1,1,0,2.079441542,16,1,0,0,0,0,0
-0.069300039,0.102351176,0,0,1,0,0,4.615120517,1.098612289,13,0,0,0,0,0,0,1,1,0,1,0,0,0,0,0,1,1,0,2.079441542,16,1,0,0,0,0,0
-0.204099415,0.113039428,0,0,1,0,0,4.406719247,1.098612289,13,0,0,1,0,0,0,0,0,0,1,0,0,0,0,0,1,1,0,2.079441542,16,1,0,0,0,0,0
0.077507283,0.114362801,0,0,1,0,0,4.406719247,1.098612289,13,0,0,0,0,0,1,0,0,0,1,0,0,0,0,0,1,1,0,2.079441542,16,1,0,0,0,0,0
0.077507283,0.114362801,0,0,1,0,0,4.406719247,1.098612289,13,0,0,0,0,0,0,1,0,0,1,0,0,0,0,0,1,1,0,2.079441542,16,1,0,0,0,0,0
0.050880854,0.075280202,0,0,1,0,0,5.209486153,1.098612289,13,0,0,1,0,0,0,0,0,0,1,0,0,0,0,0,1,1,0,2.079441542,16,1,0,0,0,0,0
0.050736699,0.075067796,0,0,1,0,0,5.209486153,1.098612289,13,0,0,0,0,0,1,0,0,0,1,0,0,0,0,0,1,1,0,2.079441542,16,1,0,0,0,0,0
0.050736699,0.075067796,0,0,1,0,0,5.209486153,1.098612289,13,0,0,0,0,0,0,1,0,0,1,0,0,0,0,0,1,1,0,2.079441542,16,1,0,0,0,0,0
0.069668734,0.102891508,0,0,1,0,0,4.615120517,1.098612289,13,0,0,1,0,0,0,0,1,0,1,0,0,0,0,0,1,1,0,2.079441542,16,1,0,0,0,0,0
-0.069300039,0.102351176,0,0,1,0,0,4.615120517,1.098612289,13,0,0,0,0,0,1,0,1,0,1,0,0,0,0,0,1,1,0,2.079441542,16,1,0,0,0,0,0
-0.181626515,0.100891386,0,0,1,0,0,4.615120517,1.098612289,13,0,0,0,0,0,0,1,1,0,1,0,0,0,0,0,1,1,0,2.079441542,16,1,0,0,0,0,0
-0.07802413,0.11511804,0,0,1,0,0,4.406719247,1.098612289,13,0,0,1,0,0,0,0,0,0,1,0,0,0,0,0,1,1,0,2.079441542,16,1,0,0,0,0,0
0.077507283,0.114362801,0,0,1,0,0,4.406719247,1.098612289,13,0,0,0,0,0,1,0,0,0,1,0,0,0,0,0,1,1,0,2.079441542,16,1,0,0,0,0,0
0.077507283,0.114362801,0,0,1,0,0,4.406719247,1.098612289,13,0,0,0,0,0,0,1,0,0,1,0,0,0,0,0,1,1,0,2.079441542,16,1,0,0,0,0,0
0.050880854,0.075280202,0,0,1,0,0,5.209486153,1.098612289,13,0,0,1,0,0,0,0,0,0,1,0,0,0,0,0,1,1,0,2.079441542,16,1,0,0,0,0,0
0.050736699,0.075067796,0,0,1,0,0,5.209486153,1.098612289,13,0,0,0,0,0,1,0,0,0,1,0,0,0,0,0,1,1,0,2.079441542,16,1,0,0,0,0,0
-0.050736699,0.075067796,0,0,1,0,0,5.209486153,1.098612289,13,0,0,0,0,0,0,1,0,0,1,0,0,0,0,0,1,1,0,2.079441542,16,1,0,0,0,0,0
0.070043376,0.103440489,0,0,1,0,0,4.615120517,1.098612289,13,0,0,1,0,0,0,0,1,0,1,0,0,0,0,0,1,1,0,2.079441542,16,1,0,0,0,0,0
0.069668734,0.102891508,0,0,1,0,0,4.615120517,1.098612289,13,0,0,0,0,0,1,0,1,0,1,0,0,0,0,0,1,1,0,2.079441542,16,1,0,0,0,0,0
-0.069668734,0.102891508,0,0,1,0,0,4.615120517,1.098612289,13,0,0,0,0,0,0,1,1,0,1,0,0,0,0,0,1,1,0,2.079441542,16,1,0,0,0,0,0
-0.205453504,0.113767714,0,0,1,0,0,4.406719247,1.098612289,13,0,0,1,0,0,0,0,0,0,1,0,0,0,0,0,1,1,0,2.079441542,16,1,0,0,0,0,0
0.07802413,0.11511804,0,0,1,0,0,4.406719247,1.098612289,13,0,0,0,0,0,1,0,0,0,1,0,0,0,0,0,1,1,0,2.079441542,16,1,0,0,0,0,0
0.07802413,0.11511804,0,0,1,0,0,4.406719247,1.098612289,13,0,0,0,0,0,0,1,0,0,1,0,0,0,0,0,1,1,0,2.079441542,16,1,0,0,0,0,0
0.051026246,0.075494421,0,0,1,0,0,5.209486153,1.098612289,13,0,0,1,0,0,0,0,0,0,1,0,0,0,0,0,1,1,0,2.079441542,16,1,0,0,0,0,0
0.133793407,0.074700133,0,0,1,0,0,5.209486153,1.098612289,13,0,0,0,0,0,1,0,0,0,1,0,0,0,0,0,1,1,0,2.079441542,16,1,0,0,0,0,0
-0.050880854,0.075280202,0,0,1,0,0,5.209486153,1.098612289,13,0,0,0,0,0,0,1,0,0,1,0,0,0,0,0,1,1,0,2.079441542,16,1,0,0,0,0,0
-0.07914,0.04436,0,0,1,0,0,6.315358002,0.173286795,10,0,0,1,0,0,0,0,0,1,1,0,0,0,0,0,1,0,0,2.833213,5.5,1,0,1,0,0,0
0.099543,0.044278,0,0,1,0,0,6.315358002,0.173286795,10,0,0,0,0,1,0,0,0,1,1,0,0,0,0,0,1,0,0,2.833213,5.5,1,0,1,0,0,0
0.099543,0.044278,0,1,0,0,0,6.315358002,0.173286795,10,0,0,0,0,1,0,0,0,1,1,0,0,0,0,0,1,0,0,2.833213,5.5,1,0,1,0,0,0
-0.03002,0.044479,0,1,0,0,0,6.315358002,0.173286795,10,0,0,1,0,0,0,0,0,1,1,0,0,0,0,0,1,0,0,2.833213,5.5,1,0,1,0,0,0
-0.09954,0.044278,0,0,1,0,0,6.315358002,0.173286795,10,0,0,1,0,0,0,0,0,1,0,0,0,1,0,0,0,0,0,2.833213,5.5,1,0,1,0,0,0
0.099543,0.044278,0,0,1,0,0,6.315358002,0.173286795,10,0,0,0,0,1,0,0,0,1,0,0,0,1,0,0,0,0,0,2.833213,5.5,1,0,1,0,0,0
0.079144,0.04436,0,1,0,0,0,6.315358002,0.173286795,10,0,0,0,0,1,0,0,0,1,0,0,0,1,0,0,0,0,0,2.833213,5.5,1,0,1,0,0,0
-0.03002,0.044479,0,1,0,0,0,6.315358002,0.173286795,10,0,0,1,0,0,0,0,0,1,0,0,0,1,0,0,0,0,0,2.833213,5.5,1,0,1,0,0,0
-0.10612,0.08558,1,0,0,0,0,4.934473933,0.309104245,4,0,0,0,0,0,1,0,0,0,0,0,0,1,0,0,0,1,0,2.079442,1,0,0,0,0,0.043,0
0.156807,0.142552,1,0,0,0,0,4.007333185,0.309104245,4,0,0,0,0,0,1,0,0,0,0,0,0,1,0,0,0,1,0,2.079442,1,0,0,0,0,0.043,0
0.099504,0.142148,1,0,0,0,0,4.007333185,0.309104245,4,0,0,0,0,0,1,0,0,0,0,0,0,1,0,0,0,1,0,2.079442,1,0,0,0,0,0.043,0
-0.18986,0.061244,1,0,0,0,0,5.564520407,0.309104245,4,0,0,0,0,0,1,0,0,0,0,0,0,0,1,0,0,1,0,2.079442,1,0,0,0,0,0.043,0
0.186413,0.093675,1,0,0,0,0,4.762173935,0.309104245,4,0,0,0,0,0,1,0,0,0,0,0,0,0,1,0,0,1,0,2.079442,1,0,0,0,0,0.043,0
0.178382,0.093393,1,0,0,0,0,4.762173935,0.309104245,4,0,0,0,0,0,1,0,0,0,0,0,0,0,1,0,0,1,0,2.079442,1,0,0,0,0,0.043,0
-0.04684,0.029782,0,1,0,0,0,7.027314514,0.287823137,6,0,0,0,0,0,1,0,1,0,0,0,0,1,0,0,0,0,0,2.944439,6.5,0,0,0,0,0,0
0.073622,0.029773,0,1,0,0,0,7.027314514,0.287823137,6,0,0,0,0,0,1,0,1,0,0,0,0,1,0,0,0,0,0,2.944439,6.5,0,0,1,0,0,0
-0.05207,0.029774,0,1,0,0,0,7.027314514,0.287823137,6,0,0,0,0,0,1,0,1,0,0,0,0,1,0,0,0,0,0,2.944439,6.5,0,0,0,0,0,0
0.065847,0.029789,0,1,0,0,0,7.027314514,0.287823137,6,0,0,0,0,0,1,0,1,0,0,0,0,1,0,0,0,0,0,2.944439,6.5,0,0,1,0,0,0
-0.0298,0.029801,0,1,0,0,0,7.027314514,0.287823137,6,0,0,0,0,0,0,1,1,0,0,0,0,1,0,0,0,0,0,2.944439,6.5,0,0,0,0,0,0
-0.07443,0.029771,0,1,0,0,0,7.027314514,0.287823137,6,0,0,0,0,0,0,1,1,0,0,0,0,1,0,0,0,0,0,2.944439,6.5,0,0,1,0,0,0
-0.00887,0.032512,0,1,0,0,0,6.854354502,0.287823137,6,0,0,0,0,1,0,0,1,0,0,0,0,1,0,0,0,0,0,2.944439,6.5,0,0,0,0,0,0
-0.0609,0.032504,0,1,0,0,0,6.854354502,0.287823137,6,0,0,0,0,1,0,0,1,0,0,0,0,1,0,0,0,0,0,2.944439,6.5,0,0,1,0,0,0
-0.00948,0.02864,0,0,1,0,0,7.107425474,0.287823137,6,0,0,0,0,0,1,0,1,0,0,0,0,1,0,0,0,0,0,2.944439,6.5,0,0,0,0,0,0
-0.05654,0.028631,0,0,1,0,0,7.107425474,0.287823137,6,0,0,0,0,0,1,0,1,0,0,0,0,1,0,0,0,0,0,2.944439,6.5,0,0,1,0,0,0
0.003115,0.028642,0,0,1,0,0,7.107425474,0.287823137,6,0,0,0,0,0,1,0,1,0,0,0,0,1,0,0,0,0,0,2.944439,6.5,0,0,0,0,0,0
-0.07428,0.028586,0,0,1,0,0,7.107425474,0.287823137,6,0,0,0,0,0,1,0,1,0,0,0,0,1,0,0,0,0,0,2.944439,6.5,0,0,1,0,0,0
-0.00955,0.02864,0,0,1,0,0,7.107425474,0.287823137,6,0,0,0,0,0,0,1,1,0,0,0,0,1,0,0,0,0,0,2.944439,6.5,0,0,0,0,0,0
-0.08568,0.02856,0,0,1,0,0,7.107425474,0.287823137,6,0,0,0,0,0,0,1,1,0,0,0,0,1,0,0,0,0,0,2.944439,6.5,0,0,1,0,0,0
0.107662,0.031534,0,0,1,0,0,6.903747258,0.287823137,6,0,0,0,0,1,0,0,1,0,0,0,0,1,0,0,0,0,0,2.944439,6.5,0,0,0,0,0,0
0.088646,0.031625,0,0,1,0,0,6.903747258,0.287823137,6,0,0,0,0,1,0,0,1,0,0,0,0,1,0,0,0,0,0,2.944439,6.5,0,0,1,0,0,0
0.060612,0.036545,0,0,1,0,0,6.621405652,0,13,0,0,0,0,0,1,0,0,1,0,0,0,0,1,0,0,0,0,2.639057,14,1,0,1,0,0.031,0
0.021962,0.036604,0,0,1,0,0,6.621405652,0,13,0,0,0,0,0,0,1,0,1,0,0,0,0,1,0,0,0,0,2.639057,14,1,0,1,0,0.031,0
0.182437,0.035998,0,0,0,0,0,6.621405652,0,13,0,0,0,0,0,1,0,0,1,0,0,0,0,1,0,0,0,0,2.639057,14,1,0,1,0,0.031,0
0.009285,0.037528,0,0,0,0,0,6.621405652,0,13,0,0,0,0,0,0,1,0,1,0,0,0,1,0,0,0,0,0,2.639057,14,1,0,1,0,0.031,0
0.115443,0.037278,0,0,0,0,0,6.621405652,0,13,0,0,0,0,0,1,0,0,1,0,0,0,1,0,0,0,0,0,2.639057,14,1,0,1,0,0.031,0
0.160839,0.037041,0,0,0,0,0,6.621405652,0,13,0,0,0,0,0,0,1,0,1,0,0,0,1,0,0,0,0,0,2.639057,14,1,0,1,0,0.031,0
-0.16507,0.037015,0,0,0,0,0,6.621405652,0,13,0,0,0,0,0,1,0,0,1,0,0,0,1,0,0,0,0,0,2.639057,14,1,0,1,0,0.031,1
-0.19526,0.036807,0,0,0,0,0,6.621405652,0,13,0,0,0,0,0,0,1,0,1,0,0,0,1,0,0,0,0,0,2.639057,14,1,0,1,0,0.031,1
0.009371,0.037528,0,0,0,0,0,6.621405652,0,13,0,0,0,0,0,1,0,0,1,0,0,0,1,0,0,0,0,0,2.639057,14,1,0,1,0,0.031,0
-0.04699,0.037488,0,0,0,0,0,6.621405652,0,13,0,0,0,0,0,0,1,0,1,0,0,0,1,0,0,0,0,0,2.639057,14,1,0,1,0,0.031,0
0.02551,0.036601,0,0,1,0,0,6.621405652,0,13,0,0,0,0,1,0,0,0,1,0,0,0,0,1,0,0,0,0,2.639057,14,1,0,1,0,0.031,0
-0.06264,0.036541,0,0,0,0,0,6.621405652,0,13,0,0,0,0,1,0,0,0,1,0,0,0,0,1,0,0,0,0,2.639057,14,1,0,1,0,0.031,0
-0.00283,0.037529,0,0,0,0,0,6.621405652,0,13,0,0,0,0,1,0,0,0,1,0,0,0,1,0,0,0,0,0,2.639057,14,1,0,1,0,0.031,0
-0.01085,0.037527,0,0,0,0,0,6.621405652,0,13,0,0,0,0,1,0,0,0,1,0,0,0,1,0,0,0,0,0,2.639057,14,1,0,1,0,0.031,1
0.026269,0.037516,0,0,0,0,0,6.621405652,0,13,0,0,0,0,1,0,0,0,1,0,0,0,1,0,0,0,0,0,2.639057,14,1,0,1,0,0.031,0
0.063531,0.036539,0,0,1,0,0,6.621405652,0,13,0,0,0,0,0,1,0,0,1,0,0,0,0,1,0,0,0,0,2.639057,14,1,0,1,0,0.031,0
0.022164,0.036604,0,0,1,0,0,6.621405652,0,13,0,0,0,0,0,1,0,0,1,0,0,0,0,1,0,0,0,0,2.639057,14,1,0,1,0,0.031,0
0.19076,0.03594,0,0,0,0,0,6.621405652,0,13,0,0,0,0,0,1,0,0,1,0,0,0,0,1,0,0,0,0,2.639057,14,1,0,1,0,0.031,0
0.207043,0.035819,0,0,0,0,0,6.621405652,0,13,0,0,0,0,0,1,0,0,1,0,0,0,0,1,0,0,0,0,2.639057,14,1,0,1,0,0.031,0
0.163761,0.037023,0,0,0,0,0,6.621405652,0,13,0,0,0,0,0,1,0,0,1,0,0,0,1,0,0,0,0,0,2.639057,14,1,0,1,0,0.031,0
0.154206,0.03708,0,0,0,0,0,6.621405652,0,13,0,0,0,0,0,1,0,0,1,0,0,0,1,0,0,0,0,0,2.639057,14,1,0,1,0,0.031,0
-0.212,0.036676,0,0,0,0,0,6.621405652,0,13,0,0,0,0,0,1,0,0,1,0,0,0,1,0,0,0,0,0,2.639057,14,1,0,1,0,0.031,1
-0.17663,0.036939,0,0,0,0,0,6.621405652,0,13,0,0,0,0,0,1,0,0,1,0,0,0,1,0,0,0,0,0,2.639057,14,1,0,1,0,0.031,1
-0.04451,0.037492,0,0,0,0,0,6.621405652,0,13,0,0,0,0,0,1,0,0,1,0,0,0,1,0,0,0,0,0,2.639057,14,1,0,1,0,0.031,0
-0.07029,0.037437,0,0,0,0,0,6.621405652,0,13,0,0,0,0,0,1,0,0,1,0,0,0,1,0,0,0,0,0,2.639057,14,1,0,1,0,0.031,0
0.921273,0.013363,0,0,1,0,0,6.828712072,0,13,0,1,0,0,0,0,1,0,1,1,0,0,0,0,0,1,0,0,2.70805,15.5,0,0,1,0,0,0
0.323122,0.032517,0,0,1,0,0,6.828712072,0,13,0,1,0,0,0,1,0,0,1,1,0,0,0,0,0,1,0,0,2.70805,15.5,0,0,1,0,0,0
-0.23809,0.033392,0,1,0,0,0,6.828712072,0,13,0,1,0,0,1,0,0,0,1,1,0,0,0,0,0,1,0,0,2.564949,16.5,0,0,1,0,0,0
0.040942,0.034332,0,0,1,0,0,6.828712072,0,13,0,1,0,0,1,0,0,0,1,1,0,0,0,0,0,1,0,0,2.70805,15.5,0,0,1,0,0,0
0.235413,0.033414,0,1,0,0,0,6.828712072,0,13,0,1,0,0,0,1,0,0,1,1,0,0,0,0,0,1,0,0,2.564949,16.5,0,0,1,0,0,0
0.394123,0.031598,0,1,0,0,0,6.828712072,0,13,0,1,0,0,0,0,1,0,1,1,0,0,0,0,0,1,0,0,2.564949,16.5,0,0,1,0,0,0
0.054099,0.027047,0,0,0,0,1,7.592366129,0.687855731,8,0,0,1,0,0,0,0,0,0,0,0,0,1,0,0,0,0,0,1.94591,11.5,1,0,1,0,0.038,0
0.016047,0.027083,0,0,0,0,1,7.592366129,0.687855731,8,0,0,1,0,0,0,0,0,0,1,0,0,0,0,0,1,0,0,1.94591,11.5,1,0,1,0,0.038,0
0.084873,0.027038,0,0,0,0,1,7.589841512,0.687855731,8,0,0,1,0,0,0,0,0,0,0,0,0,1,0,0,0,0,0,1.94591,11.5,1,0,1,0,0.038,0
0.012913,0.027134,0,0,0,0,1,7.589841512,0.687855731,8,0,0,1,0,0,0,0,0,0,1,0,0,0,0,0,1,0,0,1.94591,11.5,1,0,1,0,0.038,0
0.053532,0.027537,0,1,0,0,0,7.567862605,0.687855731,8,0,0,1,0,0,0,0,0,0,0,0,0,1,0,0,0,0,0,1.94591,11.5,1,0,1,0,0.038,0
0.091091,0.027462,0,1,0,0,0,7.567862605,0.687855731,8,0,0,1,0,0,0,0,0,0,1,0,0,0,0,0,1,0,0,1.94591,11.5,1,0,1,0,0.038,0
0.079275,0.027469,0,1,0,0,0,7.568895663,0.687855731,8,0,0,1,0,0,0,0,0,0,0,0,0,1,0,0,0,0,0,1.94591,11.5,1,0,1,0,0.038,0
0.113209,0.027378,0,1,0,0,0,7.568895663,0.687855731,8,0,0,1,0,0,0,0,0,0,1,0,0,0,0,0,1,0,0,1.94591,11.5,1,0,1,0,0.038,0
-0.06227,0.026945,0,0,0,0,0,7.596894438,0.687855731,8,0,0,1,0,0,0,0,0,0,0,0,0,1,0,0,0,0,0,1.94591,11.5,1,0,1,0,0.038,1
0.039736,0.026976,0,0,0,0,0,7.596894438,0.687855731,8,0,0,1,0,0,0,0,0,0,1,0,0,0,0,0,1,0,0,1.94591,11.5,1,0,1,0,0.038,1
-0.02134,0.0322,0,0,0,0,0,7.367708572,0.687855731,8,0,0,1,0,0,0,0,0,0,0,0,0,1,0,0,0,0,0,1.94591,11.5,1,0,1,0,0.038,1
-0.07416,0.032119,0,0,0,0,0,7.367708572,0.687855731,8,0,0,1,0,0,0,0,0,0,1,0,0,0,0,0,1,0,0,1.94591,11.5,1,0,1,0,0.038,1
0.059035,0.019589,0,0,0,0,0,7.866722285,0.549306144,12,0,0,1,0,0,0,0,0,0,1,0,0,0,0,0,1,0,0,2.70805,9.5,1,0,1,0,0,0
-0.03502,0.019611,0,0,0,0,0,7.866722285,0.549306144,12,0,0,1,0,0,0,0,0,0,1,0,0,0,0,0,1,0,0,2.70805,9.5,1,0,1,0,0,0
0.028418,0.018217,0,0,0,0,1,8.014004995,0.549306144,12,0,0,1,0,0,0,0,0,0,1,0,0,0,0,0,1,0,0,2.639057,10,1,0,1,0,0,0
0.010205,0.018223,0,0,0,0,1,8.014004995,0.549306144,12,0,0,1,0,0,0,0,0,0,1,0,0,0,0,0,1,0,0,2.639057,10,1,0,1,0,0,0
0.065502,0.02149,0,0,0,0,0,7.681560363,0.549306144,12,0,0,1,0,0,0,0,0,1,1,0,0,0,0,0,1,0,0,2.70805,9.5,1,0,1,0,0,0
-0.0498,0.02151,0,0,0,0,0,7.681560363,0.549306144,12,0,0,1,0,0,0,0,0,1,1,0,0,0,0,0,1,0,0,2.70805,9.5,1,0,1,0,0,0
0.037115,0.019848,0,0,0,0,1,7.842671475,0.549306144,12,0,0,1,0,0,0,0,0,1,1,0,0,0,0,0,1,0,0,2.639057,10,1,0,1,0,0,0
0.016483,0.019859,0,0,0,0,1,7.842671475,0.549306144,12,0,0,1,0,0,0,0,0,1,1,0,0,0,0,0,1,0,0,2.639057,10,1,0,1,0,0,0
0.043782,0.018054,0,0,0,0,0,8.034955025,0.549306144,12,0,0,1,0,0,0,0,0,0,0,0,0,0,0,0,0,0,0,2.772589,9,1,0,1,0,0,0
0.030849,0.017321,0,0,0,0,1,8.117610746,0.549306144,12,0,0,1,0,0,0,0,0,0,0,0,0,0,0,0,0,0,0,2.639057,10,1,0,1,0,0,0
0.06613,0.01974,0,0,0,0,0,7.855544678,0.549306144,12,0,0,1,0,0,0,0,0,1,0,0,0,0,0,0,0,0,0,2.772589,9,1,0,1,0,0,0
0.053081,0.018895,0,0,0,0,1,7.943072717,0.549306144,12,0,0,1,0,0,0,0,0,1,0,0,0,0,0,0,0,0,0,2.639057,10,1,0,1,0,0,0
-0.0228,0.038004,0,1,0,0,0,6.561030666,0.402359478,11,0,0,1,0,0,0,0,0,1,0,0,0,0,0,1,0,0,0,1.94591,13.5,1,0,1,1,0,0
0.008363,0.038013,0,1,0,0,0,6.561030666,0.402359478,11,0,0,0,0,0,1,0,0,1,0,0,0,0,0,1,0,0,0,1.94591,13.5,1,0,1,1,0,0
0.235,0.03695,0,0,0,0,0,6.561030666,0.402359478,11,0,0,1,0,0,0,0,0,1,0,0,0,0,0,1,0,0,0,1.94591,13.5,1,0,1,1,0,0
0.147389,0.037599,0,0,0,0,0,6.561030666,0.402359478,11,0,0,0,0,0,1,0,0,1,0,0,0,0,0,1,0,0,0,1.94591,13.5,1,0,1,1,0,0
-0.03305,0.037994,0,0,0,0,1,6.561030666,0.402359478,11,0,0,1,0,0,0,0,0,1,0,0,0,0,0,1,0,0,0,1.94591,13.5,1,0,1,1,0,0
-0.06827,0.037926,0,0,0,0,1,6.561030666,0.402359478,11,0,0,0,0,0,1,0,0,1,0,0,0,0,0,1,0,0,0,1.94591,13.5,1,0,1,1,0,0
-0.06789,0.037927,0,0,0,0,1,6.561030666,0.402359478,11,0,0,1,0,0,0,0,0,1,0,0,0,0,0,1,0,0,0,1.94591,13.5,1,0,1,1,0,0
0.014064,0.038011,0,0,0,0,1,6.561030666,0.402359478,11,0,0,0,0,0,1,0,0,1,0,0,0,0,0,1,0,0,0,1.94591,13.5,1,0,1,1,0,0
-0.03419,0.037992,0,1,0,0,0,6.561030666,0.402359478,11,0,0,1,0,0,0,0,0,1,0,0,0,0,0,1,0,0,0,1.94591,13.5,1,0,1,1,0,0
-0.0057,0.038014,0,1,0,0,0,6.561030666,0.402359478,11,0,0,0,0,0,1,0,0,1,0,0,0,0,0,1,0,0,0,1.94591,13.5,1,0,1,1,0,0
0.061089,0.037943,0,0,0,0,0,6.561030666,0.402359478,11,0,0,1,0,0,0,0,0,1,0,0,0,0,0,1,0,0,0,1.94591,13.5,1,0,1,1,0,0
0.067889,0.037927,0,0,0,0,0,6.561030666,0.402359478,11,0,0,0,0,0,1,0,0,1,0,0,0,0,0,1,0,0,0,1.94591,13.5,1,0,1,1,0,0
0.082212,0.037886,0,0,0,0,1,6.561030666,0.402359478,11,0,0,1,0,0,0,0,0,1,0,0,0,0,0,1,0,0,0,1.94591,13.5,1,0,1,1,0,0
-0.03419,0.037992,0,0,0,0,1,6.561030666,0.402359478,11,0,0,0,0,0,1,0,0,1,0,0,0,0,0,1,0,0,0,1.94591,13.5,1,0,1,1,0,0
-0.07845,0.037897,0,0,0,0,1,6.561030666,0.402359478,11,0,0,1,0,0,0,0,0,1,0,0,0,0,0,1,0,0,0,1.94591,13.5,1,0,1,1,0,0
0.017864,0.038008,0,0,0,0,1,6.561030666,0.402359478,11,0,0,0,0,0,1,0,0,1,0,0,0,0,0,1,0,0,0,1.94591,13.5,1,0,1,1,0,0
-0.25005,0.03621,0,0,1,0,0,6.579251212,0,12,0,0,0,0,0,0,1,0,1,0,0,0,0,0,1,0,0,0,2.484907,15,1,0,1,0,0.003,0
-0.38393,0.070818,0,1,0,0,0,5.176149733,0.23104906,11,0,1,1,0,0,0,0,0,1,0,0,0,0,0,1,0,0,0,2.302585,12,1,0,0,1,0.001,0
